user_id,course_name,country,device_type,avg_session_time_min,days_active_last_30,videos_watched,assignments_completed,activity_level,feedback_text,dropout
1,Web Development,India,mobile,165,27,44,6,low,i stopped understanding after few lessons,0
2,Cyber Security,USA,mobile,31,17,115,13,high,not enough support,0
3,AI,Canada,,17,20,64,17,medium,not enough support,1
4,Cyber Security,USA,desktop,137,24,2,29,medium,platform is good but i am losing interest,1
5,Cyber Security,UK,desktop,109,0,95,23,medium,too fast pace for beginners,1
6,Data Science,USA,,64,19,19,14,high,i was enjoying the course but now feeling lost,0
7,AI,,,57,9,80,12,low,initially motivated but now skipping videos,1
8,AI,,,141,25,36,18,medium,need more examples and practice,0
9,AI,USA,mobile,165,29,37,28,medium,i was enjoying the course but now feeling lost,0
10,Cyber Security,Germany,,142,18,112,21,high,i was enjoying the course but now feeling lost,0
11,Web Development,UK,mobile,25,16,73,1,low,lectures are boring and repetitive,1
12,AI,India,,122,0,106,6,low,great start but later became difficult,0
13,,USA,desktop,78,0,44,12,high,need more examples and practice,0
14,Cyber Security,India,desktop,57,16,92,3,medium,need more examples and practice,1
15,Data Science,UK,,71,14,41,5,low,too fast pace for beginners,0
16,Web Development,USA,,88,28,45,17,low,i stopped understanding after few lessons,0
17,,Germany,mobile,113,1,59,18,medium,platform is good but i am losing interest,0
18,,Canada,tablet,100,10,95,14,high,,0
19,Data Science,Germany,mobile,170,20,12,2,medium,initially motivated but now skipping videos,1
20,Web Development,Germany,desktop,170,1,30,19,,,0
21,Cyber Security,Canada,,47,19,67,16,low,platform is good but i am losing interest,0
22,Python,Canada,desktop,116,8,115,15,high,initially motivated but now skipping videos,0
23,Web Development,,tablet,172,18,61,12,medium,initially motivated but now skipping videos,0
24,Data Science,Canada,mobile,169,1,48,21,medium,platform is good but i am losing interest,0
25,,USA,desktop,131,15,17,26,high,lectures are boring and repetitive,0
26,Cyber Security,India,mobile,90,19,74,21,low,too fast pace for beginners,1
27,Web Development,,,111,8,105,19,high,initially motivated but now skipping videos,0
28,Python,,desktop,90,19,52,7,,i was enjoying the course but now feeling lost,1
29,Python,India,tablet,129,27,17,20,high,platform is good but i am losing interest,1
30,AI,,mobile,139,20,50,25,,not enough support,0
31,AI,Canada,mobile,135,3,40,13,low,not enough support,0
32,Data Science,Germany,tablet,12,28,100,3,medium,,0
33,Web Development,UK,desktop,166,23,96,6,,great start but later became difficult,0
34,Web Development,Canada,desktop,106,29,100,9,,i was enjoying the course but now feeling lost,1
35,,Germany,mobile,122,12,66,14,high,,0
36,,Germany,tablet,53,14,64,25,high,,1
37,,,mobile,160,19,82,15,medium,i stopped understanding after few lessons,1
38,AI,USA,mobile,100,1,5,7,low,content is good but explanations are confusing,1
39,Web Development,USA,,173,27,73,1,,too fast pace for beginners,0
40,Web Development,,desktop,179,19,36,28,medium,i stopped understanding after few lessons,0
41,Python,,desktop,37,17,11,16,,content is good but explanations are confusing,0
42,AI,India,,119,24,107,5,medium,not enough support,1
43,Cyber Security,India,desktop,59,26,80,15,high,i was enjoying the course but now feeling lost,0
44,AI,UK,desktop,54,29,90,1,high,,1
45,Cyber Security,UK,desktop,146,23,1,26,low,i stopped understanding after few lessons,0
46,Python,UK,tablet,1,8,52,23,high,platform is good but i am losing interest,0
47,Data Science,UK,,149,19,24,28,medium,,0
48,Web Development,Germany,mobile,28,0,109,20,,,0
49,Python,Germany,tablet,112,2,107,17,medium,platform is good but i am losing interest,0
50,Web Development,India,mobile,16,22,27,10,low,platform is good but i am losing interest,0
51,,USA,,176,16,44,11,high,too fast pace for beginners,0
52,Data Science,,,28,10,36,4,high,i was enjoying the course but now feeling lost,1
53,Data Science,USA,,150,23,100,1,,i was enjoying the course but now feeling lost,0
54,Python,Canada,desktop,112,24,16,21,low,too fast pace for beginners,1
55,Data Science,Germany,tablet,129,7,68,23,low,not enough support,1
56,Cyber Security,UK,,116,20,55,17,high,need more examples and practice,0
57,Data Science,UK,mobile,170,11,57,21,low,i stopped understanding after few lessons,0
58,Web Development,Canada,desktop,98,10,82,5,medium,,0
59,Web Development,USA,desktop,70,29,3,0,low,need more examples and practice,0
60,Web Development,UK,tablet,92,27,102,8,medium,great start but later became difficult,1
61,Web Development,USA,tablet,3,12,54,14,medium,need more examples and practice,1
62,Cyber Security,,tablet,81,14,48,27,medium,content is good but explanations are confusing,0
63,AI,Canada,desktop,44,24,106,7,high,need more examples and practice,1
64,,USA,,155,19,37,27,medium,platform is good but i am losing interest,0
65,Python,,mobile,179,24,44,13,,not enough support,0
66,Web Development,USA,,24,16,107,3,low,,0
67,Data Science,USA,mobile,148,11,29,6,medium,lectures are boring and repetitive,0
68,Web Development,UK,,160,26,95,19,,too fast pace for beginners,0
69,Data Science,India,tablet,99,18,36,7,high,great start but later became difficult,0
70,,Germany,mobile,141,19,55,9,high,platform is good but i am losing interest,0
71,,USA,desktop,112,10,26,17,high,need more examples and practice,0
72,,USA,mobile,171,9,31,17,high,need more examples and practice,1
73,Data Science,USA,desktop,148,16,105,18,low,,0
74,Web Development,India,,123,27,10,29,high,great start but later became difficult,0
75,,,tablet,112,21,104,3,low,initially motivated but now skipping videos,0
76,Cyber Security,Canada,mobile,130,12,57,26,,content is good but explanations are confusing,0
77,Data Science,UK,desktop,68,15,76,12,high,initially motivated but now skipping videos,1
78,Data Science,India,,91,19,34,5,high,initially motivated but now skipping videos,1
79,Web Development,,tablet,60,19,16,20,,content is good but explanations are confusing,0
80,Data Science,USA,tablet,132,16,29,25,,,1
81,Data Science,,tablet,124,4,17,12,low,not enough support,0
82,,India,,96,8,100,25,medium,i was enjoying the course but now feeling lost,0
83,Web Development,India,,145,21,111,22,low,initially motivated but now skipping videos,1
84,,India,,129,23,29,21,medium,lectures are boring and repetitive,0
85,,Canada,tablet,33,26,89,29,low,great start but later became difficult,1
86,Web Development,Germany,mobile,30,3,118,15,medium,,1
87,Python,UK,desktop,5,8,15,19,high,content is good but explanations are confusing,0
88,,Canada,,118,15,74,26,medium,lectures are boring and repetitive,0
89,Cyber Security,Canada,mobile,140,6,53,9,,need more examples and practice,0
90,Cyber Security,Germany,desktop,160,13,3,8,,lectures are boring and repetitive,1
91,Data Science,Canada,tablet,38,13,104,6,medium,too fast pace for beginners,1
92,Cyber Security,India,mobile,17,6,14,16,high,too fast pace for beginners,1
93,Data Science,India,tablet,109,23,75,23,high,,0
94,Python,,desktop,40,15,26,19,medium,great start but later became difficult,1
95,Web Development,USA,,152,17,111,6,medium,content is good but explanations are confusing,1
96,Web Development,Canada,tablet,140,27,3,26,,too fast pace for beginners,0
97,Web Development,USA,mobile,111,5,34,1,,great start but later became difficult,0
98,Cyber Security,UK,,128,6,84,27,low,platform is good but i am losing interest,0
99,Python,India,mobile,95,18,62,18,high,i was enjoying the course but now feeling lost,1
100,Cyber Security,,desktop,147,7,99,0,high,initially motivated but now skipping videos,0
101,Cyber Security,UK,desktop,29,0,65,1,high,content is good but explanations are confusing,0
102,Python,,,145,16,114,26,low,initially motivated but now skipping videos,0
103,Python,Germany,mobile,73,25,38,4,low,lectures are boring and repetitive,1
104,Python,India,mobile,21,18,27,17,,need more examples and practice,1
105,Python,UK,mobile,60,21,33,28,,great start but later became difficult,1
106,Web Development,Germany,mobile,98,6,32,5,medium,initially motivated but now skipping videos,0
107,AI,UK,desktop,75,17,49,5,low,,1
108,AI,,mobile,119,29,59,21,low,initially motivated but now skipping videos,0
109,Python,Germany,desktop,148,5,71,27,low,content is good but explanations are confusing,1
110,AI,Germany,mobile,113,27,71,26,high,lectures are boring and repetitive,0
111,AI,India,mobile,114,20,41,15,,too fast pace for beginners,1
112,Python,USA,tablet,103,5,113,15,medium,lectures are boring and repetitive,0
113,AI,,tablet,80,0,85,29,low,too fast pace for beginners,1
114,Cyber Security,,mobile,63,29,90,2,low,content is good but explanations are confusing,0
115,Data Science,Germany,desktop,57,9,27,26,low,need more examples and practice,0
116,Data Science,Germany,mobile,29,22,74,2,high,i stopped understanding after few lessons,0
117,Python,India,tablet,129,7,26,25,medium,initially motivated but now skipping videos,0
118,Web Development,USA,mobile,124,29,118,22,medium,platform is good but i am losing interest,0
119,Python,,tablet,59,6,0,28,low,i stopped understanding after few lessons,0
120,Web Development,Canada,mobile,86,8,102,28,medium,i was enjoying the course but now feeling lost,0
121,Data Science,Canada,,71,0,91,3,high,,1
122,Python,USA,mobile,89,25,90,5,low,lectures are boring and repetitive,1
123,,UK,desktop,98,24,7,27,,,0
124,Cyber Security,India,tablet,44,10,45,23,,,0
125,AI,USA,,176,26,23,2,medium,initially motivated but now skipping videos,0
126,Web Development,Canada,tablet,116,28,114,24,,not enough support,0
127,,Germany,tablet,75,2,39,8,,too fast pace for beginners,1
128,AI,Canada,desktop,143,17,50,2,low,,0
129,AI,Germany,mobile,163,5,117,5,high,,0
130,Python,India,desktop,23,10,99,20,low,initially motivated but now skipping videos,0
131,AI,Germany,mobile,45,4,118,19,high,need more examples and practice,1
132,Cyber Security,USA,,92,19,23,23,low,i was enjoying the course but now feeling lost,1
133,,Germany,desktop,13,3,105,25,,i stopped understanding after few lessons,0
134,AI,UK,desktop,34,7,21,8,low,too fast pace for beginners,1
135,Python,USA,tablet,166,9,73,14,medium,i stopped understanding after few lessons,0
136,Cyber Security,India,desktop,70,28,67,27,medium,content is good but explanations are confusing,0
137,Data Science,USA,mobile,108,2,7,8,high,content is good but explanations are confusing,1
138,,UK,desktop,133,12,102,4,high,content is good but explanations are confusing,1
139,AI,India,desktop,126,16,57,20,high,too fast pace for beginners,0
140,Python,Canada,,168,4,14,26,medium,platform is good but i am losing interest,0
141,Data Science,UK,mobile,21,7,7,15,low,initially motivated but now skipping videos,0
142,Data Science,India,tablet,156,18,92,2,,i stopped understanding after few lessons,1
143,Web Development,Germany,mobile,131,17,41,8,high,i stopped understanding after few lessons,1
144,Cyber Security,USA,,23,0,38,16,low,too fast pace for beginners,0
145,AI,India,mobile,19,28,114,27,low,platform is good but i am losing interest,1
146,Python,USA,mobile,50,3,34,2,medium,,0
147,Web Development,Germany,desktop,20,26,40,6,medium,not enough support,0
148,Cyber Security,India,desktop,116,17,47,6,,i was enjoying the course but now feeling lost,0
149,Web Development,Canada,mobile,92,13,77,20,low,lectures are boring and repetitive,0
150,,UK,mobile,93,23,95,5,high,i stopped understanding after few lessons,0
151,Cyber Security,India,tablet,83,10,70,19,medium,need more examples and practice,0
152,Cyber Security,Germany,,53,28,43,7,low,great start but later became difficult,0
153,AI,India,desktop,123,25,96,3,medium,too fast pace for beginners,0
154,Cyber Security,USA,desktop,85,27,111,25,low,initially motivated but now skipping videos,0
155,Web Development,,desktop,82,8,34,14,medium,,0
156,Cyber Security,India,desktop,9,12,26,5,high,,0
157,AI,Canada,mobile,4,25,64,15,,i stopped understanding after few lessons,0
158,AI,India,mobile,169,16,69,4,high,i stopped understanding after few lessons,0
159,,UK,tablet,25,14,65,11,medium,not enough support,1
160,Web Development,India,desktop,34,1,70,13,medium,need more examples and practice,0
161,Data Science,,desktop,73,5,71,25,medium,platform is good but i am losing interest,0
162,Data Science,USA,mobile,137,28,62,5,high,,1
163,Cyber Security,India,tablet,82,25,108,2,medium,i stopped understanding after few lessons,0
164,,Canada,mobile,141,27,92,28,high,content is good but explanations are confusing,0
165,Python,Germany,desktop,137,6,79,18,medium,i was enjoying the course but now feeling lost,0
166,Cyber Security,India,desktop,4,1,28,9,,not enough support,0
167,,India,,162,23,30,6,,i stopped understanding after few lessons,1
168,Web Development,UK,,7,12,63,12,medium,need more examples and practice,0
169,Web Development,Canada,,15,9,85,0,low,initially motivated but now skipping videos,0
170,Web Development,,tablet,38,15,52,0,high,content is good but explanations are confusing,0
171,Web Development,Germany,mobile,91,8,73,16,medium,,0
172,Web Development,USA,desktop,52,7,67,21,high,i stopped understanding after few lessons,0
173,,India,desktop,81,24,24,3,low,i stopped understanding after few lessons,0
174,,,tablet,100,14,119,13,,not enough support,0
175,AI,Germany,desktop,7,21,116,5,high,initially motivated but now skipping videos,1
176,Data Science,USA,desktop,107,26,12,29,high,content is good but explanations are confusing,0
177,Web Development,,mobile,45,6,80,13,high,great start but later became difficult,0
178,Python,Canada,,59,21,39,14,high,initially motivated but now skipping videos,1
179,,Canada,,122,22,71,0,high,i stopped understanding after few lessons,1
180,Python,Germany,tablet,21,18,86,19,,need more examples and practice,0
181,Python,USA,,156,3,6,15,high,content is good but explanations are confusing,1
182,Python,Canada,,3,8,31,3,high,i was enjoying the course but now feeling lost,0
183,AI,Germany,tablet,142,18,23,1,,lectures are boring and repetitive,1
184,,Canada,tablet,2,1,0,0,medium,not enough support,0
185,Python,Canada,,29,27,110,12,medium,not enough support,1
186,Web Development,,mobile,146,28,46,15,high,need more examples and practice,0
187,Cyber Security,,tablet,37,26,50,7,,great start but later became difficult,1
188,Python,Canada,desktop,173,6,35,21,high,platform is good but i am losing interest,0
189,AI,UK,tablet,45,21,26,3,medium,i was enjoying the course but now feeling lost,1
190,,,desktop,152,18,69,1,,too fast pace for beginners,1
191,AI,USA,tablet,120,5,41,27,low,platform is good but i am losing interest,0
192,Python,Germany,tablet,46,14,94,12,,initially motivated but now skipping videos,0
193,,Germany,,140,6,75,4,medium,lectures are boring and repetitive,0
194,Cyber Security,USA,,53,5,89,24,,,0
195,Python,USA,,45,0,88,22,low,great start but later became difficult,1
196,AI,USA,mobile,32,27,67,19,,too fast pace for beginners,0
197,Data Science,USA,,18,13,69,20,high,great start but later became difficult,0
198,Web Development,India,,13,0,109,23,high,too fast pace for beginners,1
199,AI,Germany,tablet,132,24,12,26,medium,lectures are boring and repetitive,0
200,,India,tablet,23,5,24,12,,need more examples and practice,0
201,Python,Canada,mobile,62,27,94,4,medium,great start but later became difficult,0
202,Web Development,Canada,desktop,54,17,21,15,,initially motivated but now skipping videos,0
203,Python,Germany,tablet,69,26,116,27,medium,lectures are boring and repetitive,0
204,,Canada,tablet,168,16,98,5,,i stopped understanding after few lessons,0
205,Python,USA,desktop,14,26,20,15,high,content is good but explanations are confusing,0
206,Data Science,India,mobile,98,27,14,28,medium,great start but later became difficult,1
207,Web Development,USA,tablet,28,1,66,25,medium,i stopped understanding after few lessons,0
208,Web Development,Canada,,95,7,36,21,low,lectures are boring and repetitive,1
209,,,mobile,71,20,44,23,,not enough support,0
210,Data Science,India,desktop,67,22,25,12,high,content is good but explanations are confusing,0
211,AI,USA,desktop,157,22,110,10,high,content is good but explanations are confusing,0
212,Python,Germany,,100,1,80,20,high,lectures are boring and repetitive,0
213,Cyber Security,USA,,61,15,101,0,medium,need more examples and practice,1
214,Python,,,103,3,54,3,high,i was enjoying the course but now feeling lost,1
215,Python,Canada,mobile,137,1,49,2,medium,not enough support,0
216,AI,India,desktop,119,22,34,17,low,great start but later became difficult,1
217,Python,Germany,,17,4,40,22,high,lectures are boring and repetitive,0
218,Data Science,India,,49,16,71,15,low,initially motivated but now skipping videos,0
219,Data Science,Germany,desktop,78,1,115,12,,not enough support,0
220,Web Development,India,tablet,46,21,10,12,,need more examples and practice,1
221,,Canada,mobile,93,13,87,6,low,i was enjoying the course but now feeling lost,0
222,Cyber Security,Germany,tablet,121,19,106,23,,initially motivated but now skipping videos,0
223,Python,UK,,13,6,7,14,high,lectures are boring and repetitive,1
224,Python,India,mobile,45,14,53,25,high,i stopped understanding after few lessons,1
225,AI,India,tablet,17,17,93,14,medium,not enough support,1
226,,USA,desktop,47,12,0,4,low,,0
227,Data Science,Germany,,62,11,97,16,low,not enough support,0
228,Cyber Security,,mobile,178,1,19,21,medium,content is good but explanations are confusing,1
229,Web Development,UK,mobile,43,11,99,21,high,need more examples and practice,0
230,Data Science,Canada,mobile,68,5,33,10,low,initially motivated but now skipping videos,1
231,,USA,mobile,124,23,56,23,medium,not enough support,0
232,Web Development,UK,,109,28,97,12,low,lectures are boring and repetitive,1
233,AI,Germany,,28,0,12,9,low,platform is good but i am losing interest,1
234,AI,UK,desktop,173,20,53,14,medium,content is good but explanations are confusing,1
235,Python,India,desktop,169,0,52,1,low,initially motivated but now skipping videos,0
236,,India,desktop,94,14,51,10,,i was enjoying the course but now feeling lost,1
237,Cyber Security,USA,tablet,118,26,5,24,medium,too fast pace for beginners,0
238,Web Development,Germany,desktop,164,15,35,10,medium,lectures are boring and repetitive,0
239,Data Science,Germany,,91,21,24,28,,need more examples and practice,0
240,,UK,tablet,84,6,90,21,low,initially motivated but now skipping videos,0
241,,USA,,33,21,57,0,,i stopped understanding after few lessons,0
242,AI,Germany,tablet,25,13,110,24,low,initially motivated but now skipping videos,1
243,Python,,desktop,19,28,54,7,high,i stopped understanding after few lessons,0
244,Python,,desktop,175,24,94,25,,content is good but explanations are confusing,0
245,Web Development,India,desktop,106,18,2,16,,i was enjoying the course but now feeling lost,1
246,AI,UK,tablet,33,23,27,7,,need more examples and practice,0
247,,Canada,,67,18,67,12,high,i was enjoying the course but now feeling lost,0
248,Cyber Security,India,mobile,142,26,80,22,low,content is good but explanations are confusing,0
249,AI,USA,,161,27,37,4,high,initially motivated but now skipping videos,0
250,Web Development,Germany,desktop,42,28,33,28,,need more examples and practice,0
251,Web Development,India,tablet,95,28,83,5,high,not enough support,0
252,AI,Canada,tablet,47,22,12,19,,too fast pace for beginners,0
253,Web Development,Canada,desktop,35,29,110,24,medium,,1
254,AI,,tablet,117,12,4,24,low,,1
255,Data Science,USA,desktop,160,20,59,28,,platform is good but i am losing interest,0
256,AI,India,,76,11,87,25,high,lectures are boring and repetitive,0
257,AI,UK,tablet,179,28,114,13,high,,0
258,Web Development,India,mobile,142,0,101,16,high,too fast pace for beginners,0
259,Web Development,,tablet,146,26,16,15,low,not enough support,1
260,Python,Canada,desktop,128,11,56,27,medium,great start but later became difficult,0
261,Python,USA,mobile,55,3,30,8,low,great start but later became difficult,1
262,Data Science,USA,desktop,98,29,91,18,medium,great start but later became difficult,0
263,Python,UK,tablet,108,28,64,27,high,i stopped understanding after few lessons,0
264,AI,USA,mobile,49,26,65,1,low,lectures are boring and repetitive,0
265,Web Development,,mobile,113,14,32,3,medium,too fast pace for beginners,0
266,Python,,tablet,134,24,103,19,high,i stopped understanding after few lessons,1
267,Python,,mobile,70,15,92,8,high,too fast pace for beginners,1
268,Data Science,USA,,86,14,3,3,low,too fast pace for beginners,0
269,,USA,mobile,136,7,81,4,medium,i was enjoying the course but now feeling lost,0
270,Data Science,,mobile,143,18,54,5,high,initially motivated but now skipping videos,0
271,AI,USA,,154,14,23,19,high,too fast pace for beginners,0
272,Web Development,USA,desktop,39,17,31,0,high,i was enjoying the course but now feeling lost,0
273,Data Science,Canada,desktop,131,10,72,12,,platform is good but i am losing interest,1
274,Python,India,,10,8,46,17,medium,,1
275,Web Development,Germany,mobile,3,0,15,2,medium,i stopped understanding after few lessons,0
276,Web Development,USA,tablet,46,8,20,19,,platform is good but i am losing interest,0
277,Python,Germany,,150,27,93,4,high,content is good but explanations are confusing,1
278,Data Science,Germany,tablet,67,22,66,12,,content is good but explanations are confusing,0
279,Python,Canada,desktop,97,11,96,9,,i stopped understanding after few lessons,0
280,,USA,,19,1,30,25,,i stopped understanding after few lessons,0
281,Web Development,,tablet,62,10,119,2,medium,initially motivated but now skipping videos,0
282,Cyber Security,Germany,mobile,98,20,108,10,high,,0
283,Cyber Security,USA,,57,13,13,0,high,i was enjoying the course but now feeling lost,0
284,AI,UK,tablet,95,1,5,26,medium,initially motivated but now skipping videos,0
285,Python,,,107,14,68,26,medium,not enough support,1
286,Python,UK,,88,20,28,14,,content is good but explanations are confusing,0
287,AI,UK,desktop,141,22,54,23,,initially motivated but now skipping videos,0
288,AI,Germany,desktop,144,20,36,23,low,not enough support,1
289,AI,UK,mobile,144,17,58,28,low,not enough support,1
290,Web Development,Canada,desktop,115,26,35,3,medium,lectures are boring and repetitive,0
291,,Canada,desktop,119,13,84,14,,too fast pace for beginners,1
292,Python,Germany,desktop,52,20,75,6,medium,i stopped understanding after few lessons,0
293,Web Development,USA,tablet,41,27,109,14,,initially motivated but now skipping videos,1
294,AI,India,,48,11,58,3,,lectures are boring and repetitive,1
295,Python,USA,desktop,91,9,86,29,medium,platform is good but i am losing interest,1
296,Web Development,USA,tablet,39,13,77,2,medium,platform is good but i am losing interest,1
297,,USA,,13,21,63,22,high,lectures are boring and repetitive,1
298,Web Development,USA,desktop,132,14,42,13,high,i was enjoying the course but now feeling lost,0
299,,,desktop,96,4,117,5,low,lectures are boring and repetitive,0
300,AI,India,,109,1,41,0,medium,not enough support,0
301,,,tablet,104,21,73,8,low,too fast pace for beginners,1
302,Python,UK,tablet,98,5,59,11,medium,initially motivated but now skipping videos,0
303,AI,USA,mobile,43,11,61,17,medium,initially motivated but now skipping videos,1
304,Python,Canada,,88,1,63,28,medium,not enough support,0
305,Cyber Security,Germany,mobile,93,28,90,2,high,i stopped understanding after few lessons,1
306,Data Science,Germany,tablet,174,28,104,20,low,too fast pace for beginners,1
307,,,desktop,126,3,57,18,medium,i was enjoying the course but now feeling lost,0
308,Data Science,,mobile,109,6,1,2,low,great start but later became difficult,1
309,Data Science,Canada,tablet,47,15,77,23,low,need more examples and practice,0
310,,USA,tablet,92,0,70,13,high,initially motivated but now skipping videos,1
311,AI,India,desktop,153,0,80,3,high,need more examples and practice,1
312,Cyber Security,UK,,41,13,119,12,medium,i stopped understanding after few lessons,0
313,Python,Germany,tablet,3,10,83,12,,need more examples and practice,0
314,Web Development,UK,mobile,121,11,7,25,low,too fast pace for beginners,0
315,Python,India,desktop,77,10,55,1,high,need more examples and practice,0
316,Web Development,,,95,5,83,20,low,lectures are boring and repetitive,0
317,Python,Germany,,13,22,35,1,,platform is good but i am losing interest,0
318,,UK,,105,11,68,9,low,initially motivated but now skipping videos,0
319,Cyber Security,,tablet,18,20,12,10,medium,i was enjoying the course but now feeling lost,0
320,Web Development,India,,37,11,38,27,low,need more examples and practice,1
321,AI,UK,tablet,171,9,101,23,high,,0
322,Python,USA,desktop,162,7,80,14,medium,too fast pace for beginners,1
323,Python,,desktop,55,26,5,2,medium,,0
324,Web Development,India,,52,19,18,13,,initially motivated but now skipping videos,1
325,AI,UK,desktop,36,18,24,17,medium,content is good but explanations are confusing,1
326,AI,USA,mobile,114,6,2,18,high,great start but later became difficult,0
327,,USA,mobile,52,13,104,18,,initially motivated but now skipping videos,0
328,,India,tablet,19,3,52,0,medium,great start but later became difficult,0
329,,Canada,,140,0,27,18,,great start but later became difficult,0
330,,Germany,tablet,92,26,25,2,low,initially motivated but now skipping videos,0
331,,India,desktop,139,7,46,19,medium,initially motivated but now skipping videos,0
332,,USA,,48,4,7,28,high,platform is good but i am losing interest,0
333,Cyber Security,USA,tablet,101,28,56,7,high,too fast pace for beginners,1
334,AI,India,,99,7,54,24,medium,need more examples and practice,1
335,,Canada,,144,7,78,16,low,i was enjoying the course but now feeling lost,0
336,AI,Germany,tablet,47,27,0,0,,i stopped understanding after few lessons,0
337,AI,UK,,67,20,39,5,high,content is good but explanations are confusing,0
338,Data Science,India,desktop,31,23,22,16,high,too fast pace for beginners,1
339,Cyber Security,Germany,mobile,76,6,99,27,,,1
340,,Germany,mobile,8,28,53,20,,lectures are boring and repetitive,0
341,Python,,,44,18,41,29,high,i stopped understanding after few lessons,1
342,Web Development,USA,mobile,178,3,79,27,,i was enjoying the course but now feeling lost,1
343,Python,UK,,35,26,49,0,medium,initially motivated but now skipping videos,0
344,Cyber Security,India,tablet,14,27,3,12,high,too fast pace for beginners,1
345,Web Development,USA,desktop,110,28,7,23,high,content is good but explanations are confusing,0
346,Cyber Security,,mobile,4,22,35,11,high,i stopped understanding after few lessons,0
347,AI,,tablet,145,19,9,4,medium,i stopped understanding after few lessons,0
348,Web Development,USA,desktop,112,5,115,21,high,too fast pace for beginners,0
349,AI,Canada,mobile,69,11,29,19,,initially motivated but now skipping videos,1
350,Python,Germany,mobile,152,17,99,12,high,initially motivated but now skipping videos,1
351,Python,India,desktop,49,11,15,7,medium,need more examples and practice,0
352,Web Development,India,tablet,55,17,29,11,medium,not enough support,0
353,Web Development,India,tablet,151,2,63,24,low,great start but later became difficult,0
354,,USA,mobile,81,9,107,8,high,,0
355,Cyber Security,Canada,desktop,140,6,73,16,medium,platform is good but i am losing interest,1
356,,UK,tablet,139,2,10,13,low,great start but later became difficult,0
357,Cyber Security,,desktop,115,27,33,6,high,content is good but explanations are confusing,0
358,,USA,desktop,75,18,79,3,medium,too fast pace for beginners,0
359,AI,UK,mobile,98,12,54,28,medium,lectures are boring and repetitive,0
360,Web Development,,desktop,127,29,82,28,high,i was enjoying the course but now feeling lost,1
361,Python,,desktop,111,3,107,25,high,need more examples and practice,0
362,Cyber Security,Canada,,101,9,3,26,low,great start but later became difficult,0
363,Cyber Security,Germany,desktop,114,5,48,23,high,lectures are boring and repetitive,1
364,Python,India,tablet,29,0,43,6,high,initially motivated but now skipping videos,0
365,,UK,mobile,62,5,30,16,,not enough support,1
366,Cyber Security,USA,mobile,53,7,47,16,high,initially motivated but now skipping videos,0
367,AI,UK,desktop,117,27,98,0,medium,need more examples and practice,1
368,Web Development,Germany,desktop,176,14,97,1,low,need more examples and practice,0
369,Python,India,tablet,91,7,25,25,low,too fast pace for beginners,0
370,Web Development,UK,,106,21,102,17,low,platform is good but i am losing interest,0
371,Cyber Security,Germany,mobile,86,5,69,8,medium,too fast pace for beginners,0
372,Cyber Security,USA,,128,28,96,4,high,not enough support,1
373,Python,Canada,tablet,100,18,110,0,medium,need more examples and practice,0
374,AI,,mobile,176,13,90,6,,great start but later became difficult,1
375,Data Science,USA,tablet,94,1,11,25,low,platform is good but i am losing interest,1
376,Python,India,desktop,76,6,44,1,high,,0
377,Data Science,,tablet,3,7,7,2,high,platform is good but i am losing interest,1
378,,USA,desktop,81,9,8,3,low,,0
379,Data Science,USA,,105,12,0,2,,i was enjoying the course but now feeling lost,1
380,AI,USA,mobile,32,29,4,18,,i was enjoying the course but now feeling lost,1
381,,USA,mobile,8,21,70,24,high,too fast pace for beginners,0
382,Data Science,,,87,20,81,11,medium,great start but later became difficult,0
383,,India,desktop,30,19,53,14,low,too fast pace for beginners,1
384,Data Science,Germany,mobile,143,0,103,3,medium,too fast pace for beginners,0
385,AI,UK,tablet,74,8,23,23,high,i stopped understanding after few lessons,0
386,Data Science,Canada,desktop,123,26,25,0,low,need more examples and practice,0
387,Data Science,UK,mobile,121,9,9,15,,i was enjoying the course but now feeling lost,0
388,Data Science,UK,tablet,38,19,60,28,,i stopped understanding after few lessons,0
389,Python,Canada,tablet,143,1,39,5,,i stopped understanding after few lessons,1
390,Python,,mobile,158,19,43,16,high,need more examples and practice,0
391,Python,India,,174,28,111,4,,great start but later became difficult,1
392,AI,Canada,,154,10,11,22,low,i stopped understanding after few lessons,1
393,,India,mobile,115,4,117,12,low,need more examples and practice,1
394,Cyber Security,,tablet,109,17,21,11,low,,0
395,Data Science,UK,,78,6,26,0,low,too fast pace for beginners,0
396,Data Science,India,,36,2,66,24,,not enough support,1
397,AI,,,90,29,81,11,low,great start but later became difficult,0
398,Data Science,,desktop,159,15,68,26,high,platform is good but i am losing interest,0
399,Python,Germany,,40,14,13,24,low,lectures are boring and repetitive,0
400,Cyber Security,Canada,mobile,74,7,24,21,,i stopped understanding after few lessons,0
401,Web Development,Germany,mobile,46,19,51,29,,i stopped understanding after few lessons,1
402,Data Science,UK,desktop,107,27,94,1,medium,i was enjoying the course but now feeling lost,0
403,Python,Canada,desktop,170,26,84,17,low,lectures are boring and repetitive,0
404,Web Development,UK,mobile,146,4,111,8,,too fast pace for beginners,1
405,Cyber Security,Germany,desktop,100,2,117,15,medium,too fast pace for beginners,1
406,Web Development,,,164,28,58,28,high,i was enjoying the course but now feeling lost,0
407,Python,UK,tablet,178,26,37,29,low,great start but later became difficult,0
408,,Canada,tablet,61,4,111,29,,platform is good but i am losing interest,1
409,,Canada,tablet,168,8,19,19,,too fast pace for beginners,0
410,Web Development,UK,mobile,3,26,77,14,low,great start but later became difficult,0
411,AI,Canada,desktop,82,15,19,21,medium,platform is good but i am losing interest,0
412,Web Development,,tablet,7,28,55,28,low,too fast pace for beginners,1
413,Data Science,,,31,13,100,9,high,platform is good but i am losing interest,1
414,Data Science,Canada,,65,17,109,1,high,,0
415,,UK,,95,6,29,3,low,content is good but explanations are confusing,1
416,AI,Germany,desktop,64,14,106,17,medium,too fast pace for beginners,1
417,Python,Canada,tablet,77,25,116,18,high,,1
418,Data Science,Canada,,3,7,40,17,low,i stopped understanding after few lessons,1
419,,Canada,desktop,93,2,83,13,medium,great start but later became difficult,1
420,Cyber Security,Canada,,35,10,70,7,medium,,0
421,,UK,tablet,15,19,62,4,,platform is good but i am losing interest,0
422,Data Science,Germany,tablet,21,28,68,4,high,i was enjoying the course but now feeling lost,1
423,Data Science,Germany,tablet,62,26,94,7,low,platform is good but i am losing interest,1
424,,India,tablet,83,25,28,10,high,not enough support,1
425,Python,Canada,tablet,156,17,78,23,medium,initially motivated but now skipping videos,0
426,Web Development,Canada,,4,14,88,28,,i stopped understanding after few lessons,1
427,Data Science,India,tablet,141,9,76,22,high,,0
428,,Germany,,179,28,43,20,low,lectures are boring and repetitive,1
429,,USA,tablet,176,24,87,6,high,not enough support,0
430,AI,,,167,2,78,12,medium,initially motivated but now skipping videos,1
431,Web Development,USA,tablet,67,14,87,16,,initially motivated but now skipping videos,0
432,Cyber Security,Germany,,94,24,89,18,high,initially motivated but now skipping videos,1
433,Python,Canada,tablet,58,28,82,2,medium,need more examples and practice,0
434,Cyber Security,USA,desktop,130,22,56,1,medium,not enough support,0
435,Web Development,UK,,25,5,23,5,,need more examples and practice,1
436,Web Development,UK,desktop,11,10,18,18,medium,not enough support,1
437,Web Development,India,,1,27,105,14,high,i stopped understanding after few lessons,0
438,Cyber Security,Germany,,48,10,16,3,low,platform is good but i am losing interest,1
439,Web Development,Germany,,113,18,111,18,,need more examples and practice,0
440,,USA,mobile,176,26,68,6,medium,lectures are boring and repetitive,1
441,Cyber Security,Canada,tablet,138,22,60,19,high,content is good but explanations are confusing,0
442,Web Development,Germany,desktop,81,26,3,20,,platform is good but i am losing interest,0
443,,USA,desktop,30,29,119,13,medium,lectures are boring and repetitive,1
444,AI,USA,,163,2,21,6,high,need more examples and practice,0
445,Web Development,,desktop,114,12,73,19,medium,lectures are boring and repetitive,0
446,Cyber Security,,desktop,19,26,84,13,high,initially motivated but now skipping videos,1
447,Data Science,Germany,desktop,110,21,88,21,medium,great start but later became difficult,0
448,Web Development,USA,desktop,34,7,5,24,,i stopped understanding after few lessons,0
449,Data Science,India,mobile,32,20,29,21,,not enough support,0
450,,India,,76,10,92,4,,,1
451,AI,,desktop,126,10,74,14,medium,too fast pace for beginners,0
452,Python,Germany,mobile,134,12,10,11,medium,,0
453,AI,Canada,mobile,141,2,47,29,,great start but later became difficult,0
454,Web Development,India,,86,5,45,28,,content is good but explanations are confusing,0
455,Data Science,India,tablet,75,23,26,16,low,not enough support,0
456,Data Science,,tablet,135,9,18,23,high,too fast pace for beginners,1
457,Cyber Security,,tablet,45,18,85,20,low,i was enjoying the course but now feeling lost,0
458,Data Science,Germany,desktop,173,11,91,4,high,,1
459,Cyber Security,,,65,28,58,18,medium,i was enjoying the course but now feeling lost,1
460,,UK,tablet,94,13,67,9,high,content is good but explanations are confusing,0
461,Python,USA,desktop,19,10,100,11,high,i was enjoying the course but now feeling lost,0
462,Web Development,India,,119,26,53,1,medium,content is good but explanations are confusing,1
463,Cyber Security,UK,desktop,47,20,82,16,medium,i was enjoying the course but now feeling lost,1
464,Python,Canada,tablet,46,24,16,24,medium,too fast pace for beginners,1
465,Data Science,UK,tablet,29,29,49,4,,platform is good but i am losing interest,0
466,Data Science,Germany,mobile,100,29,39,25,,platform is good but i am losing interest,1
467,Python,Canada,mobile,65,25,99,27,high,need more examples and practice,1
468,Data Science,Canada,,151,9,86,14,medium,platform is good but i am losing interest,0
469,,,desktop,128,2,113,19,,i stopped understanding after few lessons,0
470,,UK,desktop,51,12,91,22,medium,need more examples and practice,1
471,Python,Germany,tablet,22,27,10,12,high,,0
472,Cyber Security,India,tablet,110,26,13,19,,initially motivated but now skipping videos,1
473,Cyber Security,,,71,17,12,10,,i stopped understanding after few lessons,1
474,Python,UK,mobile,33,26,87,17,low,i stopped understanding after few lessons,0
475,Cyber Security,India,tablet,127,12,79,8,high,content is good but explanations are confusing,1
476,Cyber Security,UK,desktop,109,29,27,15,,not enough support,0
477,,,tablet,100,23,93,23,high,platform is good but i am losing interest,0
478,Cyber Security,India,mobile,44,13,43,27,high,platform is good but i am losing interest,1
479,AI,,desktop,7,29,104,14,medium,i was enjoying the course but now feeling lost,0
480,Web Development,UK,mobile,128,13,62,3,high,i stopped understanding after few lessons,0
481,Data Science,Canada,,91,6,102,23,low,platform is good but i am losing interest,0
482,AI,USA,,130,11,105,11,,i stopped understanding after few lessons,0
483,Cyber Security,Canada,mobile,17,24,60,12,high,content is good but explanations are confusing,0
484,,,desktop,65,3,90,8,high,content is good but explanations are confusing,0
485,Python,,mobile,110,15,16,14,medium,not enough support,0
486,Cyber Security,,tablet,30,18,49,17,medium,platform is good but i am losing interest,0
487,,India,tablet,92,9,25,19,low,,0
488,Web Development,Germany,mobile,154,15,6,26,high,i stopped understanding after few lessons,0
489,Cyber Security,,tablet,163,4,98,21,high,i was enjoying the course but now feeling lost,0
490,Python,Canada,mobile,75,26,78,6,high,i was enjoying the course but now feeling lost,0
491,,USA,tablet,156,15,15,20,high,i was enjoying the course but now feeling lost,0
492,,,mobile,153,0,84,25,,need more examples and practice,0
493,,,tablet,105,4,16,11,high,i was enjoying the course but now feeling lost,0
494,Web Development,,desktop,31,12,108,9,high,initially motivated but now skipping videos,0
495,Cyber Security,India,desktop,97,12,89,28,,platform is good but i am losing interest,0
496,Web Development,,tablet,51,2,34,6,medium,i stopped understanding after few lessons,0
497,Data Science,Canada,mobile,58,16,83,13,low,,0
498,Data Science,UK,tablet,34,18,83,26,high,platform is good but i am losing interest,0
499,Cyber Security,Germany,,21,4,22,14,,initially motivated but now skipping videos,0
500,Web Development,,,37,4,68,3,high,platform is good but i am losing interest,0
501,Python,India,mobile,64,14,8,7,medium,content is good but explanations are confusing,0
502,,Canada,tablet,147,9,86,18,,need more examples and practice,1
503,,,tablet,124,11,17,28,,great start but later became difficult,0
504,Cyber Security,India,desktop,101,23,92,18,,great start but later became difficult,0
505,Data Science,UK,mobile,119,10,74,4,high,too fast pace for beginners,0
506,Data Science,USA,,85,0,106,21,medium,not enough support,0
507,,,,78,22,47,2,low,content is good but explanations are confusing,0
508,Cyber Security,Canada,mobile,104,20,71,9,,,0
509,Web Development,India,,72,2,90,14,high,not enough support,0
510,Data Science,India,mobile,103,3,65,1,low,i was enjoying the course but now feeling lost,0
511,Web Development,,,77,18,22,20,,i was enjoying the course but now feeling lost,0
512,Data Science,India,,110,23,84,9,high,great start but later became difficult,1
513,Data Science,USA,mobile,19,19,9,21,low,platform is good but i am losing interest,0
514,AI,India,mobile,130,2,37,15,low,i was enjoying the course but now feeling lost,0
515,Data Science,Germany,,134,17,58,2,,not enough support,1
516,Python,Germany,,157,2,67,6,high,i stopped understanding after few lessons,0
517,Cyber Security,India,desktop,169,6,84,18,low,content is good but explanations are confusing,0
518,Cyber Security,,tablet,179,21,100,14,medium,need more examples and practice,0
519,Web Development,Germany,mobile,133,25,118,11,medium,platform is good but i am losing interest,0
520,Data Science,Canada,mobile,169,27,42,28,low,too fast pace for beginners,0
521,Python,Germany,tablet,62,28,11,1,,too fast pace for beginners,1
522,Web Development,India,desktop,158,20,111,29,,great start but later became difficult,1
523,AI,,,103,23,115,12,,platform is good but i am losing interest,0
524,Web Development,UK,,100,26,52,25,low,great start but later became difficult,0
525,Web Development,,desktop,155,0,109,19,,great start but later became difficult,0
526,Data Science,,desktop,178,18,13,18,,content is good but explanations are confusing,0
527,AI,,tablet,52,17,51,6,medium,,1
528,Web Development,Canada,tablet,49,1,83,23,high,i was enjoying the course but now feeling lost,0
529,Python,USA,,100,27,110,2,medium,content is good but explanations are confusing,0
530,Python,India,desktop,126,26,71,5,low,lectures are boring and repetitive,0
531,Cyber Security,USA,desktop,118,11,90,0,medium,not enough support,1
532,AI,UK,,54,16,100,20,high,need more examples and practice,0
533,AI,USA,,119,20,60,1,medium,need more examples and practice,1
534,Cyber Security,India,,133,20,40,0,,lectures are boring and repetitive,1
535,Web Development,India,,137,2,20,28,high,content is good but explanations are confusing,0
536,AI,UK,,162,11,47,22,low,platform is good but i am losing interest,0
537,Python,India,tablet,98,27,55,25,medium,not enough support,0
538,Python,UK,,36,24,34,3,medium,i stopped understanding after few lessons,0
539,Data Science,UK,desktop,148,11,43,4,,initially motivated but now skipping videos,1
540,AI,India,mobile,81,5,38,1,high,i was enjoying the course but now feeling lost,1
541,Web Development,Germany,tablet,85,29,112,15,,platform is good but i am losing interest,0
542,Cyber Security,UK,desktop,83,9,14,7,medium,,0
543,Cyber Security,India,mobile,63,29,110,14,medium,,1
544,Web Development,Germany,tablet,67,21,11,10,high,,1
545,,UK,,158,25,116,28,medium,not enough support,1
546,Data Science,Germany,tablet,3,5,97,9,high,i was enjoying the course but now feeling lost,0
547,Cyber Security,Canada,,177,13,7,29,low,great start but later became difficult,0
548,AI,,,42,1,117,2,medium,,0
549,Data Science,Canada,,24,10,100,22,high,platform is good but i am losing interest,0
550,AI,Germany,mobile,44,14,93,10,high,too fast pace for beginners,1
551,Python,UK,tablet,129,25,66,16,,content is good but explanations are confusing,0
552,Data Science,India,,115,25,93,9,medium,not enough support,0
553,Cyber Security,USA,desktop,36,7,92,16,,need more examples and practice,1
554,Data Science,India,tablet,38,21,0,13,high,i stopped understanding after few lessons,0
555,Data Science,USA,desktop,172,12,79,22,low,i was enjoying the course but now feeling lost,1
556,Data Science,USA,mobile,82,29,41,0,low,need more examples and practice,0
557,,UK,mobile,175,18,30,27,medium,lectures are boring and repetitive,0
558,Data Science,Germany,tablet,29,9,73,24,low,lectures are boring and repetitive,1
559,AI,India,mobile,179,8,29,8,medium,i stopped understanding after few lessons,1
560,Python,Germany,mobile,41,17,42,23,medium,lectures are boring and repetitive,1
561,Web Development,Canada,tablet,88,6,25,23,high,content is good but explanations are confusing,1
562,Data Science,UK,desktop,48,2,11,14,high,lectures are boring and repetitive,1
563,Cyber Security,UK,,114,11,103,3,high,content is good but explanations are confusing,0
564,Data Science,Canada,tablet,22,14,58,19,,lectures are boring and repetitive,1
565,Cyber Security,India,tablet,99,21,68,20,high,platform is good but i am losing interest,0
566,AI,,,17,20,72,24,medium,great start but later became difficult,0
567,Cyber Security,Canada,desktop,86,12,10,2,high,i stopped understanding after few lessons,0
568,Web Development,India,,133,5,46,19,,i was enjoying the course but now feeling lost,1
569,Python,USA,,61,7,22,25,high,platform is good but i am losing interest,0
570,Cyber Security,UK,desktop,89,13,80,20,low,i was enjoying the course but now feeling lost,0
571,Cyber Security,India,desktop,134,2,42,6,medium,initially motivated but now skipping videos,1
572,Python,Germany,,81,15,76,20,low,great start but later became difficult,0
573,Web Development,Germany,,95,17,80,24,low,not enough support,1
574,Data Science,UK,tablet,145,23,86,21,,not enough support,1
575,Cyber Security,Canada,desktop,59,16,38,2,low,lectures are boring and repetitive,0
576,Python,,mobile,167,17,72,21,high,too fast pace for beginners,0
577,AI,Canada,desktop,54,9,81,21,medium,,0
578,Python,India,,126,16,54,14,low,need more examples and practice,0
579,AI,Canada,,176,15,17,27,low,,1
580,Web Development,UK,,165,20,93,9,medium,great start but later became difficult,0
581,Data Science,India,,48,23,41,15,high,platform is good but i am losing interest,1
582,Python,USA,mobile,68,1,107,16,low,i was enjoying the course but now feeling lost,1
583,,Canada,desktop,107,19,25,22,medium,need more examples and practice,0
584,Cyber Security,Canada,mobile,78,3,17,18,high,i stopped understanding after few lessons,1
585,Web Development,,mobile,77,10,84,0,high,great start but later became difficult,0
586,Python,India,,27,26,104,0,high,great start but later became difficult,0
587,Cyber Security,Germany,mobile,88,6,40,20,,i stopped understanding after few lessons,0
588,Python,Canada,,155,16,41,13,high,need more examples and practice,0
589,AI,UK,,72,24,32,25,high,i was enjoying the course but now feeling lost,1
590,Python,Canada,,47,18,42,25,medium,initially motivated but now skipping videos,0
591,,,mobile,103,5,13,1,,i stopped understanding after few lessons,0
592,Python,USA,,21,9,54,1,high,i stopped understanding after few lessons,1
593,Python,,mobile,115,29,57,27,low,too fast pace for beginners,1
594,,Canada,desktop,57,20,9,19,,i was enjoying the course but now feeling lost,0
595,Web Development,Germany,,105,3,27,9,medium,initially motivated but now skipping videos,1
596,Python,Canada,tablet,95,24,13,14,,need more examples and practice,0
597,,India,tablet,170,26,82,26,low,not enough support,1
598,Cyber Security,Canada,tablet,110,27,25,27,,lectures are boring and repetitive,1
599,AI,Germany,tablet,176,29,73,27,low,i was enjoying the course but now feeling lost,0
600,AI,India,tablet,27,24,16,14,high,initially motivated but now skipping videos,0
601,Python,UK,mobile,128,0,33,6,high,lectures are boring and repetitive,1
602,Web Development,India,desktop,161,6,117,7,,platform is good but i am losing interest,1
603,Web Development,,mobile,76,25,13,10,,platform is good but i am losing interest,0
604,Cyber Security,USA,,35,24,25,15,medium,initially motivated but now skipping videos,0
605,Python,,desktop,98,20,113,25,medium,too fast pace for beginners,0
606,AI,India,desktop,144,15,33,22,low,lectures are boring and repetitive,0
607,Web Development,UK,desktop,36,16,115,24,high,,0
608,Python,Canada,desktop,66,23,82,6,,need more examples and practice,0
609,Web Development,India,tablet,56,4,23,19,high,,0
610,,,,145,21,94,8,,initially motivated but now skipping videos,0
611,Web Development,India,desktop,148,22,103,24,low,need more examples and practice,1
612,AI,India,desktop,94,9,69,18,high,i was enjoying the course but now feeling lost,0
613,Data Science,India,tablet,106,6,19,25,medium,need more examples and practice,0
614,Cyber Security,UK,mobile,84,12,38,29,low,content is good but explanations are confusing,0
615,Cyber Security,Germany,mobile,136,29,44,23,high,great start but later became difficult,1
616,AI,Germany,mobile,146,27,33,0,low,content is good but explanations are confusing,0
617,Web Development,India,,18,6,21,17,,too fast pace for beginners,0
618,Python,UK,mobile,146,14,70,7,high,initially motivated but now skipping videos,1
619,Web Development,UK,desktop,125,16,32,28,high,not enough support,1
620,AI,India,tablet,2,22,5,7,high,great start but later became difficult,0
621,Cyber Security,,tablet,76,26,15,21,medium,platform is good but i am losing interest,0
622,Web Development,,mobile,179,2,71,7,low,initially motivated but now skipping videos,0
623,Cyber Security,USA,tablet,138,4,108,29,medium,,0
624,Python,India,desktop,142,9,22,13,medium,i was enjoying the course but now feeling lost,0
625,Cyber Security,USA,mobile,26,4,17,23,low,,0
626,Cyber Security,,desktop,47,23,13,1,low,too fast pace for beginners,0
627,Data Science,,,30,6,49,2,high,initially motivated but now skipping videos,0
628,Data Science,India,desktop,56,6,60,6,high,too fast pace for beginners,1
629,,USA,desktop,119,21,35,2,low,need more examples and practice,1
630,Data Science,USA,desktop,170,22,14,28,high,need more examples and practice,0
631,Cyber Security,India,desktop,132,13,4,14,,,1
632,AI,USA,,139,22,52,10,high,i was enjoying the course but now feeling lost,1
633,Cyber Security,Canada,mobile,152,14,109,1,low,need more examples and practice,0
634,AI,,desktop,165,4,47,21,medium,i stopped understanding after few lessons,0
635,AI,Germany,mobile,130,4,78,17,low,,0
636,Data Science,UK,tablet,140,3,10,13,low,lectures are boring and repetitive,1
637,Web Development,USA,desktop,21,29,1,17,medium,not enough support,0
638,Python,USA,desktop,68,19,86,26,,need more examples and practice,0
639,Data Science,UK,tablet,126,20,23,1,high,content is good but explanations are confusing,0
640,Data Science,USA,mobile,43,25,81,3,,need more examples and practice,1
641,Web Development,UK,,100,8,67,13,medium,great start but later became difficult,0
642,Python,India,desktop,123,29,78,6,,i stopped understanding after few lessons,0
643,Cyber Security,Canada,tablet,93,26,11,14,medium,initially motivated but now skipping videos,0
644,,Canada,tablet,140,11,58,5,low,lectures are boring and repetitive,0
645,,,desktop,129,15,66,4,,too fast pace for beginners,0
646,Cyber Security,Germany,mobile,161,21,31,19,high,content is good but explanations are confusing,0
647,Data Science,USA,mobile,116,7,35,17,high,content is good but explanations are confusing,0
648,Python,Germany,desktop,115,8,20,10,medium,i stopped understanding after few lessons,0
649,Data Science,India,tablet,142,11,111,7,low,great start but later became difficult,0
650,AI,Canada,desktop,119,29,69,28,,i was enjoying the course but now feeling lost,0
651,Data Science,India,,93,19,65,11,,i was enjoying the course but now feeling lost,0
652,Data Science,India,,142,27,117,17,medium,i stopped understanding after few lessons,0
653,Cyber Security,USA,mobile,9,28,8,14,,platform is good but i am losing interest,0
654,Cyber Security,India,,73,6,75,26,high,initially motivated but now skipping videos,0
655,Cyber Security,Canada,tablet,26,20,43,7,high,i was enjoying the course but now feeling lost,0
656,,Germany,,177,3,58,25,,too fast pace for beginners,1
657,AI,Canada,desktop,106,27,23,29,,,1
658,Cyber Security,USA,tablet,145,22,62,3,low,lectures are boring and repetitive,0
659,Python,Canada,mobile,68,2,77,27,low,too fast pace for beginners,0
660,,UK,mobile,110,0,112,20,,,1
661,Web Development,Germany,,131,6,40,14,,lectures are boring and repetitive,0
662,Python,UK,mobile,25,8,75,10,medium,lectures are boring and repetitive,1
663,Python,UK,desktop,21,1,90,0,low,initially motivated but now skipping videos,1
664,Cyber Security,,tablet,140,6,73,1,,not enough support,1
665,Web Development,USA,desktop,54,9,106,26,medium,initially motivated but now skipping videos,0
666,Web Development,India,desktop,1,1,1,7,low,platform is good but i am losing interest,0
667,,UK,desktop,128,12,94,15,medium,too fast pace for beginners,0
668,Web Development,Canada,desktop,1,28,27,0,,,0
669,AI,India,tablet,173,2,15,2,high,not enough support,0
670,Cyber Security,Canada,tablet,174,12,58,17,high,great start but later became difficult,0
671,Web Development,Canada,desktop,176,9,0,25,high,i stopped understanding after few lessons,0
672,,India,desktop,135,29,85,15,high,content is good but explanations are confusing,1
673,AI,India,mobile,10,11,0,20,,not enough support,0
674,Data Science,Canada,mobile,143,25,30,27,high,too fast pace for beginners,0
675,Data Science,USA,tablet,40,2,21,19,high,too fast pace for beginners,1
676,AI,Germany,mobile,139,27,97,19,,too fast pace for beginners,0
677,,,tablet,174,28,75,12,low,too fast pace for beginners,0
678,AI,Germany,tablet,45,19,58,19,low,not enough support,1
679,Cyber Security,USA,,87,5,118,26,low,lectures are boring and repetitive,0
680,Cyber Security,,tablet,141,2,86,3,medium,lectures are boring and repetitive,1
681,Data Science,India,mobile,27,28,27,3,low,,1
682,Web Development,,,50,24,115,21,,platform is good but i am losing interest,0
683,,Canada,mobile,61,1,113,1,low,need more examples and practice,0
684,Data Science,Germany,tablet,13,22,75,12,medium,not enough support,0
685,Web Development,,tablet,140,21,26,12,medium,great start but later became difficult,1
686,Web Development,Canada,desktop,157,13,86,19,high,content is good but explanations are confusing,0
687,Cyber Security,USA,tablet,85,14,0,29,,not enough support,0
688,Python,,,84,17,106,6,low,content is good but explanations are confusing,0
689,Python,Canada,tablet,20,26,1,6,low,i was enjoying the course but now feeling lost,1
690,AI,USA,desktop,31,18,107,16,,great start but later became difficult,1
691,Cyber Security,India,tablet,8,21,94,9,,great start but later became difficult,1
692,Web Development,USA,tablet,24,9,65,11,,i was enjoying the course but now feeling lost,0
693,,USA,tablet,167,19,48,24,,lectures are boring and repetitive,0
694,Python,Germany,desktop,33,16,88,22,,,0
695,Web Development,Canada,mobile,42,16,101,26,,great start but later became difficult,1
696,Python,,tablet,143,18,111,21,,i was enjoying the course but now feeling lost,0
697,Python,Germany,,160,23,18,29,medium,lectures are boring and repetitive,0
698,Python,UK,desktop,139,26,27,15,high,not enough support,1
699,,USA,,94,3,69,1,low,platform is good but i am losing interest,0
700,Cyber Security,UK,tablet,37,10,38,21,medium,i was enjoying the course but now feeling lost,1
701,,Germany,desktop,147,16,18,20,medium,content is good but explanations are confusing,0
702,Data Science,Canada,tablet,179,23,115,8,low,content is good but explanations are confusing,0
703,Web Development,Germany,,34,9,63,11,medium,not enough support,1
704,Cyber Security,Canada,desktop,53,21,57,16,,too fast pace for beginners,1
705,Cyber Security,Canada,mobile,140,16,16,15,medium,i stopped understanding after few lessons,0
706,Cyber Security,India,mobile,96,11,69,4,low,great start but later became difficult,0
707,Cyber Security,USA,mobile,105,9,78,18,high,too fast pace for beginners,1
708,,Germany,tablet,48,9,85,24,low,great start but later became difficult,1
709,Cyber Security,Canada,desktop,40,5,40,27,high,initially motivated but now skipping videos,1
710,AI,Germany,,152,16,97,16,,initially motivated but now skipping videos,0
711,Web Development,Germany,,178,25,4,21,medium,great start but later became difficult,0
712,Cyber Security,Canada,tablet,88,25,116,2,low,great start but later became difficult,1
713,Web Development,,tablet,43,18,22,16,low,great start but later became difficult,0
714,AI,UK,,17,1,68,26,high,platform is good but i am losing interest,0
715,AI,USA,desktop,102,3,107,14,medium,i was enjoying the course but now feeling lost,0
716,Web Development,USA,tablet,162,17,9,18,low,i was enjoying the course but now feeling lost,0
717,Python,,desktop,111,26,67,14,low,too fast pace for beginners,0
718,Data Science,India,,70,28,11,17,medium,lectures are boring and repetitive,0
719,Python,,desktop,60,20,110,25,,content is good but explanations are confusing,0
720,Python,India,mobile,179,3,9,11,high,platform is good but i am losing interest,0
721,,India,,77,5,59,27,low,i was enjoying the course but now feeling lost,1
722,Python,,mobile,35,13,29,11,medium,initially motivated but now skipping videos,0
723,Cyber Security,USA,,162,6,113,23,,great start but later became difficult,0
724,,UK,mobile,16,11,23,2,low,not enough support,1
725,,USA,desktop,146,1,68,10,,too fast pace for beginners,0
726,AI,USA,,38,17,12,22,low,content is good but explanations are confusing,0
727,Python,USA,,171,23,99,9,low,too fast pace for beginners,1
728,AI,,mobile,32,12,8,21,,great start but later became difficult,1
729,Web Development,,desktop,7,12,17,14,high,i was enjoying the course but now feeling lost,0
730,Data Science,,,46,24,34,22,,need more examples and practice,1
731,,USA,tablet,18,4,94,10,medium,too fast pace for beginners,0
732,Web Development,UK,mobile,71,6,87,22,low,initially motivated but now skipping videos,0
733,Web Development,India,,40,28,106,25,,not enough support,1
734,Cyber Security,Germany,desktop,88,11,3,0,,,0
735,Data Science,India,desktop,78,24,40,19,low,initially motivated but now skipping videos,1
736,Web Development,India,desktop,178,13,25,3,low,lectures are boring and repetitive,0
737,Web Development,Germany,desktop,5,0,43,20,,great start but later became difficult,0
738,Data Science,USA,mobile,86,23,41,29,high,,0
739,Data Science,UK,,22,9,9,25,low,i was enjoying the course but now feeling lost,1
740,Web Development,UK,mobile,74,25,104,20,,lectures are boring and repetitive,0
741,Data Science,India,mobile,90,24,105,7,medium,content is good but explanations are confusing,0
742,Web Development,Germany,desktop,79,8,72,19,high,not enough support,1
743,Web Development,Canada,tablet,166,9,0,12,medium,too fast pace for beginners,1
744,Cyber Security,USA,desktop,119,6,53,16,low,initially motivated but now skipping videos,0
745,Python,India,tablet,177,15,15,14,low,i was enjoying the course but now feeling lost,0
746,Web Development,UK,mobile,129,27,45,20,high,great start but later became difficult,0
747,AI,,desktop,78,27,12,0,low,i was enjoying the course but now feeling lost,1
748,,,desktop,36,11,101,27,medium,need more examples and practice,0
749,Python,Germany,mobile,95,11,63,2,,,1
750,Python,Germany,desktop,28,25,77,23,,lectures are boring and repetitive,1
751,Python,India,,98,18,103,25,medium,,0
752,Cyber Security,Canada,tablet,35,28,86,20,medium,i was enjoying the course but now feeling lost,0
753,Web Development,UK,tablet,62,12,54,22,low,great start but later became difficult,0
754,Cyber Security,India,tablet,87,20,62,29,low,not enough support,1
755,Web Development,Canada,desktop,174,28,17,16,high,too fast pace for beginners,0
756,Cyber Security,Germany,,108,17,60,21,,great start but later became difficult,1
757,Cyber Security,,desktop,125,26,91,27,high,,1
758,,USA,tablet,79,25,19,29,medium,need more examples and practice,0
759,AI,,desktop,125,2,64,23,medium,not enough support,0
760,Cyber Security,UK,tablet,61,25,63,21,high,too fast pace for beginners,1
761,,UK,mobile,26,6,75,3,high,initially motivated but now skipping videos,0
762,Data Science,,tablet,163,0,90,26,,not enough support,0
763,AI,,mobile,57,2,63,7,medium,content is good but explanations are confusing,0
764,Cyber Security,Canada,mobile,132,20,106,14,high,content is good but explanations are confusing,1
765,Python,India,mobile,42,26,12,7,,i was enjoying the course but now feeling lost,1
766,Data Science,Germany,tablet,173,13,118,29,low,too fast pace for beginners,0
767,Data Science,Canada,,167,3,67,13,low,i stopped understanding after few lessons,1
768,,USA,tablet,22,18,88,5,,too fast pace for beginners,0
769,Data Science,,desktop,139,21,69,23,high,,1
770,AI,USA,desktop,165,27,117,27,,need more examples and practice,1
771,Cyber Security,USA,,90,5,56,21,,i was enjoying the course but now feeling lost,0
772,Cyber Security,Canada,,179,19,44,14,high,initially motivated but now skipping videos,0
773,Python,Germany,,58,8,119,19,low,great start but later became difficult,0
774,,UK,mobile,7,10,85,26,,platform is good but i am losing interest,1
775,Python,India,,136,21,108,27,low,i was enjoying the course but now feeling lost,0
776,Data Science,UK,,51,14,37,21,,platform is good but i am losing interest,1
777,Python,Germany,,151,8,53,8,medium,,0
778,AI,UK,tablet,90,28,35,23,high,platform is good but i am losing interest,0
779,Cyber Security,,desktop,108,10,116,29,low,i stopped understanding after few lessons,1
780,Data Science,,desktop,9,25,66,22,high,not enough support,1
781,Python,Canada,,174,9,78,4,low,initially motivated but now skipping videos,0
782,,USA,desktop,38,1,10,12,low,lectures are boring and repetitive,0
783,AI,Germany,tablet,111,21,97,6,high,i stopped understanding after few lessons,0
784,AI,Germany,desktop,13,13,26,16,,lectures are boring and repetitive,1
785,Python,UK,mobile,7,3,86,7,,initially motivated but now skipping videos,1
786,Cyber Security,Canada,tablet,139,1,16,4,medium,too fast pace for beginners,0
787,Python,UK,desktop,178,4,86,22,low,too fast pace for beginners,0
788,Data Science,UK,desktop,67,13,97,6,high,platform is good but i am losing interest,0
789,Python,Germany,tablet,41,14,84,7,low,initially motivated but now skipping videos,0
790,AI,UK,desktop,157,18,32,6,,,0
791,Python,USA,desktop,165,5,4,21,high,too fast pace for beginners,1
792,Cyber Security,UK,,16,26,115,11,high,need more examples and practice,1
793,,USA,mobile,44,14,80,5,low,need more examples and practice,0
794,Web Development,Germany,tablet,50,13,61,20,medium,too fast pace for beginners,0
795,Python,Canada,,134,7,64,20,,great start but later became difficult,0
796,Cyber Security,,desktop,18,19,70,3,,platform is good but i am losing interest,0
797,Cyber Security,USA,tablet,147,11,66,22,low,too fast pace for beginners,1
798,,Canada,tablet,51,3,89,28,low,need more examples and practice,0
799,AI,Canada,mobile,3,20,79,27,medium,i was enjoying the course but now feeling lost,0
800,Cyber Security,USA,mobile,89,5,79,26,,too fast pace for beginners,0
801,Cyber Security,Germany,tablet,54,10,43,29,medium,i stopped understanding after few lessons,0
802,Cyber Security,India,mobile,49,22,104,2,high,too fast pace for beginners,0
803,Cyber Security,Canada,mobile,28,21,13,4,high,platform is good but i am losing interest,1
804,Data Science,Canada,desktop,38,6,107,18,medium,not enough support,1
805,Data Science,Germany,mobile,28,24,89,7,medium,initially motivated but now skipping videos,0
806,AI,Germany,mobile,32,3,90,4,low,too fast pace for beginners,0
807,Python,UK,,41,25,56,26,,too fast pace for beginners,0
808,Cyber Security,Germany,desktop,36,14,47,12,,,1
809,,Canada,desktop,103,0,16,9,,content is good but explanations are confusing,1
810,Python,USA,tablet,36,8,43,5,medium,not enough support,1
811,,India,mobile,107,22,3,0,low,lectures are boring and repetitive,0
812,Python,UK,,126,19,80,29,low,platform is good but i am losing interest,0
813,AI,USA,,87,25,96,10,low,great start but later became difficult,1
814,Cyber Security,India,desktop,66,7,29,19,medium,content is good but explanations are confusing,1
815,Cyber Security,India,mobile,138,11,84,8,medium,platform is good but i am losing interest,0
816,Web Development,India,,70,6,80,15,low,too fast pace for beginners,0
817,,,tablet,79,27,74,14,medium,great start but later became difficult,0
818,Python,USA,mobile,93,17,114,4,high,not enough support,1
819,Python,UK,mobile,92,0,54,14,,great start but later became difficult,1
820,Data Science,UK,mobile,22,8,29,0,,i stopped understanding after few lessons,0
821,Web Development,India,,20,6,17,14,,i stopped understanding after few lessons,0
822,Data Science,USA,desktop,33,13,83,3,high,content is good but explanations are confusing,0
823,Data Science,,desktop,143,25,97,27,low,content is good but explanations are confusing,0
824,Data Science,India,tablet,135,0,104,15,,content is good but explanations are confusing,1
825,,Germany,,90,12,91,21,medium,,0
826,,UK,mobile,50,19,72,6,high,initially motivated but now skipping videos,0
827,AI,Canada,tablet,10,14,43,22,low,too fast pace for beginners,0
828,AI,India,tablet,79,4,61,7,high,not enough support,1
829,Data Science,Germany,desktop,37,4,30,20,,great start but later became difficult,0
830,Web Development,UK,mobile,59,13,108,21,low,great start but later became difficult,0
831,Python,,mobile,88,13,15,26,,lectures are boring and repetitive,0
832,,USA,,104,13,94,26,low,need more examples and practice,1
833,Web Development,UK,,63,4,92,1,,,0
834,Cyber Security,USA,,21,10,76,29,low,i stopped understanding after few lessons,1
835,,USA,tablet,104,18,22,11,high,platform is good but i am losing interest,0
836,,,mobile,79,4,13,25,low,not enough support,0
837,AI,,desktop,37,3,102,27,low,not enough support,0
838,Python,India,tablet,45,14,1,1,high,initially motivated but now skipping videos,0
839,Python,India,tablet,142,20,11,13,low,i stopped understanding after few lessons,1
840,Cyber Security,UK,desktop,43,6,57,18,high,too fast pace for beginners,0
841,Cyber Security,,desktop,116,4,91,19,,platform is good but i am losing interest,1
842,,Germany,,85,29,95,5,,i stopped understanding after few lessons,0
843,Data Science,UK,desktop,84,14,55,21,,platform is good but i am losing interest,0
844,AI,Canada,desktop,161,29,112,18,low,,1
845,AI,USA,desktop,3,13,23,16,medium,i was enjoying the course but now feeling lost,1
846,,USA,desktop,104,23,36,2,medium,initially motivated but now skipping videos,1
847,Web Development,India,,87,23,28,19,,i was enjoying the course but now feeling lost,1
848,Data Science,Germany,tablet,172,2,115,24,high,platform is good but i am losing interest,1
849,,,mobile,111,4,41,9,low,great start but later became difficult,0
850,Data Science,,mobile,87,11,17,23,high,not enough support,0
851,Data Science,India,tablet,91,19,2,12,low,platform is good but i am losing interest,0
852,Data Science,Canada,mobile,35,13,76,19,high,initially motivated but now skipping videos,1
853,,UK,mobile,153,29,12,22,,not enough support,0
854,AI,UK,tablet,96,4,105,28,medium,platform is good but i am losing interest,0
855,AI,Germany,mobile,86,23,28,28,high,i stopped understanding after few lessons,1
856,Data Science,India,mobile,136,3,65,24,,too fast pace for beginners,1
857,Web Development,India,tablet,116,20,58,17,medium,content is good but explanations are confusing,0
858,Python,Canada,mobile,146,15,91,18,medium,i stopped understanding after few lessons,0
859,,UK,desktop,92,6,47,16,medium,too fast pace for beginners,0
860,Python,India,tablet,156,2,3,7,high,platform is good but i am losing interest,0
861,Web Development,,,140,28,50,17,high,need more examples and practice,0
862,,Germany,mobile,2,21,4,6,medium,i was enjoying the course but now feeling lost,0
863,Data Science,UK,,165,24,38,22,high,content is good but explanations are confusing,1
864,AI,Canada,mobile,124,26,40,10,,too fast pace for beginners,1
865,Python,Germany,desktop,4,3,4,2,low,lectures are boring and repetitive,1
866,Cyber Security,USA,tablet,169,19,7,1,medium,initially motivated but now skipping videos,0
867,Cyber Security,,,173,21,97,18,low,,1
868,Web Development,Canada,tablet,109,5,117,27,medium,initially motivated but now skipping videos,1
869,Data Science,Germany,,111,2,55,23,low,lectures are boring and repetitive,1
870,Python,India,mobile,34,29,24,27,medium,need more examples and practice,1
871,Data Science,USA,desktop,87,0,90,24,,i was enjoying the course but now feeling lost,1
872,Python,Canada,,13,2,51,10,medium,initially motivated but now skipping videos,0
873,Web Development,India,,7,23,51,7,,lectures are boring and repetitive,1
874,Web Development,,desktop,32,7,6,10,medium,,1
875,Cyber Security,USA,desktop,23,15,60,1,high,not enough support,0
876,Data Science,UK,desktop,177,21,99,11,low,,0
877,,India,desktop,47,6,95,28,,lectures are boring and repetitive,0
878,Cyber Security,Germany,desktop,165,17,84,8,medium,platform is good but i am losing interest,1
879,Data Science,Canada,tablet,176,8,46,5,high,not enough support,1
880,Cyber Security,USA,mobile,29,2,81,11,medium,great start but later became difficult,0
881,,India,mobile,165,17,65,17,low,i stopped understanding after few lessons,0
882,AI,UK,,23,15,58,24,medium,great start but later became difficult,0
883,AI,Canada,desktop,38,20,109,4,high,great start but later became difficult,1
884,AI,Canada,tablet,127,0,105,21,medium,,0
885,AI,India,tablet,44,20,4,16,medium,,0
886,Python,UK,,5,25,43,15,,lectures are boring and repetitive,1
887,AI,,desktop,40,19,41,11,,need more examples and practice,0
888,,,mobile,139,15,60,28,medium,need more examples and practice,0
889,Web Development,USA,desktop,78,11,62,29,medium,not enough support,0
890,Web Development,India,tablet,106,5,49,1,high,lectures are boring and repetitive,0
891,Python,USA,desktop,130,27,37,15,medium,,1
892,AI,,mobile,163,20,91,0,low,content is good but explanations are confusing,0
893,AI,Canada,mobile,173,8,94,19,,initially motivated but now skipping videos,0
894,AI,USA,,49,20,53,1,low,i was enjoying the course but now feeling lost,0
895,Cyber Security,UK,tablet,123,12,43,12,medium,not enough support,0
896,Data Science,Germany,desktop,35,23,23,15,high,not enough support,0
897,Cyber Security,,desktop,106,11,62,0,low,not enough support,0
898,Data Science,,,72,12,96,18,medium,,0
899,AI,UK,,160,17,38,3,,platform is good but i am losing interest,0
900,AI,USA,,109,18,11,19,medium,i stopped understanding after few lessons,0
901,Cyber Security,India,tablet,125,18,62,2,,i was enjoying the course but now feeling lost,1
902,Cyber Security,Canada,desktop,71,18,102,1,high,too fast pace for beginners,0
903,Data Science,Germany,,39,5,8,11,,not enough support,0
904,Web Development,India,tablet,176,15,115,23,medium,content is good but explanations are confusing,0
905,Data Science,India,desktop,91,6,78,25,high,platform is good but i am losing interest,0
906,Cyber Security,UK,mobile,37,6,86,12,,great start but later became difficult,0
907,,USA,,81,27,107,26,,not enough support,0
908,Cyber Security,,tablet,132,22,108,17,low,not enough support,0
909,,,desktop,23,27,21,4,,lectures are boring and repetitive,0
910,Python,UK,desktop,142,18,35,22,medium,i stopped understanding after few lessons,0
911,Cyber Security,USA,,5,15,73,24,high,,0
912,Python,UK,,110,16,27,11,medium,i stopped understanding after few lessons,0
913,Web Development,,desktop,152,21,55,18,,great start but later became difficult,0
914,Data Science,India,tablet,18,18,98,0,medium,need more examples and practice,1
915,,Canada,mobile,27,15,119,8,low,i stopped understanding after few lessons,0
916,Data Science,USA,desktop,24,28,28,0,medium,great start but later became difficult,1
917,Python,Germany,tablet,29,15,4,23,high,too fast pace for beginners,1
918,,Germany,,139,18,3,17,high,platform is good but i am losing interest,0
919,Data Science,India,desktop,146,14,50,22,,too fast pace for beginners,1
920,Cyber Security,UK,,123,2,14,27,high,too fast pace for beginners,1
921,AI,UK,mobile,128,14,93,2,medium,not enough support,0
922,Python,,,112,24,59,5,,content is good but explanations are confusing,0
923,Data Science,India,mobile,117,27,25,21,medium,too fast pace for beginners,0
924,Python,,,132,15,22,3,low,need more examples and practice,0
925,Python,,,33,19,102,23,medium,content is good but explanations are confusing,0
926,,Germany,mobile,42,4,28,11,high,i was enjoying the course but now feeling lost,1
927,,,,160,18,85,11,high,initially motivated but now skipping videos,0
928,AI,,tablet,179,9,98,4,low,need more examples and practice,1
929,Cyber Security,Germany,,125,12,56,22,,lectures are boring and repetitive,0
930,Python,UK,desktop,4,14,61,28,high,content is good but explanations are confusing,1
931,Data Science,USA,,20,11,58,20,high,platform is good but i am losing interest,0
932,Web Development,Canada,tablet,68,16,47,12,high,i stopped understanding after few lessons,0
933,Python,,desktop,58,14,110,11,low,too fast pace for beginners,1
934,Python,USA,tablet,175,27,81,3,low,i stopped understanding after few lessons,0
935,AI,Germany,desktop,80,3,34,5,high,too fast pace for beginners,0
936,Cyber Security,USA,,134,14,45,18,,need more examples and practice,1
937,Web Development,Canada,tablet,95,16,32,5,high,i was enjoying the course but now feeling lost,0
938,,USA,,168,26,70,5,medium,i was enjoying the course but now feeling lost,0
939,,USA,desktop,151,10,97,10,medium,platform is good but i am losing interest,0
940,Data Science,USA,tablet,4,22,9,26,,great start but later became difficult,0
941,Web Development,USA,mobile,165,22,87,21,high,platform is good but i am losing interest,0
942,,India,tablet,170,14,88,13,,too fast pace for beginners,0
943,Data Science,,,44,19,47,29,medium,too fast pace for beginners,1
944,Cyber Security,Germany,mobile,125,20,43,26,high,content is good but explanations are confusing,0
945,Data Science,Canada,mobile,42,25,90,2,high,content is good but explanations are confusing,0
946,,Germany,desktop,29,6,113,28,medium,,1
947,AI,India,mobile,147,12,69,7,,platform is good but i am losing interest,1
948,AI,India,mobile,160,21,62,3,,content is good but explanations are confusing,0
949,AI,India,desktop,44,12,48,26,low,i stopped understanding after few lessons,0
950,,,tablet,55,19,71,15,low,,1
951,AI,India,,80,19,84,17,low,i stopped understanding after few lessons,1
952,Web Development,USA,tablet,133,1,40,6,,platform is good but i am losing interest,1
953,Cyber Security,Germany,mobile,113,9,82,10,high,too fast pace for beginners,0
954,Data Science,UK,,174,17,97,7,high,not enough support,0
955,Data Science,Canada,tablet,173,27,38,26,low,content is good but explanations are confusing,0
956,,India,,21,19,106,19,,too fast pace for beginners,1
957,AI,Germany,mobile,78,4,22,5,low,platform is good but i am losing interest,1
958,AI,India,tablet,150,19,12,23,,initially motivated but now skipping videos,0
959,Python,,,30,29,105,15,,initially motivated but now skipping videos,0
960,Cyber Security,India,,23,18,110,4,low,great start but later became difficult,1
961,Web Development,India,tablet,5,26,52,24,high,i was enjoying the course but now feeling lost,1
962,Data Science,India,tablet,63,1,102,5,high,not enough support,0
963,Python,India,mobile,59,3,91,5,,initially motivated but now skipping videos,1
964,Python,Canada,desktop,82,29,69,27,medium,platform is good but i am losing interest,0
965,,Germany,,52,15,56,28,medium,lectures are boring and repetitive,1
966,Data Science,,tablet,65,26,75,1,medium,need more examples and practice,0
967,,India,tablet,39,20,66,6,low,not enough support,0
968,Web Development,India,tablet,3,15,47,8,high,need more examples and practice,1
969,Python,India,,170,16,19,14,medium,i was enjoying the course but now feeling lost,0
970,Python,India,mobile,71,14,104,20,medium,need more examples and practice,0
971,Cyber Security,USA,desktop,155,12,105,13,medium,lectures are boring and repetitive,0
972,Web Development,USA,,156,0,61,20,medium,i stopped understanding after few lessons,0
973,Python,UK,mobile,15,21,44,27,low,too fast pace for beginners,1
974,Web Development,India,,72,4,62,12,high,initially motivated but now skipping videos,0
975,Data Science,UK,,70,26,7,26,high,initially motivated but now skipping videos,0
976,AI,Canada,tablet,4,19,25,4,high,great start but later became difficult,1
977,Python,UK,mobile,94,0,37,16,medium,platform is good but i am losing interest,0
978,Cyber Security,Germany,tablet,145,11,91,4,,,0
979,Data Science,USA,tablet,34,29,98,25,low,i was enjoying the course but now feeling lost,0
980,Web Development,USA,mobile,124,22,107,23,low,platform is good but i am losing interest,1
981,,India,tablet,134,14,104,2,low,too fast pace for beginners,0
982,Data Science,India,tablet,36,3,40,8,high,lectures are boring and repetitive,1
983,Python,Canada,desktop,99,18,106,8,high,lectures are boring and repetitive,0
984,Web Development,,mobile,167,29,101,21,low,i stopped understanding after few lessons,0
985,AI,Canada,mobile,80,15,1,3,medium,content is good but explanations are confusing,0
986,Data Science,Germany,tablet,66,22,6,19,,initially motivated but now skipping videos,0
987,Python,India,tablet,136,17,104,10,high,too fast pace for beginners,1
988,Cyber Security,India,mobile,143,25,24,16,high,i stopped understanding after few lessons,1
989,,Canada,mobile,91,16,50,13,medium,lectures are boring and repetitive,1
990,Web Development,Canada,,80,10,49,9,medium,,0
991,Data Science,Canada,mobile,59,19,95,4,high,great start but later became difficult,0
992,Data Science,USA,,10,12,63,20,medium,content is good but explanations are confusing,0
993,AI,UK,tablet,7,23,11,20,medium,,0
994,AI,UK,desktop,112,28,52,27,medium,too fast pace for beginners,1
995,Cyber Security,India,desktop,76,21,74,16,,great start but later became difficult,1
996,,USA,,12,8,9,15,,initially motivated but now skipping videos,1
997,Cyber Security,Canada,tablet,79,16,60,0,,i stopped understanding after few lessons,0
998,Python,India,tablet,46,16,54,9,medium,i stopped understanding after few lessons,1
999,Python,USA,tablet,32,26,98,11,medium,platform is good but i am losing interest,0
1000,Cyber Security,Germany,mobile,160,4,107,17,,platform is good but i am losing interest,0
1001,,,tablet,115,21,67,0,,not enough support,0
1002,Cyber Security,USA,mobile,114,7,41,28,low,great start but later became difficult,1
1003,,India,,126,2,65,23,high,i was enjoying the course but now feeling lost,0
1004,,UK,desktop,90,5,43,27,,i was enjoying the course but now feeling lost,0
1005,Web Development,Canada,,61,2,27,11,low,too fast pace for beginners,0
1006,,,tablet,61,7,106,19,low,too fast pace for beginners,1
1007,AI,Germany,tablet,102,11,109,5,,great start but later became difficult,1
1008,,,,114,26,110,7,low,content is good but explanations are confusing,0
1009,,,mobile,174,26,77,13,,need more examples and practice,1
1010,,USA,mobile,92,3,57,4,high,i was enjoying the course but now feeling lost,0
1011,Python,India,mobile,129,1,107,21,high,,0
1012,AI,India,desktop,107,27,92,3,high,need more examples and practice,0
1013,AI,,desktop,49,24,1,21,,platform is good but i am losing interest,0
1014,Cyber Security,Canada,tablet,25,9,54,15,low,initially motivated but now skipping videos,0
1015,Web Development,India,,16,14,33,5,,,1
1016,,,,141,12,96,2,high,i stopped understanding after few lessons,1
1017,Data Science,India,tablet,108,23,19,3,low,lectures are boring and repetitive,0
1018,Web Development,Canada,mobile,164,14,46,21,medium,lectures are boring and repetitive,0
1019,Web Development,Germany,desktop,44,21,93,7,high,need more examples and practice,0
1020,AI,,,83,18,117,28,,need more examples and practice,0
1021,Web Development,UK,tablet,47,17,105,29,,i was enjoying the course but now feeling lost,0
1022,,UK,mobile,124,12,25,13,,platform is good but i am losing interest,1
1023,,,mobile,80,19,83,6,medium,not enough support,0
1024,Python,USA,desktop,76,19,0,3,low,i was enjoying the course but now feeling lost,0
1025,,Germany,desktop,20,0,64,29,,too fast pace for beginners,0
1026,,USA,tablet,146,24,88,18,,great start but later became difficult,1
1027,AI,UK,tablet,12,15,96,10,,initially motivated but now skipping videos,0
1028,,Canada,mobile,112,25,86,14,high,lectures are boring and repetitive,0
1029,Python,,mobile,153,7,74,23,high,need more examples and practice,0
1030,Data Science,India,,60,22,107,15,medium,i stopped understanding after few lessons,0
1031,AI,UK,mobile,75,5,14,5,low,i stopped understanding after few lessons,1
1032,Data Science,Germany,tablet,110,2,13,11,low,need more examples and practice,0
1033,AI,UK,desktop,34,19,54,7,,too fast pace for beginners,1
1034,Cyber Security,Germany,tablet,141,15,0,24,,lectures are boring and repetitive,0
1035,Web Development,Germany,,166,1,32,24,high,i stopped understanding after few lessons,0
1036,Cyber Security,,,140,22,69,9,high,lectures are boring and repetitive,1
1037,,Germany,desktop,36,1,55,10,high,i stopped understanding after few lessons,1
1038,Data Science,USA,tablet,28,29,22,8,high,content is good but explanations are confusing,0
1039,,Canada,,39,14,53,25,,not enough support,0
1040,Web Development,UK,tablet,77,9,89,16,high,,0
1041,AI,Canada,,171,0,2,27,low,,1
1042,Web Development,India,desktop,104,21,45,13,high,too fast pace for beginners,1
1043,Python,UK,,91,19,118,2,medium,,0
1044,Web Development,Canada,tablet,115,14,5,8,high,need more examples and practice,0
1045,Python,Canada,tablet,159,23,103,19,,i was enjoying the course but now feeling lost,0
1046,Web Development,,,2,0,115,25,,,1
1047,Python,,mobile,117,24,24,27,,not enough support,0
1048,Data Science,India,desktop,82,21,110,17,high,lectures are boring and repetitive,0
1049,,Germany,desktop,90,15,16,16,low,platform is good but i am losing interest,1
1050,,UK,,42,29,27,29,,i was enjoying the course but now feeling lost,0
1051,Cyber Security,,,31,17,31,4,low,i stopped understanding after few lessons,0
1052,,UK,mobile,61,23,92,29,,great start but later became difficult,0
1053,AI,India,desktop,102,4,22,19,,lectures are boring and repetitive,0
1054,Web Development,,mobile,56,20,104,20,low,lectures are boring and repetitive,0
1055,Cyber Security,,desktop,83,4,15,26,medium,platform is good but i am losing interest,0
1056,AI,Germany,,128,22,95,20,,need more examples and practice,0
1057,AI,UK,desktop,14,22,25,23,low,initially motivated but now skipping videos,0
1058,Python,UK,desktop,14,9,32,5,,,0
1059,,UK,desktop,157,26,57,2,high,,0
1060,Data Science,Germany,mobile,178,22,47,15,low,content is good but explanations are confusing,0
1061,Data Science,,mobile,50,11,82,14,,too fast pace for beginners,0
1062,Cyber Security,India,desktop,101,9,54,24,medium,not enough support,0
1063,Data Science,UK,tablet,68,1,40,7,high,too fast pace for beginners,1
1064,Web Development,Canada,mobile,71,23,61,8,,i stopped understanding after few lessons,0
1065,Data Science,Germany,,11,0,16,3,high,content is good but explanations are confusing,1
1066,Cyber Security,USA,,14,15,101,12,medium,need more examples and practice,0
1067,Data Science,India,desktop,106,28,58,23,low,need more examples and practice,1
1068,Web Development,Canada,,104,29,13,26,,need more examples and practice,1
1069,Python,UK,mobile,131,17,81,2,low,not enough support,0
1070,Cyber Security,USA,tablet,128,26,20,20,,initially motivated but now skipping videos,0
1071,Python,India,tablet,8,6,62,29,,not enough support,0
1072,Python,Germany,tablet,171,3,45,6,low,lectures are boring and repetitive,1
1073,Python,USA,,137,26,54,15,low,lectures are boring and repetitive,0
1074,AI,,desktop,19,9,61,16,,great start but later became difficult,0
1075,,USA,,140,9,38,29,medium,i was enjoying the course but now feeling lost,1
1076,AI,Canada,desktop,155,24,41,16,medium,not enough support,0
1077,,India,tablet,112,10,47,18,,too fast pace for beginners,1
1078,Python,Canada,mobile,58,24,102,19,low,,0
1079,Cyber Security,Canada,,25,29,27,16,medium,too fast pace for beginners,0
1080,,UK,mobile,45,2,83,23,,,0
1081,Web Development,Germany,tablet,102,28,5,1,high,great start but later became difficult,0
1082,Web Development,USA,desktop,48,13,58,26,,lectures are boring and repetitive,0
1083,Data Science,India,mobile,50,12,89,4,low,platform is good but i am losing interest,0
1084,,,,81,18,69,15,,platform is good but i am losing interest,1
1085,Cyber Security,Germany,mobile,44,24,38,28,high,platform is good but i am losing interest,0
1086,AI,Germany,mobile,59,28,56,29,high,i stopped understanding after few lessons,1
1087,Python,India,,161,9,53,21,,too fast pace for beginners,0
1088,Data Science,Germany,desktop,103,14,59,10,high,i stopped understanding after few lessons,0
1089,Web Development,UK,,78,27,89,21,,too fast pace for beginners,0
1090,AI,Germany,tablet,156,7,16,5,low,great start but later became difficult,1
1091,AI,UK,desktop,18,16,39,10,low,,0
1092,Python,USA,mobile,161,5,65,0,low,too fast pace for beginners,1
1093,,USA,,116,6,114,18,medium,i was enjoying the course but now feeling lost,0
1094,Web Development,Canada,tablet,106,13,84,2,,need more examples and practice,0
1095,Cyber Security,UK,,143,26,53,7,low,lectures are boring and repetitive,1
1096,AI,,desktop,11,29,70,21,,initially motivated but now skipping videos,0
1097,Python,USA,tablet,164,7,43,17,high,need more examples and practice,0
1098,Cyber Security,Germany,mobile,143,11,83,12,low,,0
1099,,India,desktop,62,27,66,29,medium,need more examples and practice,1
1100,Web Development,India,tablet,48,17,56,0,low,too fast pace for beginners,1
1101,,UK,desktop,94,13,35,19,medium,too fast pace for beginners,1
1102,AI,,mobile,143,0,56,16,high,not enough support,0
1103,Cyber Security,Canada,tablet,87,3,42,4,,great start but later became difficult,0
1104,Cyber Security,Germany,,171,16,43,11,high,too fast pace for beginners,0
1105,Cyber Security,UK,,50,17,61,10,high,platform is good but i am losing interest,0
1106,AI,India,mobile,60,18,114,23,high,need more examples and practice,0
1107,AI,UK,tablet,59,3,82,25,high,need more examples and practice,0
1108,,Germany,mobile,15,27,60,17,high,platform is good but i am losing interest,0
1109,Data Science,,mobile,29,27,93,7,,need more examples and practice,1
1110,,,desktop,40,5,10,28,medium,i stopped understanding after few lessons,0
1111,Web Development,USA,,31,7,76,23,high,great start but later became difficult,1
1112,Python,Germany,mobile,73,24,119,21,low,lectures are boring and repetitive,0
1113,Cyber Security,USA,desktop,11,14,32,23,medium,i was enjoying the course but now feeling lost,0
1114,Data Science,USA,mobile,81,19,101,12,medium,initially motivated but now skipping videos,1
1115,Python,USA,mobile,62,0,117,1,low,content is good but explanations are confusing,0
1116,Data Science,UK,mobile,136,29,111,22,low,platform is good but i am losing interest,1
1117,,India,,51,4,65,15,low,,0
1118,AI,,tablet,57,15,109,11,low,too fast pace for beginners,1
1119,Cyber Security,UK,,132,20,119,7,low,great start but later became difficult,0
1120,,India,desktop,164,24,22,3,high,content is good but explanations are confusing,0
1121,Python,,tablet,147,5,113,13,medium,great start but later became difficult,1
1122,Python,Germany,desktop,24,20,48,8,low,i stopped understanding after few lessons,0
1123,Python,,mobile,41,9,19,10,low,,0
1124,Python,,tablet,49,9,113,15,,lectures are boring and repetitive,0
1125,Python,,desktop,174,4,114,5,medium,platform is good but i am losing interest,1
1126,Data Science,Canada,mobile,36,7,93,11,medium,need more examples and practice,0
1127,,Germany,desktop,10,26,14,18,high,platform is good but i am losing interest,0
1128,Cyber Security,UK,desktop,78,0,65,15,medium,initially motivated but now skipping videos,1
1129,AI,UK,,135,4,29,12,low,initially motivated but now skipping videos,1
1130,AI,India,mobile,140,0,88,3,,i stopped understanding after few lessons,0
1131,,UK,,86,6,3,11,medium,platform is good but i am losing interest,1
1132,,USA,tablet,176,29,63,3,,not enough support,0
1133,AI,,mobile,165,14,64,16,low,need more examples and practice,1
1134,AI,UK,,164,22,7,13,,lectures are boring and repetitive,0
1135,Data Science,India,,60,28,51,28,medium,not enough support,0
1136,Web Development,India,tablet,96,25,13,25,medium,lectures are boring and repetitive,1
1137,Cyber Security,USA,desktop,8,23,57,16,high,lectures are boring and repetitive,0
1138,Python,India,desktop,135,13,10,0,low,lectures are boring and repetitive,0
1139,Web Development,Canada,desktop,107,22,58,19,high,great start but later became difficult,1
1140,,,tablet,171,26,23,0,high,lectures are boring and repetitive,0
1141,AI,,,58,8,87,29,low,need more examples and practice,0
1142,Web Development,,mobile,81,7,31,21,medium,great start but later became difficult,1
1143,Cyber Security,Germany,tablet,86,7,88,29,,content is good but explanations are confusing,0
1144,,UK,desktop,174,2,45,1,high,not enough support,1
1145,Python,Canada,desktop,34,25,27,16,medium,i stopped understanding after few lessons,0
1146,Python,UK,mobile,84,19,15,22,medium,,0
1147,Cyber Security,Canada,tablet,117,3,41,21,high,great start but later became difficult,0
1148,Cyber Security,UK,desktop,22,16,102,0,high,content is good but explanations are confusing,0
1149,AI,USA,tablet,149,5,15,11,high,i stopped understanding after few lessons,0
1150,Python,India,,15,1,99,12,medium,content is good but explanations are confusing,0
1151,,India,tablet,133,8,11,13,low,content is good but explanations are confusing,1
1152,Web Development,USA,,102,13,75,9,low,great start but later became difficult,1
1153,,Canada,mobile,145,0,61,11,high,,0
1154,Data Science,Germany,,147,16,33,24,,content is good but explanations are confusing,0
1155,Data Science,Canada,,5,10,37,21,medium,i stopped understanding after few lessons,0
1156,Cyber Security,India,mobile,23,28,83,17,,great start but later became difficult,0
1157,AI,Germany,desktop,83,25,46,6,high,lectures are boring and repetitive,1
1158,Data Science,UK,mobile,14,26,78,18,medium,i stopped understanding after few lessons,0
1159,Python,Germany,tablet,10,5,21,29,low,platform is good but i am losing interest,1
1160,,Canada,mobile,31,28,79,14,low,initially motivated but now skipping videos,0
1161,,USA,tablet,141,0,87,6,,content is good but explanations are confusing,0
1162,Cyber Security,UK,desktop,127,27,2,13,high,great start but later became difficult,0
1163,Web Development,Canada,tablet,150,18,0,8,,not enough support,0
1164,Cyber Security,UK,mobile,37,15,52,4,high,content is good but explanations are confusing,0
1165,Web Development,Germany,mobile,167,25,63,0,low,need more examples and practice,1
1166,Cyber Security,India,desktop,138,17,43,15,medium,great start but later became difficult,0
1167,Cyber Security,Canada,mobile,31,28,46,4,low,platform is good but i am losing interest,0
1168,Cyber Security,USA,desktop,171,10,114,23,,lectures are boring and repetitive,0
1169,Web Development,Germany,desktop,99,8,37,7,medium,great start but later became difficult,0
1170,Web Development,Canada,mobile,164,20,62,18,high,not enough support,0
1171,Cyber Security,USA,,35,5,114,19,low,platform is good but i am losing interest,0
1172,Data Science,Canada,tablet,111,1,80,11,high,great start but later became difficult,1
1173,AI,Germany,,68,7,40,7,low,platform is good but i am losing interest,0
1174,AI,Canada,desktop,117,21,20,7,high,need more examples and practice,0
1175,AI,UK,tablet,126,15,44,22,low,initially motivated but now skipping videos,0
1176,Web Development,Germany,,175,26,110,5,low,great start but later became difficult,0
1177,Web Development,Canada,mobile,6,27,111,19,high,great start but later became difficult,1
1178,Data Science,India,,119,7,12,25,low,i was enjoying the course but now feeling lost,1
1179,AI,Canada,tablet,156,7,65,28,low,i stopped understanding after few lessons,1
1180,AI,UK,tablet,30,13,65,8,low,initially motivated but now skipping videos,0
1181,Cyber Security,USA,tablet,155,0,42,1,,lectures are boring and repetitive,0
1182,Web Development,USA,tablet,69,6,61,17,low,great start but later became difficult,0
1183,AI,USA,,108,1,88,0,high,initially motivated but now skipping videos,0
1184,,India,mobile,167,14,91,10,high,content is good but explanations are confusing,0
1185,Data Science,UK,mobile,35,26,47,14,,initially motivated but now skipping videos,1
1186,,Germany,tablet,103,23,112,11,low,initially motivated but now skipping videos,0
1187,,USA,mobile,44,27,25,2,,great start but later became difficult,0
1188,Data Science,UK,,143,17,98,18,,too fast pace for beginners,1
1189,,Canada,mobile,160,3,91,19,low,i was enjoying the course but now feeling lost,1
1190,AI,India,desktop,29,17,60,18,high,lectures are boring and repetitive,0
1191,Web Development,UK,mobile,6,28,118,9,low,great start but later became difficult,0
1192,Data Science,UK,tablet,27,22,61,15,,,1
1193,Cyber Security,Germany,mobile,28,4,96,5,medium,not enough support,0
1194,,UK,mobile,133,28,81,8,,need more examples and practice,1
1195,Data Science,Germany,mobile,169,26,13,7,high,great start but later became difficult,0
1196,Python,India,mobile,56,15,53,21,low,great start but later became difficult,0
1197,Python,India,desktop,112,12,40,15,medium,great start but later became difficult,0
1198,Web Development,Canada,,54,26,59,7,,i was enjoying the course but now feeling lost,0
1199,AI,Germany,tablet,80,8,8,23,,platform is good but i am losing interest,1
1200,Web Development,Germany,tablet,105,4,43,25,,platform is good but i am losing interest,1
1201,Web Development,USA,mobile,18,26,55,21,low,great start but later became difficult,1
1202,Web Development,USA,,43,7,93,17,low,platform is good but i am losing interest,0
1203,Web Development,Canada,mobile,89,17,2,4,,,1
1204,Cyber Security,India,desktop,74,2,97,19,low,i stopped understanding after few lessons,1
1205,Cyber Security,,,157,5,96,11,medium,great start but later became difficult,1
1206,Data Science,USA,,10,10,90,5,medium,content is good but explanations are confusing,0
1207,Python,UK,,134,22,58,1,high,lectures are boring and repetitive,0
1208,Web Development,India,,89,13,72,3,low,content is good but explanations are confusing,0
1209,Data Science,,mobile,132,25,12,15,low,not enough support,0
1210,Python,UK,desktop,34,23,29,28,,too fast pace for beginners,0
1211,,Germany,,83,18,52,23,medium,,1
1212,AI,India,tablet,161,6,79,13,low,,1
1213,Cyber Security,Canada,tablet,132,23,50,16,low,i was enjoying the course but now feeling lost,0
1214,,Germany,desktop,172,9,41,18,low,great start but later became difficult,0
1215,Python,Germany,tablet,98,14,25,3,,content is good but explanations are confusing,0
1216,,UK,mobile,31,5,58,17,medium,too fast pace for beginners,1
1217,AI,Germany,mobile,80,19,68,11,low,i was enjoying the course but now feeling lost,1
1218,Python,USA,desktop,60,28,109,1,low,too fast pace for beginners,0
1219,,India,,2,5,90,5,,,1
1220,Cyber Security,USA,tablet,36,15,78,5,high,i stopped understanding after few lessons,0
1221,Cyber Security,UK,tablet,125,8,91,2,,great start but later became difficult,0
1222,Data Science,,desktop,151,18,2,7,low,lectures are boring and repetitive,0
1223,,UK,desktop,103,17,40,11,medium,i was enjoying the course but now feeling lost,0
1224,Web Development,India,tablet,175,4,0,2,medium,,1
1225,,Germany,,116,15,64,1,low,i stopped understanding after few lessons,1
1226,Python,Canada,desktop,101,6,114,20,high,platform is good but i am losing interest,0
1227,Python,UK,mobile,46,18,69,28,,too fast pace for beginners,1
1228,,India,tablet,80,4,74,22,low,lectures are boring and repetitive,0
1229,AI,Canada,desktop,107,19,49,0,low,,0
1230,Cyber Security,Germany,desktop,44,10,109,17,low,content is good but explanations are confusing,0
1231,Python,,desktop,147,22,79,17,,initially motivated but now skipping videos,1
1232,Cyber Security,UK,tablet,49,17,96,7,medium,platform is good but i am losing interest,1
1233,Python,,mobile,88,27,87,25,,content is good but explanations are confusing,0
1234,Data Science,India,mobile,58,26,58,21,low,too fast pace for beginners,0
1235,Web Development,,tablet,91,28,95,13,medium,content is good but explanations are confusing,1
1236,Python,,desktop,135,6,73,28,high,content is good but explanations are confusing,0
1237,Cyber Security,India,tablet,94,27,62,12,low,lectures are boring and repetitive,1
1238,Data Science,India,tablet,169,17,24,14,medium,lectures are boring and repetitive,0
1239,Python,UK,desktop,78,2,9,14,medium,initially motivated but now skipping videos,0
1240,AI,,tablet,122,4,76,12,medium,content is good but explanations are confusing,0
1241,Web Development,Canada,,143,22,0,3,low,i was enjoying the course but now feeling lost,0
1242,Python,India,mobile,76,12,98,3,high,too fast pace for beginners,0
1243,Data Science,Germany,,53,15,13,4,medium,too fast pace for beginners,0
1244,AI,,,23,21,20,2,low,platform is good but i am losing interest,1
1245,,India,,77,11,111,11,medium,i stopped understanding after few lessons,0
1246,Data Science,Canada,tablet,73,6,118,29,,platform is good but i am losing interest,0
1247,Data Science,UK,desktop,88,26,57,19,medium,,1
1248,AI,,tablet,103,21,115,11,low,i was enjoying the course but now feeling lost,1
1249,Data Science,India,mobile,94,12,37,19,medium,too fast pace for beginners,0
1250,AI,India,tablet,60,27,0,6,medium,i was enjoying the course but now feeling lost,1
1251,Python,Germany,tablet,10,0,83,6,,lectures are boring and repetitive,0
1252,AI,Germany,tablet,102,14,119,0,,i was enjoying the course but now feeling lost,0
1253,AI,,tablet,58,20,4,11,low,content is good but explanations are confusing,0
1254,Web Development,India,,175,11,103,2,high,platform is good but i am losing interest,0
1255,AI,,desktop,143,16,43,14,high,,0
1256,AI,India,mobile,9,22,95,8,high,i was enjoying the course but now feeling lost,1
1257,,Germany,mobile,13,19,64,21,high,i stopped understanding after few lessons,1
1258,Python,Canada,mobile,151,4,108,21,low,lectures are boring and repetitive,1
1259,Web Development,USA,tablet,161,16,104,19,low,content is good but explanations are confusing,0
1260,,USA,mobile,137,23,115,25,,i was enjoying the course but now feeling lost,1
1261,Cyber Security,India,,131,14,56,8,,i stopped understanding after few lessons,0
1262,Python,Germany,desktop,73,19,119,13,high,too fast pace for beginners,0
1263,Python,UK,tablet,116,18,103,27,,great start but later became difficult,1
1264,Cyber Security,UK,tablet,153,0,44,2,low,great start but later became difficult,0
1265,AI,USA,,125,3,59,7,high,not enough support,0
1266,,Canada,mobile,111,2,65,28,medium,,1
1267,Data Science,USA,tablet,71,7,94,5,medium,great start but later became difficult,1
1268,Web Development,India,tablet,164,8,46,11,medium,platform is good but i am losing interest,0
1269,Data Science,Canada,,89,11,109,1,,platform is good but i am losing interest,1
1270,Cyber Security,UK,,20,4,114,2,high,i stopped understanding after few lessons,0
1271,Python,Germany,mobile,81,8,25,13,medium,platform is good but i am losing interest,1
1272,Python,Germany,desktop,90,0,8,16,high,,0
1273,Web Development,India,desktop,19,22,50,2,low,great start but later became difficult,1
1274,Python,USA,mobile,165,10,93,3,medium,lectures are boring and repetitive,1
1275,Python,India,desktop,112,29,109,14,medium,,0
1276,Web Development,Germany,,131,6,7,29,medium,platform is good but i am losing interest,1
1277,,UK,,107,21,4,21,low,i stopped understanding after few lessons,1
1278,,Germany,,121,19,38,25,high,i was enjoying the course but now feeling lost,0
1279,Web Development,Canada,desktop,92,28,67,29,medium,lectures are boring and repetitive,1
1280,Cyber Security,,desktop,147,26,39,6,medium,i was enjoying the course but now feeling lost,1
1281,Python,Germany,tablet,174,24,35,18,high,not enough support,0
1282,Python,Germany,tablet,80,13,20,13,,platform is good but i am losing interest,0
1283,Cyber Security,,tablet,31,2,96,15,,initially motivated but now skipping videos,0
1284,,Canada,desktop,53,26,25,26,medium,content is good but explanations are confusing,0
1285,AI,USA,tablet,113,10,103,12,medium,need more examples and practice,0
1286,AI,Germany,,34,16,102,22,,not enough support,0
1287,AI,India,desktop,31,17,74,28,,,1
1288,,Germany,mobile,139,18,84,19,medium,lectures are boring and repetitive,1
1289,,India,desktop,6,17,111,16,high,too fast pace for beginners,1
1290,Cyber Security,Canada,tablet,27,5,85,16,,,1
1291,Python,Germany,desktop,7,28,112,23,medium,content is good but explanations are confusing,0
1292,Cyber Security,Canada,tablet,49,14,55,9,low,not enough support,1
1293,Cyber Security,Canada,tablet,96,29,56,6,high,,0
1294,,USA,mobile,60,6,58,19,medium,i stopped understanding after few lessons,0
1295,AI,Germany,mobile,33,4,100,16,low,i was enjoying the course but now feeling lost,0
1296,Data Science,India,,47,4,6,21,,i was enjoying the course but now feeling lost,0
1297,Python,India,tablet,172,6,41,26,low,initially motivated but now skipping videos,0
1298,,Germany,desktop,119,21,12,11,low,not enough support,0
1299,AI,,mobile,27,11,83,10,low,platform is good but i am losing interest,1
1300,Data Science,USA,mobile,22,7,78,9,,initially motivated but now skipping videos,0
1301,Data Science,USA,tablet,47,24,101,22,low,lectures are boring and repetitive,0
1302,,USA,desktop,93,17,33,21,,not enough support,1
1303,Web Development,India,mobile,176,27,99,27,medium,platform is good but i am losing interest,0
1304,Python,Canada,mobile,158,17,52,21,low,too fast pace for beginners,1
1305,Data Science,,desktop,2,16,45,7,high,i stopped understanding after few lessons,0
1306,,USA,mobile,143,22,56,29,medium,content is good but explanations are confusing,0
1307,,India,desktop,47,10,60,14,,i stopped understanding after few lessons,0
1308,AI,India,tablet,27,14,88,21,medium,need more examples and practice,0
1309,Web Development,Canada,mobile,27,29,55,17,low,content is good but explanations are confusing,0
1310,Python,Germany,tablet,141,19,28,22,,i stopped understanding after few lessons,0
1311,Cyber Security,Germany,desktop,145,24,110,12,low,need more examples and practice,1
1312,AI,USA,tablet,75,5,91,25,medium,great start but later became difficult,0
1313,Data Science,USA,tablet,10,11,13,15,high,platform is good but i am losing interest,0
1314,Data Science,,tablet,121,22,67,29,medium,content is good but explanations are confusing,1
1315,AI,Canada,,33,28,101,12,medium,i stopped understanding after few lessons,0
1316,,USA,desktop,165,6,70,3,low,platform is good but i am losing interest,0
1317,Data Science,Canada,desktop,126,7,12,10,high,lectures are boring and repetitive,0
1318,Web Development,India,desktop,8,3,16,26,low,platform is good but i am losing interest,0
1319,Python,USA,desktop,161,2,28,18,low,platform is good but i am losing interest,1
1320,Web Development,India,desktop,135,2,80,7,low,great start but later became difficult,1
1321,Data Science,UK,mobile,162,9,99,9,,great start but later became difficult,0
1322,Cyber Security,Canada,mobile,71,23,82,11,low,need more examples and practice,1
1323,Python,UK,mobile,135,27,89,27,high,content is good but explanations are confusing,0
1324,Python,USA,tablet,41,14,115,20,low,not enough support,0
1325,AI,India,tablet,118,12,108,19,low,great start but later became difficult,1
1326,AI,USA,desktop,55,18,72,10,high,lectures are boring and repetitive,0
1327,Cyber Security,UK,,7,7,1,19,medium,great start but later became difficult,1
1328,,USA,desktop,84,17,61,20,low,lectures are boring and repetitive,0
1329,Python,,mobile,146,4,19,27,medium,,0
1330,Cyber Security,Germany,desktop,171,20,86,3,low,too fast pace for beginners,1
1331,AI,UK,tablet,78,6,81,18,low,initially motivated but now skipping videos,1
1332,AI,USA,desktop,168,4,55,19,,too fast pace for beginners,1
1333,Python,India,mobile,53,24,89,9,high,lectures are boring and repetitive,1
1334,Web Development,USA,desktop,14,18,51,14,high,too fast pace for beginners,0
1335,Data Science,India,tablet,149,24,24,12,medium,content is good but explanations are confusing,1
1336,AI,Germany,,113,16,61,12,,,1
1337,,USA,mobile,57,18,16,20,low,i stopped understanding after few lessons,0
1338,,Germany,desktop,91,3,38,27,,platform is good but i am losing interest,1
1339,AI,UK,tablet,46,21,112,17,high,i was enjoying the course but now feeling lost,1
1340,Web Development,India,mobile,154,25,9,6,low,need more examples and practice,0
1341,Web Development,,mobile,91,23,58,29,low,initially motivated but now skipping videos,0
1342,Cyber Security,UK,tablet,152,6,24,13,medium,content is good but explanations are confusing,1
1343,,India,desktop,133,23,109,4,,platform is good but i am losing interest,0
1344,Cyber Security,Germany,desktop,170,21,27,8,low,content is good but explanations are confusing,0
1345,,Canada,desktop,102,5,89,29,high,,1
1346,Data Science,USA,mobile,106,13,75,21,medium,,0
1347,Data Science,Germany,,171,21,60,26,high,too fast pace for beginners,0
1348,Python,India,mobile,128,18,57,16,medium,i was enjoying the course but now feeling lost,0
1349,Cyber Security,India,desktop,32,29,43,24,,i was enjoying the course but now feeling lost,0
1350,AI,India,mobile,6,25,112,4,medium,content is good but explanations are confusing,1
1351,Cyber Security,India,,74,19,82,15,,content is good but explanations are confusing,0
1352,AI,USA,mobile,135,10,22,8,,lectures are boring and repetitive,0
1353,Web Development,UK,tablet,29,21,77,16,low,,0
1354,Cyber Security,,desktop,34,28,16,29,,need more examples and practice,1
1355,Web Development,Canada,desktop,7,6,78,17,medium,i stopped understanding after few lessons,1
1356,Data Science,USA,desktop,81,2,84,2,medium,too fast pace for beginners,1
1357,Data Science,India,mobile,77,19,37,27,low,content is good but explanations are confusing,0
1358,Python,USA,mobile,58,21,29,4,medium,i was enjoying the course but now feeling lost,1
1359,Cyber Security,Germany,mobile,85,16,18,29,,need more examples and practice,0
1360,Web Development,,desktop,159,10,31,21,medium,great start but later became difficult,0
1361,AI,India,mobile,73,14,92,20,high,,0
1362,Data Science,Canada,desktop,45,6,85,16,high,content is good but explanations are confusing,0
1363,Data Science,India,mobile,47,28,19,19,low,great start but later became difficult,0
1364,AI,,desktop,77,14,101,21,,lectures are boring and repetitive,0
1365,Web Development,Canada,tablet,73,26,101,3,medium,need more examples and practice,0
1366,Web Development,,mobile,168,16,63,3,low,lectures are boring and repetitive,1
1367,Cyber Security,Canada,desktop,116,10,35,20,low,i stopped understanding after few lessons,0
1368,Cyber Security,UK,tablet,30,28,64,23,,need more examples and practice,1
1369,,UK,tablet,71,27,82,20,low,i was enjoying the course but now feeling lost,0
1370,,USA,,145,28,42,6,high,not enough support,0
1371,Python,USA,mobile,103,11,25,7,low,i was enjoying the course but now feeling lost,0
1372,Data Science,Canada,desktop,133,12,6,21,medium,i stopped understanding after few lessons,0
1373,Cyber Security,India,,104,25,33,21,high,i was enjoying the course but now feeling lost,1
1374,Web Development,Germany,mobile,122,10,35,29,high,initially motivated but now skipping videos,1
1375,AI,Germany,tablet,129,10,5,1,high,,0
1376,Web Development,India,mobile,31,24,36,28,medium,platform is good but i am losing interest,0
1377,Data Science,India,desktop,163,25,61,28,,platform is good but i am losing interest,0
1378,,UK,tablet,109,8,85,9,low,platform is good but i am losing interest,0
1379,Web Development,Germany,,72,10,116,4,low,lectures are boring and repetitive,1
1380,Python,Canada,mobile,158,24,72,16,high,i was enjoying the course but now feeling lost,0
1381,Data Science,,mobile,127,3,106,24,high,not enough support,0
1382,,USA,,85,1,59,6,low,initially motivated but now skipping videos,0
1383,AI,,mobile,15,22,92,1,medium,not enough support,0
1384,,UK,mobile,56,28,63,5,high,content is good but explanations are confusing,1
1385,Python,Germany,mobile,27,3,49,9,high,i was enjoying the course but now feeling lost,0
1386,Data Science,India,tablet,2,13,51,8,medium,initially motivated but now skipping videos,0
1387,AI,Germany,tablet,74,4,16,27,,initially motivated but now skipping videos,1
1388,Python,Canada,desktop,64,16,59,4,high,i was enjoying the course but now feeling lost,0
1389,,UK,mobile,5,26,76,2,,great start but later became difficult,0
1390,Python,India,desktop,91,11,118,10,medium,too fast pace for beginners,0
1391,Data Science,,tablet,68,25,80,9,low,,1
1392,Cyber Security,Canada,mobile,141,28,53,15,low,lectures are boring and repetitive,1
1393,Python,,desktop,81,5,9,26,,content is good but explanations are confusing,1
1394,Python,USA,mobile,85,11,24,19,high,platform is good but i am losing interest,1
1395,,UK,mobile,23,14,17,18,low,content is good but explanations are confusing,0
1396,,Canada,,97,22,63,0,medium,content is good but explanations are confusing,0
1397,AI,Canada,desktop,178,18,112,25,high,i was enjoying the course but now feeling lost,1
1398,,,tablet,124,9,107,29,,i was enjoying the course but now feeling lost,0
1399,Web Development,India,desktop,37,1,78,10,,i stopped understanding after few lessons,0
1400,Data Science,USA,desktop,30,28,58,28,,great start but later became difficult,1
1401,Data Science,,desktop,151,11,26,14,,i stopped understanding after few lessons,0
1402,Cyber Security,Canada,,162,11,57,6,medium,initially motivated but now skipping videos,0
1403,Cyber Security,UK,mobile,117,25,60,7,low,lectures are boring and repetitive,1
1404,Data Science,Canada,tablet,9,6,82,15,,initially motivated but now skipping videos,1
1405,Cyber Security,Germany,,132,0,117,17,low,initially motivated but now skipping videos,0
1406,AI,UK,tablet,66,17,78,23,low,i stopped understanding after few lessons,0
1407,,UK,,120,2,108,27,,platform is good but i am losing interest,0
1408,Data Science,Canada,mobile,124,19,70,24,high,initially motivated but now skipping videos,0
1409,Cyber Security,India,tablet,161,4,42,22,,platform is good but i am losing interest,0
1410,Data Science,UK,desktop,160,19,103,10,medium,i stopped understanding after few lessons,1
1411,Web Development,Germany,,44,14,115,0,high,platform is good but i am losing interest,0
1412,Python,,tablet,109,9,79,15,,initially motivated but now skipping videos,1
1413,,India,mobile,37,18,87,3,low,need more examples and practice,1
1414,Data Science,India,tablet,67,0,86,22,low,i was enjoying the course but now feeling lost,1
1415,Python,India,,60,6,10,5,high,i stopped understanding after few lessons,0
1416,Cyber Security,UK,mobile,36,27,87,10,medium,i stopped understanding after few lessons,0
1417,Python,India,desktop,49,25,4,29,low,content is good but explanations are confusing,1
1418,,Canada,,179,21,57,23,medium,too fast pace for beginners,1
1419,Data Science,India,,107,17,38,5,low,need more examples and practice,0
1420,Web Development,Germany,mobile,8,1,47,9,high,need more examples and practice,1
1421,Cyber Security,USA,,178,18,93,5,,i was enjoying the course but now feeling lost,0
1422,Data Science,Germany,tablet,41,23,79,9,low,content is good but explanations are confusing,1
1423,,UK,desktop,101,23,19,21,high,i stopped understanding after few lessons,0
1424,Cyber Security,India,tablet,113,9,92,22,high,,1
1425,AI,India,mobile,109,14,80,4,,lectures are boring and repetitive,1
1426,Python,Canada,,166,9,18,27,,too fast pace for beginners,1
1427,,,desktop,86,25,59,26,high,great start but later became difficult,1
1428,AI,India,mobile,78,27,25,8,low,too fast pace for beginners,0
1429,Data Science,Germany,tablet,55,9,78,6,medium,need more examples and practice,0
1430,Web Development,UK,,110,26,24,16,medium,lectures are boring and repetitive,0
1431,Cyber Security,USA,,146,29,14,26,,need more examples and practice,0
1432,Python,India,mobile,65,11,83,11,low,great start but later became difficult,0
1433,Cyber Security,USA,tablet,64,7,93,27,high,initially motivated but now skipping videos,0
1434,Data Science,India,,140,22,20,29,medium,initially motivated but now skipping videos,1
1435,Cyber Security,UK,tablet,118,13,46,24,medium,too fast pace for beginners,1
1436,Python,,desktop,169,1,34,10,low,i stopped understanding after few lessons,0
1437,Data Science,Germany,,42,16,43,5,high,need more examples and practice,1
1438,Cyber Security,UK,desktop,117,5,5,26,,initially motivated but now skipping videos,0
1439,Web Development,USA,,50,26,115,23,medium,platform is good but i am losing interest,0
1440,,India,mobile,164,7,100,24,low,too fast pace for beginners,1
1441,Data Science,USA,,48,0,74,10,,not enough support,0
1442,,Germany,,73,2,22,10,low,too fast pace for beginners,0
1443,Data Science,UK,tablet,136,14,107,13,high,need more examples and practice,0
1444,Web Development,USA,tablet,153,16,38,15,low,need more examples and practice,0
1445,,USA,desktop,135,25,72,1,,great start but later became difficult,0
1446,AI,Germany,desktop,106,24,17,1,high,lectures are boring and repetitive,0
1447,Python,India,desktop,8,6,109,4,medium,great start but later became difficult,0
1448,AI,USA,,110,13,99,13,,great start but later became difficult,1
1449,Cyber Security,Germany,,31,23,39,20,low,lectures are boring and repetitive,0
1450,Web Development,India,desktop,12,24,111,27,medium,platform is good but i am losing interest,0
1451,AI,,mobile,127,2,35,9,high,initially motivated but now skipping videos,0
1452,Data Science,India,mobile,57,25,27,9,,initially motivated but now skipping videos,0
1453,Cyber Security,,,140,26,63,17,high,lectures are boring and repetitive,0
1454,Cyber Security,UK,mobile,27,17,82,25,high,not enough support,0
1455,AI,Germany,mobile,46,21,93,19,low,,1
1456,AI,India,desktop,135,4,57,8,low,i stopped understanding after few lessons,0
1457,Web Development,,mobile,61,19,37,3,low,not enough support,0
1458,Python,,mobile,58,21,114,16,medium,not enough support,1
1459,AI,UK,,13,14,78,20,medium,platform is good but i am losing interest,0
1460,AI,Canada,,100,5,43,1,low,content is good but explanations are confusing,1
1461,,Germany,,49,27,75,13,medium,,0
1462,Data Science,Canada,mobile,35,2,1,21,,too fast pace for beginners,1
1463,,India,desktop,94,29,72,0,high,platform is good but i am losing interest,1
1464,,Germany,tablet,95,17,34,22,low,i was enjoying the course but now feeling lost,0
1465,Cyber Security,UK,,145,24,0,6,high,initially motivated but now skipping videos,0
1466,Python,India,,72,23,45,3,high,too fast pace for beginners,0
1467,Data Science,Germany,,123,29,59,8,high,too fast pace for beginners,1
1468,Web Development,Germany,desktop,10,19,62,2,,i was enjoying the course but now feeling lost,0
1469,Web Development,Canada,tablet,162,21,94,4,,need more examples and practice,1
1470,AI,India,tablet,4,2,91,20,medium,too fast pace for beginners,1
1471,AI,UK,,125,26,44,23,high,i stopped understanding after few lessons,0
1472,Web Development,UK,mobile,29,7,56,9,medium,initially motivated but now skipping videos,1
1473,AI,India,,46,18,36,9,high,initially motivated but now skipping videos,0
1474,Python,India,,174,17,6,3,low,content is good but explanations are confusing,0
1475,,,mobile,77,14,109,16,high,great start but later became difficult,0
1476,AI,USA,mobile,59,22,15,26,high,lectures are boring and repetitive,0
1477,Cyber Security,Canada,,66,13,49,20,,,0
1478,AI,India,desktop,162,15,13,16,low,great start but later became difficult,0
1479,Data Science,India,desktop,107,2,96,18,medium,not enough support,1
1480,Python,USA,mobile,86,28,5,5,low,not enough support,1
1481,Data Science,USA,,133,24,60,0,,too fast pace for beginners,1
1482,Data Science,Germany,desktop,9,14,20,25,,need more examples and practice,1
1483,Cyber Security,UK,,20,18,9,13,high,lectures are boring and repetitive,1
1484,Python,Canada,,149,7,31,29,,great start but later became difficult,0
1485,Python,Germany,,127,1,5,12,,platform is good but i am losing interest,0
1486,Python,India,desktop,17,24,1,2,high,need more examples and practice,0
1487,Python,USA,tablet,12,16,38,22,,need more examples and practice,0
1488,Python,,,82,11,48,1,,too fast pace for beginners,1
1489,Cyber Security,UK,desktop,67,18,26,21,medium,i was enjoying the course but now feeling lost,1
1490,AI,Germany,tablet,133,10,55,6,high,i was enjoying the course but now feeling lost,1
1491,Data Science,,mobile,53,29,13,27,high,not enough support,0
1492,Python,UK,desktop,176,17,22,11,medium,content is good but explanations are confusing,0
1493,AI,,tablet,147,12,102,1,medium,need more examples and practice,1
1494,AI,USA,desktop,145,13,117,10,medium,not enough support,0
1495,Data Science,Germany,tablet,54,28,84,15,medium,lectures are boring and repetitive,0
1496,Cyber Security,Germany,tablet,68,11,104,26,high,lectures are boring and repetitive,1
1497,Web Development,UK,desktop,35,14,50,4,medium,i was enjoying the course but now feeling lost,0
1498,Web Development,,mobile,88,22,93,25,medium,content is good but explanations are confusing,1
1499,AI,USA,,169,20,24,27,,initially motivated but now skipping videos,1
1500,,India,tablet,141,7,52,25,high,too fast pace for beginners,0
1501,,Germany,,161,1,87,16,medium,content is good but explanations are confusing,0
1502,Data Science,India,mobile,15,7,10,2,,platform is good but i am losing interest,1
1503,Web Development,USA,,15,22,34,13,high,not enough support,1
1504,AI,Germany,,31,27,54,15,medium,great start but later became difficult,0
1505,Cyber Security,Germany,desktop,107,26,57,16,medium,i was enjoying the course but now feeling lost,0
1506,Web Development,,desktop,156,4,67,27,,,0
1507,AI,India,mobile,10,1,36,18,low,i was enjoying the course but now feeling lost,1
1508,AI,,desktop,57,9,99,3,high,too fast pace for beginners,0
1509,Python,Canada,tablet,161,26,76,27,,not enough support,0
1510,Cyber Security,India,mobile,7,22,8,27,medium,lectures are boring and repetitive,0
1511,Python,India,desktop,133,9,27,20,low,content is good but explanations are confusing,0
1512,Data Science,Canada,desktop,125,3,54,19,low,,1
1513,Python,USA,mobile,119,3,45,19,,need more examples and practice,1
1514,Python,USA,tablet,80,7,79,24,,i stopped understanding after few lessons,0
1515,Web Development,Germany,mobile,124,5,117,24,,need more examples and practice,0
1516,,UK,desktop,57,24,69,8,high,great start but later became difficult,0
1517,AI,,desktop,72,26,26,10,low,content is good but explanations are confusing,0
1518,Cyber Security,UK,mobile,168,14,9,4,high,platform is good but i am losing interest,1
1519,Python,Germany,tablet,28,17,22,10,low,initially motivated but now skipping videos,0
1520,Cyber Security,UK,tablet,36,20,20,12,high,lectures are boring and repetitive,0
1521,,India,,56,21,89,20,,content is good but explanations are confusing,0
1522,,India,tablet,175,7,44,1,medium,too fast pace for beginners,0
1523,Python,Canada,mobile,116,19,2,21,,not enough support,0
1524,Data Science,Canada,tablet,168,26,58,1,high,need more examples and practice,1
1525,Python,Germany,tablet,59,6,42,9,,,0
1526,Web Development,Germany,,171,26,98,12,low,initially motivated but now skipping videos,0
1527,AI,Germany,tablet,123,22,6,4,high,not enough support,1
1528,Data Science,India,,66,19,26,10,,i was enjoying the course but now feeling lost,1
1529,Python,UK,,9,16,61,28,,platform is good but i am losing interest,0
1530,Cyber Security,,tablet,134,18,41,14,medium,,0
1531,Data Science,Germany,desktop,119,1,96,27,medium,i was enjoying the course but now feeling lost,0
1532,Data Science,Germany,mobile,122,28,3,27,,platform is good but i am losing interest,0
1533,Python,India,mobile,65,28,89,4,low,not enough support,1
1534,Data Science,,tablet,131,11,61,19,low,lectures are boring and repetitive,0
1535,Cyber Security,India,mobile,165,18,7,4,low,great start but later became difficult,0
1536,,,mobile,127,4,83,6,,i was enjoying the course but now feeling lost,1
1537,Data Science,India,,87,26,16,9,medium,not enough support,1
1538,,UK,desktop,33,11,4,28,,,0
1539,Cyber Security,Germany,mobile,137,16,62,1,medium,i was enjoying the course but now feeling lost,0
1540,Python,USA,desktop,53,4,112,0,low,initially motivated but now skipping videos,0
1541,AI,USA,mobile,92,1,8,19,medium,content is good but explanations are confusing,1
1542,Data Science,Germany,desktop,51,29,7,22,,,0
1543,AI,Germany,desktop,71,3,6,0,,not enough support,0
1544,Cyber Security,Germany,mobile,154,5,36,3,,initially motivated but now skipping videos,0
1545,Data Science,Germany,,144,8,99,14,medium,initially motivated but now skipping videos,0
1546,,,desktop,40,25,54,14,low,lectures are boring and repetitive,0
1547,Web Development,UK,desktop,179,21,66,29,,platform is good but i am losing interest,1
1548,AI,USA,mobile,39,9,7,5,,lectures are boring and repetitive,1
1549,Data Science,Canada,desktop,164,28,68,5,medium,not enough support,1
1550,AI,USA,desktop,121,10,4,0,low,,0
1551,Data Science,USA,,85,27,16,6,medium,i was enjoying the course but now feeling lost,0
1552,Python,India,desktop,173,1,110,29,high,initially motivated but now skipping videos,0
1553,,Germany,,137,23,57,4,high,content is good but explanations are confusing,0
1554,AI,Germany,desktop,37,20,62,21,,,0
1555,Web Development,Germany,desktop,87,24,26,16,medium,need more examples and practice,1
1556,Web Development,India,,129,25,103,6,medium,great start but later became difficult,1
1557,Cyber Security,UK,,63,8,102,3,,,1
1558,Data Science,UK,tablet,43,19,112,2,high,lectures are boring and repetitive,0
1559,AI,Canada,desktop,156,28,75,11,low,content is good but explanations are confusing,0
1560,Cyber Security,UK,,100,16,91,26,low,too fast pace for beginners,1
1561,AI,UK,desktop,159,26,67,28,high,platform is good but i am losing interest,1
1562,Data Science,Germany,desktop,105,29,115,14,,platform is good but i am losing interest,0
1563,Web Development,,desktop,8,8,27,19,,great start but later became difficult,0
1564,Python,USA,mobile,162,24,88,8,low,content is good but explanations are confusing,0
1565,Web Development,UK,tablet,49,7,57,20,low,great start but later became difficult,1
1566,Cyber Security,UK,mobile,96,4,49,11,high,i was enjoying the course but now feeling lost,0
1567,,India,tablet,123,4,99,4,high,platform is good but i am losing interest,0
1568,Python,Canada,desktop,47,25,105,7,medium,platform is good but i am losing interest,0
1569,Cyber Security,,desktop,25,5,66,14,high,lectures are boring and repetitive,1
1570,Data Science,India,,131,15,30,6,high,not enough support,0
1571,Python,Germany,tablet,173,0,100,18,low,i was enjoying the course but now feeling lost,0
1572,Cyber Security,USA,tablet,114,8,11,12,low,need more examples and practice,1
1573,Data Science,Canada,mobile,99,20,54,0,medium,lectures are boring and repetitive,0
1574,Web Development,India,tablet,96,6,100,27,low,platform is good but i am losing interest,0
1575,,UK,desktop,34,10,100,10,low,platform is good but i am losing interest,1
1576,Data Science,UK,,109,14,3,12,low,great start but later became difficult,1
1577,AI,Canada,mobile,92,23,93,1,high,i stopped understanding after few lessons,0
1578,Data Science,UK,,8,4,101,18,low,,1
1579,Data Science,India,tablet,155,18,41,10,,i was enjoying the course but now feeling lost,0
1580,,India,tablet,63,5,101,0,high,too fast pace for beginners,1
1581,AI,UK,mobile,82,22,90,0,low,lectures are boring and repetitive,1
1582,Cyber Security,UK,tablet,25,28,53,7,high,i was enjoying the course but now feeling lost,0
1583,Cyber Security,Germany,,176,13,21,12,low,i stopped understanding after few lessons,1
1584,Data Science,USA,desktop,129,19,0,7,medium,need more examples and practice,1
1585,AI,Canada,mobile,8,24,47,1,medium,need more examples and practice,1
1586,AI,India,tablet,124,13,42,7,medium,lectures are boring and repetitive,0
1587,,Canada,,149,10,101,26,low,lectures are boring and repetitive,0
1588,Web Development,Germany,desktop,98,3,19,28,medium,too fast pace for beginners,0
1589,Cyber Security,India,tablet,101,26,17,13,high,great start but later became difficult,0
1590,,Germany,mobile,111,9,69,1,medium,need more examples and practice,0
1591,Python,Germany,tablet,157,1,48,12,medium,content is good but explanations are confusing,0
1592,Cyber Security,,tablet,158,24,75,26,medium,initially motivated but now skipping videos,1
1593,,UK,tablet,3,3,16,4,medium,lectures are boring and repetitive,0
1594,Cyber Security,,desktop,135,19,52,0,high,i was enjoying the course but now feeling lost,0
1595,Web Development,Canada,desktop,100,9,21,8,,initially motivated but now skipping videos,0
1596,Python,Canada,tablet,11,0,81,19,medium,too fast pace for beginners,0
1597,Web Development,UK,tablet,160,13,9,9,low,too fast pace for beginners,1
1598,Python,,mobile,59,17,23,29,,lectures are boring and repetitive,0
1599,Data Science,Canada,tablet,140,11,83,10,medium,,0
1600,,,,79,18,11,17,,i was enjoying the course but now feeling lost,1
1601,Python,UK,,38,22,3,16,low,initially motivated but now skipping videos,0
1602,Web Development,India,mobile,122,11,41,5,low,initially motivated but now skipping videos,0
1603,Cyber Security,Germany,desktop,152,24,4,10,medium,initially motivated but now skipping videos,0
1604,Python,Germany,tablet,65,27,25,23,medium,too fast pace for beginners,0
1605,,,mobile,146,4,99,3,low,lectures are boring and repetitive,1
1606,Python,Canada,desktop,46,3,58,0,high,,0
1607,AI,,mobile,125,12,61,0,,i was enjoying the course but now feeling lost,0
1608,Cyber Security,,desktop,56,17,79,21,high,not enough support,0
1609,,USA,tablet,7,29,4,17,medium,i was enjoying the course but now feeling lost,0
1610,,Germany,mobile,105,28,25,4,high,,0
1611,Data Science,UK,tablet,40,11,82,15,high,content is good but explanations are confusing,0
1612,Web Development,,mobile,159,29,119,1,,i stopped understanding after few lessons,0
1613,Data Science,USA,desktop,97,15,5,8,medium,not enough support,1
1614,,USA,mobile,52,22,23,1,,platform is good but i am losing interest,1
1615,Cyber Security,Germany,,31,5,94,4,low,not enough support,0
1616,Python,Germany,,162,27,94,19,,need more examples and practice,1
1617,Python,Germany,mobile,7,27,52,26,,,1
1618,Cyber Security,UK,,144,6,6,16,low,not enough support,1
1619,,USA,tablet,150,23,9,25,high,,0
1620,Python,Canada,,91,8,38,24,,content is good but explanations are confusing,1
1621,Python,UK,,17,9,85,18,low,i was enjoying the course but now feeling lost,1
1622,Python,India,tablet,125,4,77,9,medium,i stopped understanding after few lessons,1
1623,Web Development,,tablet,4,26,27,7,high,initially motivated but now skipping videos,1
1624,Web Development,Germany,desktop,122,20,41,19,low,content is good but explanations are confusing,0
1625,AI,USA,tablet,99,3,61,10,high,not enough support,0
1626,Data Science,,mobile,163,10,51,12,low,lectures are boring and repetitive,1
1627,Cyber Security,UK,,172,18,21,12,,need more examples and practice,0
1628,Cyber Security,India,desktop,143,28,56,8,high,,0
1629,Cyber Security,UK,tablet,61,6,95,4,,initially motivated but now skipping videos,0
1630,AI,UK,,172,12,10,17,low,i stopped understanding after few lessons,0
1631,Web Development,Canada,mobile,21,12,13,7,,great start but later became difficult,0
1632,,,mobile,77,20,30,28,,initially motivated but now skipping videos,1
1633,,Canada,desktop,47,22,107,19,low,need more examples and practice,1
1634,AI,UK,mobile,75,17,3,13,,great start but later became difficult,0
1635,,India,,49,24,108,1,,initially motivated but now skipping videos,0
1636,Cyber Security,USA,tablet,27,24,21,21,,,0
1637,Data Science,USA,mobile,31,28,117,15,medium,need more examples and practice,0
1638,Python,,tablet,172,8,92,0,medium,i was enjoying the course but now feeling lost,1
1639,Web Development,Germany,,32,12,98,23,medium,need more examples and practice,0
1640,Web Development,Germany,,158,12,63,24,high,too fast pace for beginners,0
1641,AI,USA,tablet,18,4,76,22,,i was enjoying the course but now feeling lost,0
1642,Web Development,UK,,125,29,83,28,,platform is good but i am losing interest,1
1643,Cyber Security,UK,desktop,63,25,82,12,,,0
1644,,Canada,mobile,128,11,78,24,high,lectures are boring and repetitive,0
1645,Cyber Security,,desktop,16,24,114,17,high,,1
1646,AI,Canada,desktop,163,0,89,26,low,,0
1647,Cyber Security,Germany,desktop,137,17,83,0,,need more examples and practice,0
1648,,USA,tablet,62,25,60,6,low,,1
1649,Data Science,UK,tablet,39,20,99,3,low,not enough support,1
1650,AI,USA,,179,20,5,9,high,,1
1651,Data Science,India,tablet,115,21,78,7,medium,i stopped understanding after few lessons,1
1652,Python,USA,,138,29,67,2,high,content is good but explanations are confusing,0
1653,Data Science,India,tablet,140,23,5,22,high,lectures are boring and repetitive,1
1654,Python,Canada,,72,27,65,6,medium,content is good but explanations are confusing,0
1655,Python,Canada,mobile,62,16,35,26,medium,i was enjoying the course but now feeling lost,0
1656,Data Science,Germany,,131,9,113,25,high,great start but later became difficult,0
1657,AI,USA,mobile,83,27,14,24,,great start but later became difficult,1
1658,,USA,,123,8,75,15,low,lectures are boring and repetitive,0
1659,Cyber Security,India,tablet,139,19,39,26,,content is good but explanations are confusing,0
1660,Cyber Security,Canada,tablet,136,7,107,19,low,initially motivated but now skipping videos,0
1661,,India,mobile,109,27,40,29,,i was enjoying the course but now feeling lost,0
1662,Python,Canada,desktop,122,14,6,9,medium,content is good but explanations are confusing,0
1663,Python,India,desktop,151,12,21,12,,initially motivated but now skipping videos,0
1664,AI,Canada,,119,27,71,29,high,initially motivated but now skipping videos,0
1665,Web Development,India,tablet,138,20,115,0,low,great start but later became difficult,1
1666,Data Science,Canada,desktop,18,16,105,6,low,initially motivated but now skipping videos,0
1667,Python,,tablet,76,29,10,9,,,1
1668,Cyber Security,India,tablet,167,8,1,11,medium,lectures are boring and repetitive,0
1669,AI,USA,tablet,154,23,29,13,high,content is good but explanations are confusing,0
1670,Data Science,Germany,,11,20,67,21,medium,initially motivated but now skipping videos,1
1671,AI,,mobile,138,29,52,10,high,need more examples and practice,1
1672,Data Science,,,131,10,88,16,high,i was enjoying the course but now feeling lost,0
1673,Data Science,India,desktop,62,29,20,8,high,,1
1674,,Germany,mobile,71,3,24,25,,not enough support,0
1675,Python,USA,desktop,61,23,72,7,high,great start but later became difficult,0
1676,AI,,mobile,132,24,71,9,high,need more examples and practice,0
1677,AI,USA,mobile,61,6,4,3,high,,0
1678,,Canada,,136,19,109,4,low,initially motivated but now skipping videos,0
1679,Cyber Security,Germany,tablet,102,22,91,23,low,i stopped understanding after few lessons,0
1680,Cyber Security,UK,tablet,13,21,65,17,,i was enjoying the course but now feeling lost,0
1681,Python,Canada,mobile,12,26,84,5,,platform is good but i am losing interest,1
1682,Python,Germany,,35,27,48,9,low,content is good but explanations are confusing,0
1683,Web Development,India,desktop,51,2,7,17,low,,0
1684,,India,desktop,43,9,97,27,high,initially motivated but now skipping videos,1
1685,Cyber Security,USA,tablet,111,2,86,10,low,great start but later became difficult,0
1686,Data Science,,tablet,66,0,78,23,,need more examples and practice,0
1687,AI,UK,desktop,15,13,26,4,,,1
1688,Python,India,desktop,177,12,1,27,high,not enough support,0
1689,AI,Germany,,162,4,27,25,medium,i stopped understanding after few lessons,0
1690,AI,,desktop,39,7,10,2,medium,not enough support,0
1691,Web Development,,,26,11,45,17,low,i was enjoying the course but now feeling lost,1
1692,Cyber Security,Germany,tablet,112,5,20,3,high,great start but later became difficult,1
1693,Python,,desktop,176,23,41,7,low,not enough support,0
1694,AI,India,tablet,51,22,31,16,high,,0
1695,Python,Germany,mobile,111,1,31,9,low,,0
1696,Data Science,Germany,mobile,132,23,70,18,,platform is good but i am losing interest,0
1697,Web Development,USA,mobile,98,3,21,28,,i was enjoying the course but now feeling lost,0
1698,Data Science,UK,desktop,155,26,77,0,medium,i was enjoying the course but now feeling lost,1
1699,Python,USA,tablet,119,4,76,1,medium,great start but later became difficult,1
1700,Python,UK,desktop,170,10,20,25,low,platform is good but i am losing interest,1
1701,Cyber Security,Germany,tablet,56,12,21,10,,initially motivated but now skipping videos,1
1702,AI,,,69,7,33,14,low,i stopped understanding after few lessons,0
1703,AI,UK,desktop,146,20,9,22,,lectures are boring and repetitive,1
1704,Data Science,Germany,mobile,4,4,64,0,high,platform is good but i am losing interest,1
1705,Web Development,Germany,,129,5,64,8,,content is good but explanations are confusing,0
1706,,USA,tablet,50,14,87,7,medium,initially motivated but now skipping videos,0
1707,AI,USA,desktop,84,22,66,0,,i stopped understanding after few lessons,0
1708,Cyber Security,,tablet,70,24,94,9,low,too fast pace for beginners,1
1709,Data Science,Canada,tablet,148,15,42,16,high,initially motivated but now skipping videos,1
1710,Data Science,India,desktop,20,29,114,17,medium,great start but later became difficult,0
1711,,Canada,desktop,174,10,40,15,high,,1
1712,Cyber Security,Canada,tablet,27,6,12,1,medium,too fast pace for beginners,0
1713,Web Development,,tablet,26,5,117,21,medium,too fast pace for beginners,1
1714,Cyber Security,UK,,160,11,3,16,high,lectures are boring and repetitive,0
1715,Web Development,,mobile,10,25,115,3,high,initially motivated but now skipping videos,0
1716,Cyber Security,,tablet,82,3,22,6,,too fast pace for beginners,1
1717,Cyber Security,Germany,mobile,105,13,69,28,,i was enjoying the course but now feeling lost,0
1718,Python,Germany,,140,10,33,28,medium,not enough support,1
1719,Data Science,Germany,mobile,88,25,40,27,,content is good but explanations are confusing,0
1720,Cyber Security,India,mobile,24,11,17,8,,too fast pace for beginners,1
1721,,UK,,117,1,119,25,medium,i stopped understanding after few lessons,0
1722,Cyber Security,UK,tablet,179,10,99,2,,initially motivated but now skipping videos,0
1723,AI,Germany,mobile,166,12,89,19,high,not enough support,0
1724,Data Science,Canada,tablet,46,10,96,20,low,platform is good but i am losing interest,0
1725,AI,India,tablet,136,8,32,4,high,i stopped understanding after few lessons,0
1726,Data Science,Canada,desktop,55,25,24,17,low,platform is good but i am losing interest,0
1727,AI,USA,tablet,78,26,51,28,high,initially motivated but now skipping videos,1
1728,Cyber Security,UK,tablet,159,20,16,20,low,too fast pace for beginners,0
1729,Cyber Security,UK,mobile,88,15,50,25,low,great start but later became difficult,0
1730,Python,Canada,tablet,16,4,2,16,,need more examples and practice,1
1731,,India,tablet,148,26,54,6,medium,platform is good but i am losing interest,1
1732,AI,UK,desktop,38,11,85,13,high,platform is good but i am losing interest,0
1733,Web Development,Canada,desktop,111,2,55,14,,lectures are boring and repetitive,0
1734,Python,,mobile,15,28,118,20,high,platform is good but i am losing interest,0
1735,AI,,mobile,78,15,112,21,high,too fast pace for beginners,0
1736,AI,India,desktop,76,18,34,13,low,content is good but explanations are confusing,0
1737,Python,Canada,desktop,162,16,67,8,low,initially motivated but now skipping videos,1
1738,Cyber Security,,,72,27,58,15,medium,great start but later became difficult,0
1739,AI,India,tablet,19,10,91,18,low,,0
1740,Cyber Security,Germany,mobile,120,20,58,0,high,great start but later became difficult,0
1741,Python,India,mobile,63,18,12,7,low,,0
1742,Cyber Security,USA,tablet,105,26,61,17,,lectures are boring and repetitive,1
1743,Data Science,Germany,tablet,32,17,93,1,,too fast pace for beginners,1
1744,Web Development,Canada,mobile,110,26,46,25,low,lectures are boring and repetitive,0
1745,AI,Germany,desktop,165,8,75,28,medium,i was enjoying the course but now feeling lost,0
1746,,Germany,desktop,7,12,2,3,low,too fast pace for beginners,1
1747,Web Development,Canada,tablet,176,29,20,20,,content is good but explanations are confusing,1
1748,Cyber Security,Canada,mobile,139,25,103,0,high,i stopped understanding after few lessons,0
1749,AI,,tablet,87,5,64,26,high,need more examples and practice,1
1750,Cyber Security,USA,desktop,31,2,17,18,high,too fast pace for beginners,0
1751,Data Science,Canada,,172,22,12,10,,lectures are boring and repetitive,1
1752,Python,UK,,45,11,70,23,,not enough support,0
1753,AI,UK,desktop,56,8,76,5,high,i was enjoying the course but now feeling lost,0
1754,Data Science,USA,tablet,160,8,80,18,medium,i stopped understanding after few lessons,0
1755,Data Science,India,,149,14,108,13,medium,initially motivated but now skipping videos,1
1756,AI,India,desktop,31,0,95,27,high,initially motivated but now skipping videos,0
1757,Cyber Security,UK,mobile,1,17,92,22,high,i was enjoying the course but now feeling lost,0
1758,,Canada,tablet,139,14,44,26,,platform is good but i am losing interest,1
1759,Data Science,USA,tablet,93,7,61,21,low,initially motivated but now skipping videos,0
1760,Web Development,India,,68,10,29,20,,platform is good but i am losing interest,0
1761,Data Science,India,tablet,36,16,74,23,low,great start but later became difficult,0
1762,,Germany,,79,26,13,23,low,initially motivated but now skipping videos,1
1763,Cyber Security,UK,,67,27,52,18,low,platform is good but i am losing interest,0
1764,Cyber Security,Canada,desktop,51,26,9,23,low,initially motivated but now skipping videos,1
1765,Web Development,USA,,157,13,71,25,high,not enough support,1
1766,Data Science,India,mobile,130,18,30,24,low,platform is good but i am losing interest,0
1767,Cyber Security,Germany,tablet,6,26,5,12,low,initially motivated but now skipping videos,0
1768,,UK,,159,22,82,11,low,i was enjoying the course but now feeling lost,0
1769,AI,UK,tablet,54,23,118,28,,great start but later became difficult,0
1770,Python,USA,,88,4,18,9,,initially motivated but now skipping videos,0
1771,Python,India,desktop,168,29,11,18,,initially motivated but now skipping videos,1
1772,Python,USA,mobile,145,1,116,10,medium,lectures are boring and repetitive,0
1773,Data Science,USA,tablet,5,14,63,23,,lectures are boring and repetitive,0
1774,Web Development,,desktop,2,18,102,23,medium,great start but later became difficult,0
1775,Cyber Security,Germany,tablet,58,24,113,11,,need more examples and practice,1
1776,AI,UK,desktop,12,15,115,6,medium,i was enjoying the course but now feeling lost,0
1777,,,mobile,5,12,81,7,,not enough support,1
1778,AI,Canada,,106,26,54,16,high,,0
1779,,UK,desktop,169,28,66,2,,too fast pace for beginners,0
1780,Data Science,UK,tablet,148,25,8,5,medium,lectures are boring and repetitive,1
1781,Python,Germany,tablet,129,6,5,11,low,i was enjoying the course but now feeling lost,0
1782,Data Science,Canada,desktop,56,28,0,14,,initially motivated but now skipping videos,0
1783,Web Development,India,mobile,70,16,41,22,low,initially motivated but now skipping videos,0
1784,Web Development,Canada,mobile,56,18,103,6,low,not enough support,1
1785,,India,,54,24,92,26,,platform is good but i am losing interest,0
1786,Cyber Security,Canada,,139,6,54,5,,,0
1787,Cyber Security,USA,tablet,3,11,48,28,high,content is good but explanations are confusing,1
1788,,Canada,tablet,95,12,98,11,medium,great start but later became difficult,0
1789,Web Development,,,28,28,98,27,,platform is good but i am losing interest,0
1790,Web Development,,,111,12,29,11,medium,need more examples and practice,0
1791,Web Development,Germany,,107,13,34,26,,i was enjoying the course but now feeling lost,0
1792,Data Science,India,desktop,120,14,62,3,low,i was enjoying the course but now feeling lost,0
1793,Web Development,UK,,133,1,102,20,low,content is good but explanations are confusing,1
1794,AI,Germany,desktop,124,5,21,8,,i was enjoying the course but now feeling lost,0
1795,Python,,desktop,90,8,42,16,medium,need more examples and practice,0
1796,Web Development,,,16,14,27,1,medium,great start but later became difficult,0
1797,,India,mobile,31,19,17,4,low,lectures are boring and repetitive,1
1798,Python,,mobile,28,15,31,20,medium,content is good but explanations are confusing,0
1799,Data Science,,tablet,135,25,68,27,medium,,0
1800,,India,,137,1,53,22,high,platform is good but i am losing interest,1
1801,Python,,tablet,39,2,33,23,low,i was enjoying the course but now feeling lost,1
1802,,UK,,171,22,30,9,medium,i was enjoying the course but now feeling lost,1
1803,Data Science,USA,tablet,27,19,109,5,high,content is good but explanations are confusing,0
1804,AI,Germany,desktop,76,22,96,5,,great start but later became difficult,0
1805,Data Science,UK,,117,20,3,20,high,not enough support,0
1806,Data Science,UK,mobile,89,29,13,4,high,i was enjoying the course but now feeling lost,0
1807,,USA,,107,7,14,28,high,too fast pace for beginners,0
1808,Cyber Security,Germany,tablet,122,7,59,26,high,not enough support,0
1809,Web Development,UK,tablet,126,20,19,7,high,need more examples and practice,0
1810,Web Development,,tablet,98,6,19,20,high,great start but later became difficult,1
1811,AI,USA,tablet,33,10,48,21,,need more examples and practice,1
1812,AI,Germany,tablet,91,21,98,2,,lectures are boring and repetitive,0
1813,Web Development,Canada,tablet,120,12,118,13,low,need more examples and practice,0
1814,Cyber Security,India,mobile,2,7,67,4,low,initially motivated but now skipping videos,1
1815,Web Development,,tablet,142,8,17,14,,platform is good but i am losing interest,0
1816,Cyber Security,USA,mobile,13,15,23,29,,not enough support,0
1817,AI,India,,24,4,26,8,low,,1
1818,Python,Canada,desktop,69,22,32,14,high,i was enjoying the course but now feeling lost,0
1819,,UK,mobile,34,13,63,18,medium,great start but later became difficult,0
1820,AI,UK,,87,0,24,15,high,lectures are boring and repetitive,1
1821,AI,Germany,desktop,19,26,68,7,,need more examples and practice,0
1822,Data Science,USA,mobile,30,23,17,14,low,content is good but explanations are confusing,0
1823,Data Science,USA,mobile,49,18,44,10,low,i was enjoying the course but now feeling lost,1
1824,Data Science,Germany,,171,16,109,22,high,i was enjoying the course but now feeling lost,0
1825,,India,tablet,144,21,19,3,low,content is good but explanations are confusing,0
1826,Data Science,UK,mobile,114,13,34,20,,initially motivated but now skipping videos,1
1827,Cyber Security,UK,mobile,116,12,118,23,,great start but later became difficult,0
1828,Web Development,USA,,177,7,5,9,medium,platform is good but i am losing interest,0
1829,Python,USA,tablet,139,26,90,22,,i stopped understanding after few lessons,0
1830,AI,Germany,desktop,78,2,91,25,medium,platform is good but i am losing interest,0
1831,Cyber Security,Canada,tablet,175,0,74,9,medium,,1
1832,Python,India,tablet,35,18,8,1,high,too fast pace for beginners,1
1833,Cyber Security,,,71,14,51,7,low,lectures are boring and repetitive,0
1834,Cyber Security,Canada,tablet,157,20,27,7,,platform is good but i am losing interest,0
1835,AI,Canada,,108,26,18,8,low,,0
1836,Web Development,USA,desktop,54,7,102,1,medium,i was enjoying the course but now feeling lost,0
1837,Data Science,USA,mobile,23,8,117,13,,i stopped understanding after few lessons,1
1838,,USA,mobile,152,12,84,19,low,initially motivated but now skipping videos,0
1839,Web Development,Canada,,10,11,62,1,,,1
1840,,India,,61,8,94,3,high,lectures are boring and repetitive,0
1841,AI,USA,tablet,136,19,105,2,,,1
1842,AI,UK,tablet,48,23,6,22,medium,need more examples and practice,0
1843,AI,India,mobile,112,10,36,13,,content is good but explanations are confusing,1
1844,Python,UK,mobile,126,4,88,20,high,lectures are boring and repetitive,1
1845,,India,mobile,157,18,91,15,high,great start but later became difficult,0
1846,Web Development,USA,,87,20,35,14,low,lectures are boring and repetitive,0
1847,Web Development,,desktop,26,17,16,6,high,i stopped understanding after few lessons,0
1848,Cyber Security,Germany,desktop,165,10,89,17,medium,lectures are boring and repetitive,0
1849,Cyber Security,USA,,52,26,91,19,high,i stopped understanding after few lessons,0
1850,Cyber Security,Canada,tablet,166,10,36,5,low,platform is good but i am losing interest,0
1851,AI,,desktop,6,5,80,27,high,i was enjoying the course but now feeling lost,0
1852,Web Development,Canada,tablet,8,0,59,20,high,platform is good but i am losing interest,0
1853,,India,mobile,17,21,48,15,,,0
1854,AI,Canada,mobile,76,28,80,10,low,i stopped understanding after few lessons,1
1855,Python,,tablet,34,20,96,1,,too fast pace for beginners,0
1856,Cyber Security,,mobile,147,28,55,27,low,,0
1857,AI,USA,,70,8,33,22,low,initially motivated but now skipping videos,0
1858,AI,UK,tablet,82,28,86,1,low,too fast pace for beginners,0
1859,Python,USA,tablet,118,29,29,13,low,i was enjoying the course but now feeling lost,0
1860,Data Science,India,tablet,165,6,26,8,low,need more examples and practice,1
1861,Web Development,Canada,desktop,38,5,50,22,low,platform is good but i am losing interest,0
1862,,UK,tablet,143,26,8,11,high,lectures are boring and repetitive,1
1863,Data Science,Germany,tablet,102,27,19,2,high,content is good but explanations are confusing,0
1864,Cyber Security,,tablet,40,22,86,21,high,lectures are boring and repetitive,1
1865,AI,UK,desktop,137,9,46,4,medium,lectures are boring and repetitive,0
1866,Python,UK,mobile,53,4,18,27,low,lectures are boring and repetitive,0
1867,Python,USA,desktop,118,0,100,8,high,not enough support,0
1868,Web Development,Germany,,66,14,108,28,low,,0
1869,Data Science,,tablet,80,24,67,2,,platform is good but i am losing interest,0
1870,Web Development,India,,52,4,76,17,medium,i stopped understanding after few lessons,0
1871,AI,India,desktop,129,19,101,1,low,content is good but explanations are confusing,0
1872,Web Development,UK,mobile,158,5,11,3,high,need more examples and practice,1
1873,,UK,mobile,124,4,72,12,medium,lectures are boring and repetitive,0
1874,Python,Canada,tablet,112,16,78,16,,not enough support,1
1875,Python,Germany,mobile,1,17,84,8,low,i was enjoying the course but now feeling lost,0
1876,Cyber Security,,desktop,167,3,78,18,medium,lectures are boring and repetitive,0
1877,Cyber Security,UK,desktop,16,23,112,13,low,content is good but explanations are confusing,1
1878,AI,Canada,mobile,145,20,4,12,medium,i stopped understanding after few lessons,0
1879,,Germany,tablet,112,22,68,4,high,content is good but explanations are confusing,0
1880,Data Science,,tablet,112,1,24,17,low,i stopped understanding after few lessons,1
1881,Web Development,India,desktop,102,7,87,23,low,great start but later became difficult,0
1882,AI,Canada,mobile,82,4,100,14,low,need more examples and practice,0
1883,Cyber Security,Germany,desktop,150,3,116,26,high,too fast pace for beginners,1
1884,Web Development,Canada,desktop,99,24,30,10,medium,i was enjoying the course but now feeling lost,1
1885,Cyber Security,UK,,159,21,45,29,high,not enough support,0
1886,Web Development,USA,desktop,40,13,33,18,,i was enjoying the course but now feeling lost,0
1887,Data Science,India,tablet,155,3,40,4,,not enough support,1
1888,AI,UK,mobile,36,7,77,6,,,0
1889,Web Development,UK,mobile,125,2,90,1,medium,great start but later became difficult,0
1890,,Germany,,4,13,110,18,low,i was enjoying the course but now feeling lost,1
1891,Python,Canada,,118,28,67,23,medium,too fast pace for beginners,1
1892,,India,tablet,25,25,86,15,,,0
1893,,UK,,95,17,37,25,medium,initially motivated but now skipping videos,0
1894,Python,Germany,desktop,78,22,45,29,low,,1
1895,,India,desktop,158,29,68,23,low,initially motivated but now skipping videos,0
1896,Web Development,Canada,tablet,175,11,26,2,medium,,0
1897,Web Development,UK,mobile,12,14,42,28,,i stopped understanding after few lessons,1
1898,Web Development,,tablet,27,19,116,9,low,need more examples and practice,0
1899,Python,UK,,173,19,77,11,,too fast pace for beginners,1
1900,,UK,mobile,63,25,70,22,low,need more examples and practice,1
1901,Python,India,mobile,55,8,109,29,,lectures are boring and repetitive,1
1902,Web Development,India,mobile,158,1,44,26,medium,i stopped understanding after few lessons,1
1903,,India,,82,0,17,28,high,not enough support,0
1904,,India,desktop,14,14,31,1,high,,1
1905,Cyber Security,Germany,desktop,56,22,1,24,,too fast pace for beginners,1
1906,Cyber Security,USA,,147,14,40,28,low,not enough support,1
1907,Data Science,Germany,,86,27,106,28,medium,not enough support,1
1908,AI,UK,tablet,26,7,19,7,low,content is good but explanations are confusing,1
1909,Cyber Security,Germany,tablet,92,2,92,24,high,lectures are boring and repetitive,0
1910,Python,Canada,desktop,166,1,57,8,high,i was enjoying the course but now feeling lost,0
1911,Cyber Security,,,36,3,106,22,medium,not enough support,0
1912,Data Science,India,tablet,146,17,89,19,,need more examples and practice,0
1913,,Canada,,78,11,37,11,medium,initially motivated but now skipping videos,0
1914,Data Science,,,112,17,0,27,high,great start but later became difficult,0
1915,,Canada,desktop,23,20,68,4,medium,great start but later became difficult,1
1916,,UK,desktop,119,9,53,22,high,,0
1917,AI,India,,116,20,13,12,low,not enough support,0
1918,Cyber Security,Canada,mobile,142,7,24,4,high,lectures are boring and repetitive,1
1919,Python,UK,mobile,22,24,111,27,high,initially motivated but now skipping videos,0
1920,Python,India,,28,17,8,25,medium,content is good but explanations are confusing,0
1921,Web Development,USA,desktop,43,16,93,14,medium,too fast pace for beginners,0
1922,,UK,mobile,76,18,82,23,medium,too fast pace for beginners,0
1923,Python,Germany,desktop,18,5,60,20,low,initially motivated but now skipping videos,1
1924,AI,India,mobile,100,13,51,4,medium,content is good but explanations are confusing,1
1925,,Canada,,124,4,103,4,low,,1
1926,AI,,tablet,109,7,7,3,,i was enjoying the course but now feeling lost,1
1927,Python,Canada,tablet,36,7,15,26,medium,i stopped understanding after few lessons,0
1928,Python,Germany,desktop,125,17,113,27,medium,not enough support,1
1929,Web Development,Germany,desktop,7,29,7,26,,too fast pace for beginners,1
1930,Python,Canada,mobile,23,8,22,27,,,1
1931,,,,162,13,72,22,,too fast pace for beginners,0
1932,,India,mobile,117,13,95,15,high,not enough support,0
1933,,UK,,114,19,100,17,high,,0
1934,Web Development,Germany,,96,13,33,9,high,lectures are boring and repetitive,0
1935,Web Development,Germany,desktop,21,16,116,28,,platform is good but i am losing interest,1
1936,Python,Germany,tablet,70,29,109,19,low,not enough support,0
1937,Data Science,,tablet,175,1,17,26,medium,not enough support,0
1938,Data Science,USA,desktop,53,13,108,2,high,,0
1939,Web Development,,tablet,84,26,43,9,,content is good but explanations are confusing,0
1940,Python,India,desktop,106,21,14,12,medium,initially motivated but now skipping videos,0
1941,Data Science,India,mobile,41,20,116,23,high,content is good but explanations are confusing,1
1942,Python,India,,160,11,14,22,,lectures are boring and repetitive,1
1943,Python,India,tablet,128,22,92,2,medium,i was enjoying the course but now feeling lost,1
1944,Python,India,tablet,142,24,22,3,high,i was enjoying the course but now feeling lost,1
1945,Cyber Security,Canada,mobile,88,15,86,12,high,platform is good but i am losing interest,0
1946,,Germany,mobile,103,21,64,13,high,not enough support,0
1947,Python,,tablet,107,5,85,3,high,initially motivated but now skipping videos,0
1948,Cyber Security,Canada,tablet,17,17,70,11,high,platform is good but i am losing interest,0
1949,Web Development,,desktop,25,6,108,15,,need more examples and practice,0
1950,Data Science,USA,desktop,64,1,31,9,medium,platform is good but i am losing interest,0
1951,,UK,tablet,86,12,91,22,high,platform is good but i am losing interest,0
1952,Data Science,Germany,desktop,119,22,113,23,medium,need more examples and practice,1
1953,,USA,mobile,176,7,31,19,high,too fast pace for beginners,0
1954,Data Science,Canada,,35,11,32,23,,great start but later became difficult,1
1955,,UK,desktop,37,0,42,16,,i stopped understanding after few lessons,0
1956,Data Science,USA,,55,8,12,28,medium,need more examples and practice,0
1957,Data Science,,desktop,145,7,115,24,high,great start but later became difficult,1
1958,Data Science,UK,tablet,156,8,91,6,,platform is good but i am losing interest,1
1959,Data Science,,desktop,129,4,8,3,high,need more examples and practice,0
1960,Web Development,USA,,53,12,61,23,high,too fast pace for beginners,0
1961,Python,Canada,,73,13,56,11,low,initially motivated but now skipping videos,0
1962,AI,,tablet,113,3,47,9,,too fast pace for beginners,1
1963,Cyber Security,UK,,13,16,42,1,medium,,0
1964,AI,USA,tablet,47,8,66,13,medium,platform is good but i am losing interest,0
1965,AI,,tablet,160,29,80,7,high,i was enjoying the course but now feeling lost,0
1966,,Canada,,28,19,97,9,high,great start but later became difficult,0
1967,Python,Germany,mobile,53,14,31,5,high,platform is good but i am losing interest,0
1968,,Canada,,31,19,72,22,low,too fast pace for beginners,1
1969,Python,Canada,,8,3,104,22,high,great start but later became difficult,1
1970,Python,Germany,desktop,72,1,111,1,high,great start but later became difficult,0
1971,Data Science,Canada,,124,27,59,13,medium,,0
1972,Web Development,Germany,desktop,98,26,0,10,low,content is good but explanations are confusing,0
1973,Data Science,Germany,desktop,87,12,56,1,medium,initially motivated but now skipping videos,0
1974,Web Development,,,74,3,112,3,low,not enough support,0
1975,,,tablet,101,17,105,5,low,great start but later became difficult,1
1976,Web Development,Germany,mobile,25,23,83,3,,content is good but explanations are confusing,0
1977,,USA,,115,15,68,21,,not enough support,0
1978,AI,UK,,33,22,103,4,,not enough support,0
1979,AI,USA,tablet,135,26,108,5,medium,content is good but explanations are confusing,0
1980,Web Development,Germany,desktop,97,9,84,8,,,0
1981,Web Development,UK,tablet,112,1,68,21,,lectures are boring and repetitive,1
1982,,,tablet,174,13,67,21,medium,content is good but explanations are confusing,0
1983,Data Science,UK,desktop,96,1,60,15,low,not enough support,0
1984,,Germany,,5,17,7,10,low,i was enjoying the course but now feeling lost,0
1985,Data Science,,tablet,121,0,88,10,high,too fast pace for beginners,0
1986,AI,UK,tablet,110,12,118,23,high,i was enjoying the course but now feeling lost,0
1987,Python,UK,,17,5,6,20,,lectures are boring and repetitive,0
1988,Web Development,USA,,76,21,36,20,medium,i stopped understanding after few lessons,0
1989,Data Science,UK,mobile,52,16,41,9,low,content is good but explanations are confusing,1
1990,,Germany,tablet,140,26,31,28,medium,great start but later became difficult,1
1991,AI,India,mobile,62,16,16,26,high,great start but later became difficult,0
1992,Data Science,India,desktop,163,21,27,0,,need more examples and practice,0
1993,,India,,21,10,69,21,high,great start but later became difficult,1
1994,Web Development,Germany,,85,5,105,16,high,i was enjoying the course but now feeling lost,0
1995,Web Development,India,mobile,21,19,47,26,low,too fast pace for beginners,1
1996,Cyber Security,USA,tablet,143,2,53,7,medium,i was enjoying the course but now feeling lost,0
1997,Python,Germany,desktop,151,13,41,25,low,content is good but explanations are confusing,0
1998,Cyber Security,,tablet,128,24,35,15,low,i was enjoying the course but now feeling lost,0
1999,AI,Germany,tablet,159,5,65,24,high,platform is good but i am losing interest,0
2000,Data Science,Germany,mobile,54,16,30,5,,great start but later became difficult,0
2001,AI,UK,tablet,26,2,64,13,high,platform is good but i am losing interest,0
2002,,UK,mobile,53,16,2,24,medium,need more examples and practice,0
2003,Web Development,UK,,66,18,12,1,,not enough support,1
2004,Cyber Security,Canada,,167,17,30,8,low,content is good but explanations are confusing,0
2005,Cyber Security,USA,,7,4,28,3,medium,i was enjoying the course but now feeling lost,0
2006,Cyber Security,Germany,desktop,167,14,56,18,medium,initially motivated but now skipping videos,1
2007,AI,Germany,desktop,32,2,107,16,medium,great start but later became difficult,0
2008,Web Development,UK,tablet,154,22,32,0,medium,content is good but explanations are confusing,0
2009,Data Science,Germany,mobile,87,7,52,23,high,i stopped understanding after few lessons,1
2010,,,tablet,157,6,9,1,medium,great start but later became difficult,0
2011,Data Science,Germany,,153,17,101,16,high,platform is good but i am losing interest,1
2012,AI,India,tablet,159,9,62,1,,lectures are boring and repetitive,0
2013,,,tablet,2,25,72,2,medium,great start but later became difficult,0
2014,Cyber Security,,tablet,175,22,64,3,high,need more examples and practice,1
2015,Python,Germany,,75,9,107,12,medium,need more examples and practice,0
2016,AI,Canada,mobile,29,18,100,26,,platform is good but i am losing interest,0
2017,AI,UK,tablet,127,22,95,24,low,not enough support,0
2018,Web Development,USA,,49,0,96,22,,content is good but explanations are confusing,0
2019,Data Science,USA,desktop,32,1,1,11,low,great start but later became difficult,0
2020,AI,India,mobile,158,27,109,20,high,content is good but explanations are confusing,0
2021,AI,USA,,15,25,1,4,,great start but later became difficult,0
2022,Cyber Security,USA,tablet,62,0,68,13,high,,0
2023,Cyber Security,UK,,78,8,73,5,,platform is good but i am losing interest,0
2024,,UK,mobile,17,28,115,0,medium,i stopped understanding after few lessons,0
2025,Python,Canada,tablet,22,28,101,15,low,initially motivated but now skipping videos,0
2026,Web Development,India,desktop,158,14,36,5,medium,initially motivated but now skipping videos,1
2027,Python,USA,desktop,81,17,1,12,high,content is good but explanations are confusing,0
2028,,Canada,desktop,144,17,104,12,medium,too fast pace for beginners,0
2029,Cyber Security,India,,8,21,60,10,low,not enough support,0
2030,Data Science,,mobile,167,6,105,15,low,i was enjoying the course but now feeling lost,1
2031,Cyber Security,USA,desktop,31,13,39,21,low,too fast pace for beginners,0
2032,Web Development,USA,tablet,12,28,62,13,low,initially motivated but now skipping videos,1
2033,Cyber Security,UK,tablet,33,17,24,10,low,platform is good but i am losing interest,0
2034,Web Development,Germany,tablet,12,29,37,4,high,i was enjoying the course but now feeling lost,0
2035,Web Development,India,,25,19,36,25,medium,lectures are boring and repetitive,0
2036,Web Development,USA,mobile,166,18,116,24,,content is good but explanations are confusing,1
2037,,India,mobile,48,28,81,25,medium,lectures are boring and repetitive,0
2038,Web Development,Canada,desktop,83,4,26,9,medium,not enough support,0
2039,Web Development,Canada,mobile,55,8,83,20,high,lectures are boring and repetitive,1
2040,Data Science,Germany,tablet,131,17,49,24,high,i was enjoying the course but now feeling lost,0
2041,Python,USA,tablet,125,12,33,25,high,initially motivated but now skipping videos,1
2042,AI,UK,,69,4,43,14,high,not enough support,0
2043,Python,USA,tablet,163,23,71,6,medium,content is good but explanations are confusing,0
2044,Web Development,India,mobile,51,21,3,2,low,i was enjoying the course but now feeling lost,1
2045,Data Science,,tablet,27,19,93,10,low,,1
2046,Cyber Security,Canada,desktop,165,14,51,8,high,platform is good but i am losing interest,0
2047,Data Science,India,,144,25,54,9,,lectures are boring and repetitive,1
2048,Web Development,Germany,,25,23,99,22,medium,i was enjoying the course but now feeling lost,0
2049,Data Science,Canada,mobile,33,18,72,3,medium,not enough support,0
2050,Data Science,UK,tablet,62,19,104,29,,platform is good but i am losing interest,1
2051,Web Development,Canada,tablet,145,10,11,27,high,platform is good but i am losing interest,0
2052,,,mobile,171,8,13,24,medium,great start but later became difficult,0
2053,Data Science,USA,mobile,30,20,34,21,,platform is good but i am losing interest,0
2054,AI,,desktop,41,21,5,24,low,i was enjoying the course but now feeling lost,1
2055,AI,,mobile,117,27,46,19,,too fast pace for beginners,0
2056,Data Science,USA,tablet,4,15,22,25,,need more examples and practice,1
2057,,Canada,desktop,66,10,114,17,high,too fast pace for beginners,0
2058,Cyber Security,Germany,,60,1,67,28,medium,need more examples and practice,0
2059,Web Development,USA,tablet,137,24,64,13,,too fast pace for beginners,1
2060,AI,USA,,31,7,58,8,medium,i stopped understanding after few lessons,0
2061,Cyber Security,UK,,89,22,8,25,medium,i stopped understanding after few lessons,0
2062,Data Science,Canada,,100,24,118,27,high,initially motivated but now skipping videos,0
2063,Cyber Security,USA,tablet,119,20,57,29,low,not enough support,1
2064,Python,Germany,,69,4,47,19,medium,not enough support,1
2065,AI,India,tablet,152,10,118,15,high,,1
2066,Data Science,Canada,,24,10,62,26,high,i stopped understanding after few lessons,0
2067,Web Development,UK,mobile,173,8,8,1,,great start but later became difficult,0
2068,,,mobile,165,10,43,22,medium,,1
2069,Data Science,USA,tablet,23,4,45,6,high,i stopped understanding after few lessons,0
2070,Web Development,Germany,,163,8,14,4,low,,1
2071,,Canada,,63,0,117,20,,i was enjoying the course but now feeling lost,1
2072,,Germany,,118,25,87,23,low,initially motivated but now skipping videos,0
2073,Data Science,Germany,mobile,114,9,52,21,high,need more examples and practice,0
2074,Cyber Security,,,6,26,47,16,,lectures are boring and repetitive,1
2075,Cyber Security,UK,,6,7,71,10,medium,i stopped understanding after few lessons,0
2076,,Canada,tablet,30,18,91,29,,i stopped understanding after few lessons,0
2077,Cyber Security,USA,,1,15,41,27,,i was enjoying the course but now feeling lost,0
2078,Python,UK,mobile,63,12,109,3,low,not enough support,0
2079,,USA,,136,23,16,16,medium,i was enjoying the course but now feeling lost,0
2080,,India,mobile,28,4,34,20,high,too fast pace for beginners,0
2081,Web Development,Germany,mobile,89,17,30,4,low,i stopped understanding after few lessons,0
2082,Cyber Security,India,desktop,161,8,3,3,medium,i stopped understanding after few lessons,0
2083,,Germany,mobile,53,3,47,24,high,content is good but explanations are confusing,1
2084,Python,,desktop,38,13,13,23,,,1
2085,Web Development,UK,desktop,52,29,24,29,medium,platform is good but i am losing interest,0
2086,Data Science,USA,,78,6,119,9,low,need more examples and practice,0
2087,,,desktop,139,11,45,29,high,too fast pace for beginners,0
2088,Python,USA,tablet,130,23,47,2,high,,0
2089,AI,UK,mobile,53,6,39,20,medium,content is good but explanations are confusing,0
2090,Python,Canada,tablet,94,10,49,5,medium,i was enjoying the course but now feeling lost,0
2091,Python,India,desktop,94,21,6,20,,not enough support,1
2092,Web Development,India,,7,14,94,7,high,platform is good but i am losing interest,1
2093,Data Science,USA,mobile,67,29,59,4,,initially motivated but now skipping videos,0
2094,AI,USA,tablet,137,27,34,7,,need more examples and practice,0
2095,Cyber Security,USA,,116,6,101,9,low,i stopped understanding after few lessons,1
2096,Cyber Security,UK,desktop,139,19,62,25,low,content is good but explanations are confusing,1
2097,Python,Canada,,37,25,19,29,medium,initially motivated but now skipping videos,0
2098,Web Development,India,tablet,142,16,15,18,medium,need more examples and practice,1
2099,Web Development,,,147,4,21,20,medium,lectures are boring and repetitive,0
2100,Cyber Security,Germany,tablet,8,7,35,3,low,need more examples and practice,1
2101,AI,UK,,135,9,18,28,,,1
2102,Data Science,India,mobile,59,5,1,26,,too fast pace for beginners,0
2103,AI,Canada,,123,20,67,5,low,initially motivated but now skipping videos,0
2104,,UK,mobile,7,1,97,2,medium,content is good but explanations are confusing,0
2105,,,tablet,120,25,6,27,medium,,0
2106,Data Science,India,mobile,3,27,46,25,,too fast pace for beginners,0
2107,Cyber Security,UK,,67,4,48,3,high,great start but later became difficult,0
2108,Data Science,India,mobile,18,9,77,26,high,i was enjoying the course but now feeling lost,0
2109,Web Development,India,tablet,45,27,42,3,high,need more examples and practice,0
2110,,Canada,,97,2,31,4,high,initially motivated but now skipping videos,0
2111,Python,Germany,mobile,92,12,16,26,medium,content is good but explanations are confusing,1
2112,Python,Canada,mobile,164,15,100,14,low,too fast pace for beginners,0
2113,Cyber Security,India,desktop,144,14,118,15,low,i stopped understanding after few lessons,1
2114,Web Development,UK,mobile,79,1,13,5,high,content is good but explanations are confusing,1
2115,AI,,desktop,157,29,80,17,low,not enough support,0
2116,Web Development,Canada,tablet,59,2,31,25,,initially motivated but now skipping videos,0
2117,Python,Germany,desktop,146,19,59,11,high,great start but later became difficult,1
2118,Python,India,tablet,177,17,59,23,medium,platform is good but i am losing interest,0
2119,,,mobile,174,29,51,19,high,i was enjoying the course but now feeling lost,1
2120,Web Development,Canada,mobile,83,19,116,6,,not enough support,0
2121,Web Development,Canada,desktop,157,19,65,22,low,lectures are boring and repetitive,0
2122,Python,Canada,tablet,109,14,102,11,low,lectures are boring and repetitive,1
2123,AI,Canada,mobile,178,21,3,13,low,i was enjoying the course but now feeling lost,0
2124,Cyber Security,,desktop,55,27,103,12,medium,content is good but explanations are confusing,0
2125,Cyber Security,UK,desktop,155,4,93,25,high,,0
2126,Web Development,Germany,desktop,135,22,93,10,medium,need more examples and practice,0
2127,Cyber Security,Germany,mobile,91,10,62,10,,lectures are boring and repetitive,0
2128,Python,India,tablet,83,22,32,1,medium,i was enjoying the course but now feeling lost,0
2129,Python,USA,mobile,126,2,105,13,high,not enough support,1
2130,Web Development,UK,,81,8,0,14,low,not enough support,0
2131,Web Development,India,,169,6,96,22,low,,1
2132,,India,mobile,139,22,99,27,low,lectures are boring and repetitive,0
2133,Web Development,Canada,tablet,5,1,112,0,low,not enough support,0
2134,AI,USA,desktop,66,14,63,11,medium,great start but later became difficult,1
2135,Cyber Security,USA,,111,11,94,13,high,content is good but explanations are confusing,0
2136,Web Development,UK,,12,15,36,17,high,,0
2137,Data Science,USA,mobile,170,25,77,20,high,i stopped understanding after few lessons,0
2138,,India,,106,15,69,23,medium,great start but later became difficult,0
2139,Data Science,USA,,75,15,6,27,low,,0
2140,Python,USA,desktop,138,18,103,22,low,lectures are boring and repetitive,0
2141,Cyber Security,Germany,desktop,28,2,23,2,high,,0
2142,Web Development,India,tablet,7,27,113,28,low,need more examples and practice,0
2143,Data Science,,,142,28,67,25,medium,lectures are boring and repetitive,0
2144,Cyber Security,USA,tablet,77,21,54,24,,content is good but explanations are confusing,1
2145,Python,USA,tablet,61,19,88,11,low,i was enjoying the course but now feeling lost,0
2146,AI,Canada,desktop,51,3,2,28,,initially motivated but now skipping videos,0
2147,,USA,desktop,170,0,91,4,,,0
2148,Cyber Security,USA,mobile,136,21,22,2,,not enough support,0
2149,Cyber Security,Germany,desktop,178,7,35,6,low,not enough support,1
2150,AI,India,tablet,129,23,56,15,,platform is good but i am losing interest,0
2151,Cyber Security,UK,,11,14,118,19,low,content is good but explanations are confusing,0
2152,Python,India,tablet,107,23,47,16,high,great start but later became difficult,0
2153,Python,Canada,tablet,48,20,12,20,medium,platform is good but i am losing interest,0
2154,AI,India,tablet,138,25,60,26,,i stopped understanding after few lessons,1
2155,,USA,desktop,143,21,85,7,,i stopped understanding after few lessons,1
2156,Web Development,Canada,tablet,103,4,88,14,high,not enough support,0
2157,Data Science,India,mobile,47,19,118,27,medium,initially motivated but now skipping videos,0
2158,Web Development,Canada,,153,11,106,19,high,lectures are boring and repetitive,0
2159,Cyber Security,UK,desktop,112,19,23,14,medium,great start but later became difficult,1
2160,Data Science,India,tablet,6,19,42,22,,platform is good but i am losing interest,0
2161,AI,,mobile,11,3,100,7,medium,lectures are boring and repetitive,0
2162,AI,USA,,17,29,115,24,high,too fast pace for beginners,0
2163,,Canada,tablet,143,21,32,10,,content is good but explanations are confusing,0
2164,Data Science,,,16,14,77,24,high,lectures are boring and repetitive,0
2165,Python,,desktop,56,5,23,20,,platform is good but i am losing interest,1
2166,Data Science,Germany,desktop,66,4,21,21,low,too fast pace for beginners,0
2167,Cyber Security,Canada,mobile,164,27,51,22,,i stopped understanding after few lessons,1
2168,Python,,desktop,83,10,114,9,medium,too fast pace for beginners,0
2169,AI,Germany,mobile,166,13,100,17,medium,great start but later became difficult,0
2170,Data Science,,tablet,75,10,115,8,medium,i stopped understanding after few lessons,0
2171,Web Development,USA,,127,8,86,15,medium,lectures are boring and repetitive,0
2172,,UK,desktop,131,23,5,0,medium,lectures are boring and repetitive,0
2173,Web Development,Germany,,18,9,18,29,low,platform is good but i am losing interest,1
2174,,UK,,89,5,75,21,,initially motivated but now skipping videos,0
2175,Cyber Security,Canada,tablet,94,10,89,5,,great start but later became difficult,0
2176,Web Development,USA,tablet,17,8,28,29,low,i was enjoying the course but now feeling lost,0
2177,Data Science,Germany,desktop,114,4,63,22,low,need more examples and practice,0
2178,Data Science,Canada,tablet,107,9,13,1,medium,content is good but explanations are confusing,0
2179,Web Development,,,99,19,80,12,high,i stopped understanding after few lessons,0
2180,Data Science,India,mobile,13,13,29,21,high,not enough support,0
2181,Cyber Security,Canada,mobile,63,5,70,5,medium,great start but later became difficult,1
2182,Python,UK,mobile,14,3,20,8,low,lectures are boring and repetitive,1
2183,Cyber Security,USA,desktop,164,23,64,13,,i stopped understanding after few lessons,0
2184,,USA,tablet,18,22,112,23,high,need more examples and practice,0
2185,Cyber Security,Canada,tablet,133,20,101,20,high,great start but later became difficult,0
2186,,,tablet,14,9,3,6,low,lectures are boring and repetitive,0
2187,Data Science,India,tablet,25,21,45,22,medium,initially motivated but now skipping videos,0
2188,Python,UK,,44,10,7,4,,initially motivated but now skipping videos,1
2189,Data Science,Canada,mobile,121,15,17,6,medium,,0
2190,AI,Canada,,39,6,115,2,medium,great start but later became difficult,0
2191,Data Science,USA,desktop,140,17,59,22,medium,,1
2192,,UK,mobile,104,24,44,12,medium,lectures are boring and repetitive,1
2193,Data Science,India,mobile,62,6,71,21,high,i stopped understanding after few lessons,0
2194,Data Science,USA,,53,23,94,11,low,great start but later became difficult,0
2195,Python,Canada,desktop,53,29,30,5,,initially motivated but now skipping videos,1
2196,Data Science,USA,desktop,156,20,27,1,high,great start but later became difficult,0
2197,Python,USA,mobile,163,14,119,14,,great start but later became difficult,0
2198,Web Development,Germany,tablet,118,18,111,14,,,0
2199,AI,USA,desktop,65,17,63,17,high,content is good but explanations are confusing,0
2200,Python,,,131,14,36,22,high,i stopped understanding after few lessons,0
2201,,USA,desktop,43,17,66,16,,not enough support,1
2202,Web Development,,mobile,50,2,108,24,,i stopped understanding after few lessons,0
2203,Python,UK,tablet,137,0,78,2,low,great start but later became difficult,0
2204,Python,USA,desktop,36,0,67,21,high,need more examples and practice,0
2205,AI,India,mobile,23,6,34,2,high,,0
2206,,,desktop,74,9,97,27,,i was enjoying the course but now feeling lost,1
2207,Cyber Security,,tablet,50,11,35,8,,great start but later became difficult,1
2208,Cyber Security,Canada,,55,26,56,9,medium,,1
2209,Python,UK,mobile,125,7,69,11,,lectures are boring and repetitive,0
2210,Data Science,USA,mobile,12,21,3,22,,not enough support,0
2211,,India,tablet,83,22,48,0,low,i was enjoying the course but now feeling lost,1
2212,Web Development,Canada,mobile,32,16,93,3,,need more examples and practice,0
2213,Data Science,UK,tablet,152,13,38,29,medium,initially motivated but now skipping videos,1
2214,Data Science,,mobile,86,16,17,20,medium,great start but later became difficult,1
2215,,India,tablet,155,24,59,22,high,need more examples and practice,0
2216,Python,USA,desktop,19,20,85,22,medium,great start but later became difficult,1
2217,Python,Germany,desktop,51,22,9,4,high,,0
2218,Python,Germany,desktop,64,5,112,27,,not enough support,1
2219,Python,UK,mobile,130,19,92,16,medium,i was enjoying the course but now feeling lost,1
2220,Cyber Security,India,tablet,164,16,22,20,low,lectures are boring and repetitive,0
2221,Python,Canada,tablet,128,19,67,4,low,,1
2222,Cyber Security,India,,139,25,58,3,medium,,1
2223,Cyber Security,,desktop,64,25,82,28,high,,0
2224,Python,Germany,,1,7,89,21,high,i was enjoying the course but now feeling lost,1
2225,AI,UK,desktop,89,12,6,14,high,i stopped understanding after few lessons,0
2226,Web Development,USA,,26,15,12,23,medium,i stopped understanding after few lessons,1
2227,Data Science,India,desktop,139,11,2,9,,need more examples and practice,0
2228,Cyber Security,Germany,tablet,87,26,39,4,,lectures are boring and repetitive,0
2229,,Canada,desktop,2,28,10,13,,great start but later became difficult,0
2230,,UK,mobile,93,16,79,23,high,not enough support,0
2231,Web Development,USA,desktop,168,17,83,27,medium,great start but later became difficult,0
2232,,India,desktop,119,7,50,20,low,great start but later became difficult,0
2233,AI,Canada,tablet,132,17,86,12,,not enough support,1
2234,,USA,mobile,80,10,22,18,,content is good but explanations are confusing,0
2235,Data Science,,tablet,111,12,31,7,high,lectures are boring and repetitive,0
2236,Data Science,Germany,,165,11,40,11,,need more examples and practice,1
2237,Cyber Security,,,126,14,41,19,medium,need more examples and practice,1
2238,Python,Germany,mobile,5,25,118,29,,i stopped understanding after few lessons,1
2239,AI,Canada,,143,24,37,18,high,great start but later became difficult,0
2240,Cyber Security,,mobile,26,2,66,18,medium,platform is good but i am losing interest,1
2241,AI,Germany,desktop,6,2,115,5,high,need more examples and practice,0
2242,Python,UK,,123,5,71,7,low,content is good but explanations are confusing,1
2243,,Canada,desktop,44,2,101,9,,,1
2244,,Germany,tablet,58,8,103,20,medium,need more examples and practice,1
2245,Python,India,,81,10,77,16,medium,too fast pace for beginners,1
2246,Cyber Security,Germany,tablet,46,7,71,0,,i stopped understanding after few lessons,0
2247,Python,,tablet,102,3,74,18,low,too fast pace for beginners,1
2248,Web Development,UK,mobile,170,21,105,11,low,need more examples and practice,0
2249,Data Science,USA,tablet,48,23,118,27,,i stopped understanding after few lessons,0
2250,Cyber Security,USA,mobile,114,19,41,21,,,0
2251,AI,Germany,mobile,155,14,42,1,,i was enjoying the course but now feeling lost,0
2252,Web Development,USA,mobile,20,28,32,16,high,platform is good but i am losing interest,1
2253,Cyber Security,Germany,mobile,115,4,78,6,medium,platform is good but i am losing interest,0
2254,Python,UK,mobile,163,6,36,13,medium,i was enjoying the course but now feeling lost,0
2255,Python,USA,desktop,76,7,77,13,,need more examples and practice,1
2256,Python,,mobile,176,6,118,11,high,content is good but explanations are confusing,0
2257,Python,,,121,7,89,15,high,great start but later became difficult,0
2258,AI,India,mobile,109,3,56,17,medium,i was enjoying the course but now feeling lost,0
2259,Web Development,Germany,desktop,68,0,63,7,low,lectures are boring and repetitive,0
2260,,USA,,132,21,63,1,,not enough support,0
2261,Data Science,,,167,4,59,10,,,0
2262,AI,UK,desktop,149,10,51,0,high,,0
2263,AI,UK,,66,3,71,9,medium,not enough support,0
2264,,India,desktop,144,1,112,17,high,need more examples and practice,0
2265,,UK,tablet,135,16,67,15,low,,1
2266,Data Science,UK,tablet,83,24,99,1,medium,lectures are boring and repetitive,1
2267,Data Science,USA,mobile,9,11,81,22,,platform is good but i am losing interest,0
2268,,Germany,mobile,17,1,26,16,medium,,0
2269,Python,Canada,mobile,113,8,58,15,medium,i was enjoying the course but now feeling lost,1
2270,AI,UK,mobile,140,5,18,18,,platform is good but i am losing interest,0
2271,Cyber Security,UK,desktop,173,28,2,4,low,too fast pace for beginners,0
2272,Data Science,Canada,tablet,120,5,72,27,high,content is good but explanations are confusing,0
2273,Data Science,UK,desktop,11,17,38,22,low,need more examples and practice,0
2274,,USA,,141,21,65,29,low,not enough support,1
2275,Web Development,USA,,159,2,72,5,low,initially motivated but now skipping videos,1
2276,Cyber Security,Canada,,26,14,55,23,medium,i was enjoying the course but now feeling lost,0
2277,Cyber Security,,,63,6,5,16,low,i was enjoying the course but now feeling lost,0
2278,Data Science,UK,,159,12,101,15,medium,content is good but explanations are confusing,0
2279,Python,,tablet,22,9,27,15,medium,great start but later became difficult,1
2280,Web Development,UK,desktop,134,3,47,6,high,content is good but explanations are confusing,0
2281,Cyber Security,Germany,,148,15,97,15,high,platform is good but i am losing interest,0
2282,Data Science,UK,mobile,10,8,92,8,low,lectures are boring and repetitive,0
2283,Cyber Security,USA,tablet,83,20,47,22,medium,i stopped understanding after few lessons,0
2284,Web Development,India,mobile,163,27,66,5,,i stopped understanding after few lessons,1
2285,Web Development,India,tablet,26,9,53,15,medium,too fast pace for beginners,1
2286,AI,India,tablet,71,18,15,8,high,platform is good but i am losing interest,0
2287,,India,mobile,37,16,107,28,,content is good but explanations are confusing,0
2288,,,mobile,136,0,34,3,medium,platform is good but i am losing interest,0
2289,Data Science,,,133,12,74,27,low,too fast pace for beginners,1
2290,Web Development,UK,mobile,172,3,106,25,medium,i stopped understanding after few lessons,0
2291,AI,,desktop,126,14,86,21,,platform is good but i am losing interest,0
2292,AI,UK,tablet,115,25,29,5,low,too fast pace for beginners,0
2293,Cyber Security,Germany,tablet,92,9,47,29,,lectures are boring and repetitive,0
2294,Cyber Security,UK,,117,19,68,25,high,initially motivated but now skipping videos,1
2295,AI,India,tablet,49,8,115,13,high,lectures are boring and repetitive,0
2296,Cyber Security,Canada,mobile,36,7,7,2,medium,initially motivated but now skipping videos,0
2297,Web Development,Canada,tablet,26,19,106,22,medium,,1
2298,Python,USA,tablet,45,5,106,16,high,too fast pace for beginners,1
2299,Web Development,USA,mobile,61,22,113,10,,content is good but explanations are confusing,0
2300,AI,UK,mobile,172,9,50,23,,not enough support,0
2301,AI,Canada,tablet,132,23,9,7,low,platform is good but i am losing interest,1
2302,Web Development,India,desktop,76,19,27,7,low,i stopped understanding after few lessons,0
2303,Cyber Security,,mobile,58,16,35,24,low,not enough support,1
2304,Cyber Security,India,desktop,105,4,59,3,high,lectures are boring and repetitive,0
2305,,India,desktop,26,13,9,14,high,platform is good but i am losing interest,0
2306,AI,UK,,95,16,13,15,high,initially motivated but now skipping videos,0
2307,Data Science,UK,desktop,79,10,101,21,medium,great start but later became difficult,0
2308,,Germany,,128,26,62,10,,initially motivated but now skipping videos,0
2309,Cyber Security,India,desktop,157,3,100,27,high,platform is good but i am losing interest,1
2310,Web Development,India,,137,22,46,6,low,content is good but explanations are confusing,0
2311,Cyber Security,UK,mobile,78,22,68,17,low,too fast pace for beginners,0
2312,Web Development,UK,tablet,36,16,118,5,high,initially motivated but now skipping videos,1
2313,,Germany,tablet,132,24,55,23,high,content is good but explanations are confusing,0
2314,AI,Germany,,59,1,5,3,,lectures are boring and repetitive,1
2315,Cyber Security,USA,mobile,165,20,93,4,low,not enough support,1
2316,Web Development,Canada,,124,21,18,23,,too fast pace for beginners,0
2317,AI,India,,88,0,51,2,high,initially motivated but now skipping videos,0
2318,Data Science,India,mobile,81,29,61,5,,initially motivated but now skipping videos,1
2319,Web Development,Germany,desktop,141,27,48,13,medium,not enough support,0
2320,,Germany,desktop,148,17,77,0,high,need more examples and practice,1
2321,Data Science,USA,mobile,17,6,10,19,low,platform is good but i am losing interest,1
2322,Data Science,Canada,,51,21,45,13,low,i stopped understanding after few lessons,0
2323,Python,USA,tablet,55,5,68,5,,not enough support,0
2324,Cyber Security,Canada,,161,5,44,2,high,i was enjoying the course but now feeling lost,1
2325,Web Development,,desktop,149,13,94,16,low,initially motivated but now skipping videos,1
2326,Data Science,India,mobile,81,29,107,21,,i stopped understanding after few lessons,1
2327,Python,USA,mobile,150,22,57,13,,initially motivated but now skipping videos,0
2328,,Germany,mobile,153,25,31,18,high,,1
2329,AI,USA,desktop,110,11,87,23,low,platform is good but i am losing interest,1
2330,Web Development,,,140,13,114,6,low,need more examples and practice,1
2331,Data Science,USA,mobile,143,13,9,10,low,,0
2332,Cyber Security,India,tablet,86,11,12,6,high,,0
2333,Python,,mobile,2,8,110,12,high,,0
2334,Data Science,Germany,,132,8,115,27,high,need more examples and practice,1
2335,Cyber Security,Germany,desktop,45,1,12,23,medium,need more examples and practice,0
2336,Data Science,UK,tablet,13,17,35,22,,i was enjoying the course but now feeling lost,0
2337,Web Development,,tablet,55,4,85,20,medium,great start but later became difficult,0
2338,Web Development,UK,mobile,160,25,72,25,medium,i stopped understanding after few lessons,0
2339,Web Development,UK,,22,22,18,23,low,lectures are boring and repetitive,1
2340,,India,mobile,89,11,115,13,low,i stopped understanding after few lessons,0
2341,,USA,tablet,55,13,117,23,,initially motivated but now skipping videos,0
2342,Python,Germany,mobile,145,27,117,10,,initially motivated but now skipping videos,1
2343,Web Development,Germany,,179,12,6,7,high,i was enjoying the course but now feeling lost,1
2344,Cyber Security,USA,desktop,136,2,14,11,low,lectures are boring and repetitive,1
2345,Data Science,Germany,tablet,97,14,80,14,medium,not enough support,0
2346,AI,USA,,138,14,45,9,,need more examples and practice,1
2347,Cyber Security,,mobile,19,2,77,21,,initially motivated but now skipping videos,0
2348,,India,tablet,128,19,104,1,medium,not enough support,1
2349,,India,mobile,142,18,47,23,high,lectures are boring and repetitive,1
2350,Cyber Security,India,mobile,67,14,65,12,low,initially motivated but now skipping videos,1
2351,,USA,desktop,61,18,77,9,low,i was enjoying the course but now feeling lost,0
2352,Web Development,USA,mobile,63,7,3,16,medium,initially motivated but now skipping videos,1
2353,Python,Canada,mobile,105,22,2,24,high,content is good but explanations are confusing,1
2354,Data Science,Germany,,104,12,2,24,medium,i stopped understanding after few lessons,0
2355,Python,Germany,mobile,139,22,74,21,low,content is good but explanations are confusing,0
2356,Data Science,Canada,desktop,175,29,68,9,medium,need more examples and practice,1
2357,Data Science,Canada,mobile,134,9,111,21,medium,great start but later became difficult,0
2358,Python,India,mobile,34,1,118,5,low,platform is good but i am losing interest,0
2359,Cyber Security,Canada,mobile,99,10,92,26,low,i stopped understanding after few lessons,0
2360,Data Science,USA,tablet,64,24,27,19,low,initially motivated but now skipping videos,0
2361,Python,UK,desktop,87,28,22,0,medium,platform is good but i am losing interest,0
2362,Data Science,USA,tablet,81,21,29,16,medium,platform is good but i am losing interest,0
2363,AI,Canada,desktop,66,29,61,0,medium,content is good but explanations are confusing,0
2364,Cyber Security,Germany,desktop,159,18,86,4,high,,1
2365,Web Development,USA,,83,8,50,28,,i was enjoying the course but now feeling lost,1
2366,Data Science,Germany,tablet,92,8,40,14,high,too fast pace for beginners,1
2367,AI,USA,desktop,136,5,85,22,,not enough support,0
2368,Web Development,Germany,desktop,170,28,63,0,low,i was enjoying the course but now feeling lost,1
2369,Web Development,,,169,9,42,16,,lectures are boring and repetitive,0
2370,Data Science,USA,tablet,168,21,75,13,high,need more examples and practice,1
2371,Python,Germany,mobile,150,23,90,12,low,i stopped understanding after few lessons,0
2372,Data Science,UK,,152,7,57,27,,,0
2373,AI,India,desktop,38,14,58,10,,i stopped understanding after few lessons,0
2374,Web Development,USA,tablet,130,5,39,11,,,1
2375,Data Science,UK,desktop,125,6,45,5,medium,not enough support,1
2376,Python,India,,41,19,61,10,low,i was enjoying the course but now feeling lost,0
2377,Data Science,USA,,19,16,48,1,medium,platform is good but i am losing interest,0
2378,Cyber Security,UK,tablet,105,3,115,17,low,not enough support,0
2379,Python,UK,,130,7,78,11,,need more examples and practice,0
2380,AI,,,92,27,110,28,,too fast pace for beginners,1
2381,Web Development,UK,mobile,96,12,22,22,high,too fast pace for beginners,0
2382,Data Science,,desktop,62,23,43,14,,not enough support,1
2383,Python,Canada,mobile,16,13,104,8,medium,i stopped understanding after few lessons,1
2384,Cyber Security,Germany,mobile,94,17,43,7,medium,i stopped understanding after few lessons,0
2385,Python,India,tablet,150,22,18,17,,content is good but explanations are confusing,1
2386,,Germany,,142,28,43,15,medium,i stopped understanding after few lessons,0
2387,Cyber Security,Germany,desktop,116,16,10,29,,content is good but explanations are confusing,1
2388,AI,,desktop,56,17,59,22,high,,0
2389,Web Development,Germany,desktop,65,13,37,20,high,,0
2390,AI,UK,,173,23,103,28,,great start but later became difficult,1
2391,Data Science,,desktop,54,10,106,26,high,initially motivated but now skipping videos,0
2392,Python,Germany,desktop,86,9,2,9,,great start but later became difficult,1
2393,,,,174,12,15,11,medium,lectures are boring and repetitive,0
2394,Cyber Security,Canada,tablet,161,28,95,29,,content is good but explanations are confusing,0
2395,Cyber Security,,desktop,50,19,101,28,low,content is good but explanations are confusing,1
2396,Python,USA,,105,15,8,19,low,i was enjoying the course but now feeling lost,0
2397,,UK,mobile,22,13,40,11,,i was enjoying the course but now feeling lost,0
2398,Python,India,,40,2,37,29,,initially motivated but now skipping videos,0
2399,Data Science,USA,mobile,39,29,68,9,,initially motivated but now skipping videos,0
2400,AI,USA,,105,17,64,13,high,great start but later became difficult,0
2401,Cyber Security,USA,desktop,169,26,34,3,low,i was enjoying the course but now feeling lost,0
2402,Data Science,Germany,tablet,68,5,34,14,,initially motivated but now skipping videos,1
2403,AI,,tablet,7,19,75,19,,content is good but explanations are confusing,0
2404,Data Science,,desktop,85,2,99,8,medium,not enough support,1
2405,,Germany,mobile,132,18,84,6,medium,i was enjoying the course but now feeling lost,1
2406,Cyber Security,UK,,76,25,47,6,high,great start but later became difficult,0
2407,Python,Germany,desktop,91,2,106,29,high,too fast pace for beginners,1
2408,Python,Germany,,84,11,7,19,low,,0
2409,AI,Germany,desktop,154,7,26,8,low,platform is good but i am losing interest,0
2410,Web Development,UK,desktop,31,24,8,23,,initially motivated but now skipping videos,0
2411,,UK,,99,24,91,9,low,initially motivated but now skipping videos,1
2412,AI,Canada,tablet,52,4,29,19,,initially motivated but now skipping videos,1
2413,Web Development,Canada,tablet,112,16,13,12,high,platform is good but i am losing interest,1
2414,Data Science,Canada,mobile,72,9,22,5,high,not enough support,0
2415,,Canada,,21,20,28,3,high,i was enjoying the course but now feeling lost,0
2416,Data Science,,mobile,16,16,25,16,medium,initially motivated but now skipping videos,1
2417,Cyber Security,USA,desktop,179,8,85,20,low,not enough support,0
2418,,USA,mobile,16,12,14,25,high,lectures are boring and repetitive,1
2419,Web Development,Canada,desktop,146,9,114,13,high,platform is good but i am losing interest,0
2420,Cyber Security,Canada,,175,28,72,26,high,too fast pace for beginners,0
2421,Python,India,,56,7,89,2,low,i was enjoying the course but now feeling lost,0
2422,Web Development,USA,,156,6,80,0,low,,1
2423,AI,India,,82,1,72,17,medium,,0
2424,Python,India,mobile,78,1,66,1,medium,need more examples and practice,0
2425,Python,Germany,desktop,37,29,15,7,medium,platform is good but i am losing interest,0
2426,AI,,tablet,144,3,12,15,medium,,0
2427,,UK,,60,8,89,3,high,lectures are boring and repetitive,0
2428,Python,USA,,11,29,80,18,,initially motivated but now skipping videos,0
2429,Web Development,Canada,desktop,126,24,95,19,medium,need more examples and practice,1
2430,Cyber Security,Canada,tablet,66,13,23,9,,lectures are boring and repetitive,1
2431,Python,UK,,126,23,117,16,high,lectures are boring and repetitive,1
2432,Web Development,USA,tablet,32,10,61,16,high,platform is good but i am losing interest,0
2433,Data Science,Canada,,147,20,56,20,low,platform is good but i am losing interest,1
2434,Web Development,Canada,mobile,56,29,35,6,,i was enjoying the course but now feeling lost,0
2435,Cyber Security,Germany,mobile,5,6,59,8,,content is good but explanations are confusing,0
2436,Web Development,India,tablet,131,27,116,6,high,i was enjoying the course but now feeling lost,0
2437,AI,Canada,desktop,156,24,85,26,low,content is good but explanations are confusing,1
2438,Cyber Security,,desktop,90,18,72,20,medium,too fast pace for beginners,1
2439,,USA,mobile,94,3,21,2,medium,content is good but explanations are confusing,1
2440,Data Science,,desktop,72,1,104,23,low,lectures are boring and repetitive,0
2441,AI,UK,desktop,100,24,113,11,low,i stopped understanding after few lessons,1
2442,,Germany,desktop,29,22,109,22,medium,initially motivated but now skipping videos,0
2443,Web Development,USA,tablet,59,21,83,3,high,not enough support,0
2444,Cyber Security,Germany,tablet,25,20,2,16,high,platform is good but i am losing interest,0
2445,Data Science,India,desktop,150,27,35,28,low,content is good but explanations are confusing,1
2446,AI,Canada,mobile,97,22,96,2,high,too fast pace for beginners,1
2447,,USA,desktop,101,18,81,10,high,not enough support,1
2448,,UK,,117,20,35,7,,i was enjoying the course but now feeling lost,0
2449,Data Science,India,mobile,23,17,9,1,medium,content is good but explanations are confusing,0
2450,Web Development,India,tablet,70,20,99,24,low,i was enjoying the course but now feeling lost,1
2451,Data Science,Germany,,79,6,20,13,medium,platform is good but i am losing interest,1
2452,,India,desktop,79,10,88,3,,too fast pace for beginners,0
2453,Python,USA,desktop,168,9,48,15,high,too fast pace for beginners,1
2454,AI,Germany,mobile,98,10,103,13,high,great start but later became difficult,0
2455,Data Science,India,mobile,14,22,114,6,,i was enjoying the course but now feeling lost,0
2456,,UK,desktop,29,8,8,9,medium,platform is good but i am losing interest,0
2457,Web Development,,desktop,144,2,111,11,,great start but later became difficult,0
2458,,USA,mobile,87,23,90,22,high,platform is good but i am losing interest,0
2459,Web Development,UK,,10,4,119,27,high,need more examples and practice,1
2460,Data Science,UK,tablet,47,22,119,7,medium,initially motivated but now skipping videos,0
2461,Web Development,Germany,mobile,4,0,78,22,high,too fast pace for beginners,1
2462,Cyber Security,Canada,,12,0,51,10,medium,,0
2463,Cyber Security,Germany,desktop,42,19,95,19,low,platform is good but i am losing interest,1
2464,Cyber Security,USA,tablet,4,4,47,12,high,initially motivated but now skipping videos,1
2465,Python,USA,,84,28,59,11,high,platform is good but i am losing interest,0
2466,Data Science,Germany,tablet,92,25,116,6,medium,too fast pace for beginners,0
2467,,Canada,tablet,92,18,107,20,low,lectures are boring and repetitive,0
2468,,Germany,tablet,6,5,118,11,high,content is good but explanations are confusing,0
2469,Python,USA,,142,2,49,9,high,too fast pace for beginners,0
2470,Web Development,Canada,,35,20,38,6,low,content is good but explanations are confusing,1
2471,Python,USA,desktop,175,26,15,18,high,content is good but explanations are confusing,1
2472,Web Development,Canada,tablet,65,12,27,25,medium,initially motivated but now skipping videos,0
2473,Web Development,Canada,mobile,147,16,114,26,low,not enough support,0
2474,AI,Germany,mobile,57,2,5,6,low,i stopped understanding after few lessons,0
2475,,Germany,mobile,13,22,60,22,,,0
2476,Cyber Security,Germany,,136,2,5,17,high,i stopped understanding after few lessons,0
2477,Web Development,Canada,desktop,18,20,101,23,low,need more examples and practice,0
2478,AI,Canada,,163,22,110,22,low,lectures are boring and repetitive,0
2479,,USA,tablet,87,12,65,24,low,not enough support,1
2480,Cyber Security,UK,mobile,114,1,104,11,,content is good but explanations are confusing,0
2481,Web Development,Germany,,26,2,39,3,high,i was enjoying the course but now feeling lost,0
2482,Web Development,,mobile,166,19,70,24,low,initially motivated but now skipping videos,1
2483,Python,USA,,66,15,90,0,high,great start but later became difficult,0
2484,Python,USA,mobile,26,20,61,4,low,initially motivated but now skipping videos,1
2485,,India,tablet,126,11,27,9,medium,i stopped understanding after few lessons,1
2486,Cyber Security,Germany,mobile,57,24,79,6,low,initially motivated but now skipping videos,1
2487,Web Development,USA,tablet,25,8,46,19,low,,0
2488,,India,tablet,30,15,8,28,,not enough support,0
2489,,,,135,3,51,6,low,need more examples and practice,0
2490,Data Science,,,27,29,14,29,medium,initially motivated but now skipping videos,0
2491,Python,Germany,,139,24,33,27,low,platform is good but i am losing interest,1
2492,Cyber Security,Canada,tablet,101,19,19,24,medium,not enough support,1
2493,Web Development,India,desktop,136,17,77,12,medium,great start but later became difficult,1
2494,,Canada,desktop,11,25,59,13,medium,,0
2495,Web Development,,tablet,126,0,57,4,,,1
2496,Data Science,,tablet,30,6,74,20,high,content is good but explanations are confusing,0
2497,Cyber Security,UK,,94,19,93,1,high,platform is good but i am losing interest,1
2498,,UK,,116,11,66,13,medium,content is good but explanations are confusing,0
2499,Web Development,UK,,15,7,1,20,,lectures are boring and repetitive,1
2500,Python,UK,desktop,35,7,49,7,,need more examples and practice,0
2501,Data Science,USA,desktop,39,27,13,19,high,content is good but explanations are confusing,0
2502,Cyber Security,UK,tablet,24,23,55,1,medium,lectures are boring and repetitive,1
2503,Data Science,USA,desktop,8,21,92,7,high,initially motivated but now skipping videos,1
2504,Python,USA,,43,8,68,19,high,great start but later became difficult,1
2505,Cyber Security,Germany,,170,13,43,29,,not enough support,0
2506,Data Science,USA,,84,19,45,28,,initially motivated but now skipping videos,0
2507,AI,USA,,169,4,5,4,low,too fast pace for beginners,0
2508,Python,UK,,47,19,7,29,,lectures are boring and repetitive,1
2509,Python,USA,mobile,26,20,38,11,,great start but later became difficult,0
2510,Python,Canada,tablet,150,1,102,6,high,i was enjoying the course but now feeling lost,1
2511,AI,UK,tablet,133,20,107,26,,need more examples and practice,0
2512,AI,India,desktop,143,9,92,20,,need more examples and practice,0
2513,Web Development,UK,,164,23,102,12,high,i stopped understanding after few lessons,1
2514,,USA,mobile,101,8,43,14,,need more examples and practice,1
2515,Data Science,Canada,,63,6,26,9,,too fast pace for beginners,0
2516,Web Development,UK,,93,22,15,3,low,initially motivated but now skipping videos,0
2517,Data Science,Canada,desktop,177,29,90,15,medium,too fast pace for beginners,0
2518,,India,mobile,55,21,38,6,low,content is good but explanations are confusing,0
2519,AI,,mobile,72,17,103,12,,initially motivated but now skipping videos,0
2520,,India,tablet,60,25,0,3,high,need more examples and practice,1
2521,AI,,,29,11,108,25,high,platform is good but i am losing interest,0
2522,,Germany,mobile,19,10,50,11,medium,initially motivated but now skipping videos,1
2523,Web Development,,tablet,73,9,62,19,high,too fast pace for beginners,1
2524,Cyber Security,Germany,mobile,138,12,32,1,,too fast pace for beginners,1
2525,Web Development,UK,,101,8,119,4,low,need more examples and practice,0
2526,Data Science,Germany,tablet,138,15,49,7,medium,too fast pace for beginners,1
2527,Web Development,Canada,mobile,57,29,102,3,low,platform is good but i am losing interest,1
2528,Python,Germany,desktop,68,20,53,26,high,not enough support,0
2529,Data Science,Canada,mobile,87,21,26,28,,i was enjoying the course but now feeling lost,1
2530,,,,103,16,80,1,medium,i was enjoying the course but now feeling lost,0
2531,Data Science,,desktop,72,4,78,24,high,initially motivated but now skipping videos,0
2532,Cyber Security,,mobile,129,5,85,5,high,i stopped understanding after few lessons,0
2533,AI,Germany,mobile,118,9,18,2,low,too fast pace for beginners,0
2534,,,tablet,140,10,27,28,high,i was enjoying the course but now feeling lost,1
2535,Data Science,Germany,,163,1,22,13,low,great start but later became difficult,0
2536,,Germany,mobile,116,6,63,9,high,i was enjoying the course but now feeling lost,0
2537,,USA,mobile,82,13,99,10,low,lectures are boring and repetitive,0
2538,,USA,mobile,161,3,112,4,low,not enough support,1
2539,AI,Germany,,109,4,38,21,,content is good but explanations are confusing,0
2540,Web Development,Canada,desktop,153,18,111,15,medium,i stopped understanding after few lessons,1
2541,,UK,,16,20,48,8,medium,need more examples and practice,0
2542,Python,India,tablet,136,27,58,20,,too fast pace for beginners,1
2543,Cyber Security,USA,tablet,35,19,19,15,high,platform is good but i am losing interest,1
2544,AI,Germany,,174,27,60,8,high,initially motivated but now skipping videos,0
2545,Data Science,India,mobile,139,29,110,16,medium,lectures are boring and repetitive,0
2546,AI,USA,mobile,44,9,8,11,low,content is good but explanations are confusing,0
2547,Data Science,UK,desktop,139,5,116,14,low,i was enjoying the course but now feeling lost,0
2548,AI,Canada,,139,1,22,9,medium,initially motivated but now skipping videos,0
2549,Data Science,Germany,,150,2,108,3,medium,i was enjoying the course but now feeling lost,0
2550,,UK,mobile,85,27,6,16,,i stopped understanding after few lessons,0
2551,Web Development,USA,tablet,82,14,30,17,high,need more examples and practice,0
2552,Data Science,Germany,tablet,176,9,59,17,low,content is good but explanations are confusing,0
2553,Data Science,India,desktop,102,16,114,9,,lectures are boring and repetitive,0
2554,Python,,desktop,63,6,60,10,medium,not enough support,1
2555,Data Science,Canada,tablet,179,24,74,20,,initially motivated but now skipping videos,1
2556,Python,USA,,173,1,103,0,,i was enjoying the course but now feeling lost,0
2557,Cyber Security,Canada,desktop,33,6,80,9,low,need more examples and practice,0
2558,,Germany,mobile,60,14,99,29,,initially motivated but now skipping videos,0
2559,Python,,,123,2,25,2,low,platform is good but i am losing interest,0
2560,Web Development,UK,mobile,2,4,99,26,medium,content is good but explanations are confusing,1
2561,,Canada,desktop,141,21,81,5,low,lectures are boring and repetitive,1
2562,Python,India,tablet,57,7,53,16,high,great start but later became difficult,0
2563,,USA,desktop,171,3,30,11,medium,i was enjoying the course but now feeling lost,1
2564,,India,tablet,45,17,112,10,low,not enough support,1
2565,,Canada,,31,18,98,16,medium,i stopped understanding after few lessons,0
2566,Cyber Security,,desktop,138,7,40,2,,content is good but explanations are confusing,1
2567,Web Development,UK,desktop,23,22,27,8,medium,great start but later became difficult,0
2568,AI,UK,desktop,29,5,89,17,low,too fast pace for beginners,0
2569,AI,India,,31,4,5,27,,platform is good but i am losing interest,0
2570,Python,Germany,mobile,18,26,33,5,high,need more examples and practice,0
2571,,Germany,mobile,11,4,91,2,medium,not enough support,1
2572,Python,,tablet,103,16,107,5,low,great start but later became difficult,1
2573,Cyber Security,UK,desktop,47,29,110,10,medium,need more examples and practice,0
2574,Cyber Security,India,mobile,3,5,8,10,medium,i was enjoying the course but now feeling lost,0
2575,Data Science,India,,130,12,92,6,low,not enough support,0
2576,Cyber Security,India,desktop,72,8,97,12,high,lectures are boring and repetitive,1
2577,Data Science,Canada,tablet,159,23,11,12,low,great start but later became difficult,0
2578,Web Development,,mobile,136,11,15,6,medium,great start but later became difficult,1
2579,Python,Germany,,171,9,70,13,high,platform is good but i am losing interest,1
2580,Web Development,Germany,,176,0,30,1,high,great start but later became difficult,0
2581,Cyber Security,Canada,tablet,130,10,32,2,high,great start but later became difficult,0
2582,Web Development,USA,mobile,22,28,116,3,high,lectures are boring and repetitive,0
2583,Web Development,Canada,desktop,124,5,6,7,medium,too fast pace for beginners,0
2584,Web Development,,,133,2,2,20,low,lectures are boring and repetitive,0
2585,Cyber Security,India,tablet,135,5,19,0,low,platform is good but i am losing interest,1
2586,,Canada,,20,8,4,8,,,0
2587,Web Development,India,,77,21,66,16,,not enough support,0
2588,Data Science,,mobile,130,7,110,17,,too fast pace for beginners,0
2589,Cyber Security,,mobile,32,29,37,6,high,too fast pace for beginners,1
2590,Web Development,UK,desktop,90,14,78,26,high,,0
2591,,India,,3,21,98,2,low,great start but later became difficult,1
2592,Cyber Security,Germany,tablet,169,5,55,21,high,great start but later became difficult,0
2593,AI,Canada,,42,22,22,15,low,initially motivated but now skipping videos,1
2594,,,tablet,77,10,96,7,,need more examples and practice,1
2595,Data Science,India,,173,28,1,4,low,need more examples and practice,0
2596,Web Development,USA,tablet,101,9,99,16,high,,0
2597,AI,UK,,145,10,20,25,low,,1
2598,AI,USA,,128,3,77,29,low,content is good but explanations are confusing,1
2599,Cyber Security,,desktop,47,28,13,27,low,,0
2600,AI,USA,mobile,152,12,61,18,high,lectures are boring and repetitive,0
2601,Data Science,USA,mobile,123,7,105,26,medium,initially motivated but now skipping videos,0
2602,Data Science,UK,tablet,34,19,10,17,,i stopped understanding after few lessons,1
2603,Python,UK,,178,14,3,21,medium,great start but later became difficult,1
2604,Data Science,UK,,42,6,46,29,medium,i stopped understanding after few lessons,0
2605,,UK,mobile,33,0,115,4,medium,initially motivated but now skipping videos,0
2606,AI,USA,tablet,123,27,93,6,medium,need more examples and practice,0
2607,Data Science,Germany,desktop,27,24,99,17,high,initially motivated but now skipping videos,0
2608,Cyber Security,Germany,desktop,59,25,19,29,high,,1
2609,Python,UK,desktop,147,8,51,12,medium,,1
2610,AI,Canada,,115,22,15,21,medium,platform is good but i am losing interest,1
2611,Python,India,tablet,131,7,97,10,low,not enough support,0
2612,AI,,mobile,128,1,44,4,low,content is good but explanations are confusing,1
2613,Cyber Security,Canada,,120,25,7,21,,content is good but explanations are confusing,1
2614,Python,,,153,13,108,14,,platform is good but i am losing interest,0
2615,Web Development,Canada,desktop,113,29,61,20,,content is good but explanations are confusing,1
2616,,Canada,tablet,15,11,83,6,low,too fast pace for beginners,0
2617,,Germany,tablet,83,25,20,4,medium,lectures are boring and repetitive,1
2618,AI,India,desktop,83,22,63,29,medium,i stopped understanding after few lessons,1
2619,Web Development,Canada,desktop,23,16,103,28,,need more examples and practice,0
2620,Python,UK,desktop,11,18,29,6,,need more examples and practice,1
2621,Web Development,,,116,5,35,16,high,content is good but explanations are confusing,0
2622,Web Development,Germany,,162,20,4,8,,content is good but explanations are confusing,1
2623,Python,,,103,4,84,5,low,too fast pace for beginners,0
2624,Cyber Security,UK,mobile,7,24,37,8,low,,1
2625,Web Development,UK,mobile,106,5,86,16,,content is good but explanations are confusing,0
2626,Web Development,Canada,tablet,172,2,18,1,,initially motivated but now skipping videos,0
2627,Cyber Security,UK,desktop,114,15,73,22,high,i was enjoying the course but now feeling lost,0
2628,Web Development,India,desktop,23,17,26,19,high,great start but later became difficult,0
2629,Web Development,UK,,102,13,98,29,high,need more examples and practice,1
2630,Web Development,Canada,mobile,58,24,12,12,low,i stopped understanding after few lessons,0
2631,,,desktop,20,14,8,25,high,great start but later became difficult,0
2632,Data Science,UK,tablet,155,25,16,29,medium,platform is good but i am losing interest,0
2633,Cyber Security,Germany,desktop,117,29,94,16,medium,great start but later became difficult,0
2634,Web Development,Germany,,136,3,105,20,medium,content is good but explanations are confusing,0
2635,,Germany,,101,10,43,19,high,content is good but explanations are confusing,1
2636,Cyber Security,,mobile,2,4,44,5,low,not enough support,0
2637,AI,USA,tablet,22,8,87,28,low,not enough support,1
2638,AI,Germany,tablet,70,4,41,22,high,not enough support,1
2639,Web Development,Germany,desktop,103,6,50,26,,lectures are boring and repetitive,1
2640,,USA,tablet,104,17,116,18,,need more examples and practice,1
2641,,,desktop,36,17,82,5,high,not enough support,1
2642,Cyber Security,Germany,desktop,108,19,57,1,low,,0
2643,Cyber Security,Canada,mobile,24,23,112,27,medium,not enough support,1
2644,,,tablet,140,1,57,25,,,0
2645,Cyber Security,Germany,,22,25,29,12,medium,too fast pace for beginners,0
2646,,Germany,desktop,83,22,4,19,low,i was enjoying the course but now feeling lost,0
2647,Data Science,USA,desktop,73,12,7,29,,i was enjoying the course but now feeling lost,0
2648,,Canada,desktop,124,12,36,9,high,,0
2649,AI,,tablet,81,16,46,28,medium,content is good but explanations are confusing,1
2650,Cyber Security,UK,tablet,151,24,99,8,medium,not enough support,0
2651,,India,tablet,74,25,88,12,medium,lectures are boring and repetitive,0
2652,,Canada,desktop,30,21,44,6,high,content is good but explanations are confusing,1
2653,Cyber Security,UK,,147,26,112,17,high,lectures are boring and repetitive,0
2654,Data Science,Canada,,26,16,4,21,medium,,0
2655,Data Science,UK,tablet,128,25,96,13,high,i was enjoying the course but now feeling lost,1
2656,Cyber Security,UK,,11,5,62,3,,platform is good but i am losing interest,1
2657,Python,Canada,desktop,20,13,85,7,low,great start but later became difficult,0
2658,Cyber Security,USA,tablet,118,20,46,11,,i was enjoying the course but now feeling lost,0
2659,Cyber Security,Canada,tablet,56,13,105,7,high,platform is good but i am losing interest,1
2660,Data Science,Canada,desktop,173,11,24,15,low,platform is good but i am losing interest,0
2661,Data Science,UK,tablet,47,4,106,0,medium,,0
2662,Cyber Security,India,desktop,89,4,49,23,medium,not enough support,0
2663,Cyber Security,UK,tablet,58,3,92,9,low,,1
2664,Cyber Security,Germany,,10,22,44,6,,lectures are boring and repetitive,0
2665,Data Science,Canada,tablet,22,28,115,29,medium,content is good but explanations are confusing,0
2666,Cyber Security,,tablet,71,24,119,13,medium,content is good but explanations are confusing,0
2667,Cyber Security,Canada,tablet,24,12,29,16,medium,need more examples and practice,0
2668,Web Development,USA,mobile,96,3,47,18,high,platform is good but i am losing interest,0
2669,Python,,,7,17,50,29,,i stopped understanding after few lessons,0
2670,AI,UK,desktop,72,15,93,4,high,content is good but explanations are confusing,1
2671,Python,USA,mobile,127,17,54,18,low,initially motivated but now skipping videos,1
2672,Web Development,Canada,,38,1,107,2,low,great start but later became difficult,1
2673,AI,UK,tablet,149,22,54,0,high,i stopped understanding after few lessons,0
2674,Cyber Security,UK,tablet,136,3,45,7,medium,platform is good but i am losing interest,0
2675,Web Development,Germany,desktop,121,19,30,8,high,i stopped understanding after few lessons,0
2676,Cyber Security,Germany,desktop,89,16,33,4,,need more examples and practice,0
2677,Data Science,India,,28,19,91,0,medium,too fast pace for beginners,1
2678,,Germany,,92,5,73,16,low,lectures are boring and repetitive,0
2679,Web Development,,desktop,54,17,67,24,,lectures are boring and repetitive,1
2680,Data Science,UK,,159,19,32,13,low,too fast pace for beginners,1
2681,Web Development,Germany,desktop,116,26,55,16,,content is good but explanations are confusing,1
2682,Web Development,India,tablet,116,6,57,8,,lectures are boring and repetitive,0
2683,Data Science,Canada,desktop,120,12,56,2,,great start but later became difficult,0
2684,AI,,mobile,41,8,16,2,low,great start but later became difficult,0
2685,Python,Germany,desktop,37,1,10,12,high,not enough support,0
2686,Cyber Security,UK,desktop,125,7,70,19,high,,1
2687,Web Development,Canada,mobile,166,13,80,4,medium,i was enjoying the course but now feeling lost,0
2688,Cyber Security,UK,mobile,179,21,91,5,low,lectures are boring and repetitive,0
2689,,Canada,mobile,76,23,16,13,medium,platform is good but i am losing interest,0
2690,Data Science,,mobile,37,17,104,5,medium,platform is good but i am losing interest,1
2691,Cyber Security,UK,desktop,101,29,9,25,,content is good but explanations are confusing,0
2692,Data Science,Germany,,31,26,25,28,,i stopped understanding after few lessons,1
2693,Cyber Security,Germany,mobile,146,0,5,28,high,lectures are boring and repetitive,0
2694,Python,India,tablet,90,22,80,24,high,i stopped understanding after few lessons,1
2695,Python,Canada,desktop,6,28,15,16,medium,platform is good but i am losing interest,0
2696,Python,India,,137,8,102,8,medium,content is good but explanations are confusing,0
2697,Python,USA,tablet,139,8,114,3,medium,not enough support,1
2698,Python,Germany,desktop,95,1,89,22,high,lectures are boring and repetitive,1
2699,Python,Canada,desktop,119,15,3,14,medium,i was enjoying the course but now feeling lost,0
2700,Data Science,,tablet,110,3,61,21,high,platform is good but i am losing interest,1
2701,Web Development,India,mobile,120,12,83,24,low,i was enjoying the course but now feeling lost,0
2702,Cyber Security,,mobile,130,16,119,17,low,need more examples and practice,1
2703,Python,,tablet,123,10,63,14,medium,platform is good but i am losing interest,0
2704,Data Science,,,29,22,112,26,high,i was enjoying the course but now feeling lost,0
2705,Data Science,India,mobile,110,1,55,17,low,i was enjoying the course but now feeling lost,0
2706,Data Science,USA,desktop,121,3,104,6,high,not enough support,0
2707,Web Development,India,desktop,179,11,74,14,high,great start but later became difficult,0
2708,Cyber Security,UK,,69,1,22,27,low,not enough support,0
2709,Web Development,Germany,desktop,151,0,32,24,medium,initially motivated but now skipping videos,0
2710,AI,India,mobile,7,22,30,4,medium,,0
2711,Data Science,India,,128,5,6,22,low,too fast pace for beginners,0
2712,AI,USA,mobile,56,15,85,10,,platform is good but i am losing interest,1
2713,,UK,,127,1,4,23,high,content is good but explanations are confusing,1
2714,Python,India,tablet,77,13,36,13,,lectures are boring and repetitive,0
2715,Python,Germany,desktop,62,19,0,7,medium,i stopped understanding after few lessons,0
2716,Web Development,Germany,,74,11,69,3,high,initially motivated but now skipping videos,0
2717,Cyber Security,India,tablet,15,26,44,9,low,content is good but explanations are confusing,1
2718,AI,,mobile,53,18,46,6,medium,i was enjoying the course but now feeling lost,1
2719,Cyber Security,,tablet,171,27,67,0,medium,platform is good but i am losing interest,0
2720,Web Development,UK,mobile,120,2,93,19,medium,too fast pace for beginners,1
2721,Python,Germany,,35,18,29,11,low,lectures are boring and repetitive,0
2722,Cyber Security,,,14,10,80,12,low,platform is good but i am losing interest,0
2723,Cyber Security,Germany,desktop,93,3,59,15,,i was enjoying the course but now feeling lost,0
2724,Python,UK,desktop,122,16,119,13,low,initially motivated but now skipping videos,0
2725,AI,UK,,177,16,23,12,,i stopped understanding after few lessons,1
2726,Python,,mobile,18,6,30,4,high,too fast pace for beginners,1
2727,Cyber Security,India,mobile,179,4,27,13,high,content is good but explanations are confusing,1
2728,AI,Canada,,129,18,44,25,high,too fast pace for beginners,0
2729,AI,USA,mobile,125,24,106,12,medium,i was enjoying the course but now feeling lost,0
2730,Python,Canada,,27,20,3,13,medium,i was enjoying the course but now feeling lost,0
2731,Cyber Security,Canada,desktop,64,25,60,11,medium,need more examples and practice,0
2732,Web Development,Germany,mobile,60,18,38,22,low,initially motivated but now skipping videos,0
2733,Cyber Security,UK,desktop,169,8,82,27,low,content is good but explanations are confusing,1
2734,Data Science,Germany,tablet,149,16,23,21,,too fast pace for beginners,0
2735,,,desktop,14,29,70,19,medium,content is good but explanations are confusing,1
2736,Web Development,USA,tablet,116,8,45,14,low,not enough support,1
2737,AI,,desktop,148,13,52,18,high,content is good but explanations are confusing,1
2738,Web Development,India,desktop,92,4,47,10,high,i stopped understanding after few lessons,1
2739,AI,USA,mobile,85,21,116,29,low,i stopped understanding after few lessons,0
2740,AI,Germany,desktop,87,1,8,21,high,great start but later became difficult,0
2741,Web Development,Germany,,139,23,21,25,high,content is good but explanations are confusing,1
2742,AI,,mobile,120,14,117,14,,platform is good but i am losing interest,1
2743,AI,Germany,mobile,84,15,1,29,high,great start but later became difficult,0
2744,Data Science,Germany,mobile,24,18,90,28,medium,i stopped understanding after few lessons,0
2745,Cyber Security,Canada,desktop,119,0,15,27,low,great start but later became difficult,0
2746,Cyber Security,India,mobile,89,22,4,20,low,not enough support,0
2747,,Canada,tablet,37,11,11,29,medium,,1
2748,,Germany,tablet,86,18,51,11,high,i was enjoying the course but now feeling lost,0
2749,Data Science,UK,desktop,127,19,25,18,,great start but later became difficult,1
2750,,Canada,mobile,152,14,14,15,,lectures are boring and repetitive,1
2751,Web Development,Germany,,15,4,66,3,medium,platform is good but i am losing interest,1
2752,Python,Germany,,12,0,72,17,high,need more examples and practice,0
2753,Python,India,tablet,95,10,58,8,medium,content is good but explanations are confusing,1
2754,Python,,desktop,31,26,91,15,,,1
2755,Data Science,USA,desktop,94,8,38,6,high,too fast pace for beginners,0
2756,Data Science,Canada,desktop,84,6,62,27,medium,too fast pace for beginners,0
2757,AI,Canada,desktop,72,1,99,29,medium,lectures are boring and repetitive,1
2758,Python,Canada,desktop,44,28,24,25,high,content is good but explanations are confusing,0
2759,Web Development,Germany,mobile,30,16,40,18,,,0
2760,,India,mobile,35,15,27,23,high,content is good but explanations are confusing,1
2761,Web Development,Germany,mobile,21,15,110,23,,i stopped understanding after few lessons,1
2762,,Germany,,111,13,118,10,low,i was enjoying the course but now feeling lost,0
2763,Python,,mobile,63,26,20,16,,i was enjoying the course but now feeling lost,0
2764,Python,UK,desktop,92,1,92,29,,i was enjoying the course but now feeling lost,0
2765,Python,India,desktop,145,18,88,20,low,initially motivated but now skipping videos,0
2766,Data Science,Canada,,12,27,93,4,medium,platform is good but i am losing interest,0
2767,,USA,,146,2,60,11,medium,i stopped understanding after few lessons,0
2768,Data Science,Canada,tablet,92,7,102,18,,need more examples and practice,1
2769,Data Science,Germany,,60,20,56,1,low,great start but later became difficult,0
2770,Cyber Security,India,tablet,67,24,10,0,low,lectures are boring and repetitive,0
2771,Web Development,India,mobile,115,18,18,28,high,platform is good but i am losing interest,1
2772,Web Development,India,desktop,15,15,74,3,,not enough support,1
2773,AI,UK,tablet,16,21,88,27,low,i was enjoying the course but now feeling lost,0
2774,Data Science,Canada,tablet,22,3,0,10,medium,great start but later became difficult,0
2775,,UK,tablet,118,7,31,25,low,platform is good but i am losing interest,1
2776,Cyber Security,,,113,27,84,17,low,not enough support,0
2777,Cyber Security,USA,,95,0,108,20,low,content is good but explanations are confusing,1
2778,Web Development,,,159,3,76,27,low,i stopped understanding after few lessons,1
2779,Data Science,Germany,tablet,1,6,33,26,medium,initially motivated but now skipping videos,0
2780,AI,UK,mobile,75,24,16,15,low,,1
2781,Data Science,UK,desktop,6,28,114,9,,initially motivated but now skipping videos,1
2782,Python,,,87,0,54,11,low,,0
2783,Data Science,Germany,mobile,137,23,110,1,medium,great start but later became difficult,0
2784,Python,India,,62,17,18,0,,not enough support,1
2785,Python,Germany,,58,3,73,9,low,need more examples and practice,0
2786,AI,Canada,tablet,108,19,41,9,medium,platform is good but i am losing interest,0
2787,,,tablet,19,13,58,27,,initially motivated but now skipping videos,1
2788,Web Development,Germany,,109,7,72,25,low,content is good but explanations are confusing,1
2789,Data Science,India,desktop,141,26,114,9,low,content is good but explanations are confusing,0
2790,Python,Germany,,123,17,74,24,low,initially motivated but now skipping videos,0
2791,Data Science,UK,desktop,160,6,37,1,,initially motivated but now skipping videos,1
2792,,USA,mobile,100,2,30,25,high,initially motivated but now skipping videos,0
2793,Web Development,UK,,9,24,65,19,low,lectures are boring and repetitive,0
2794,,USA,desktop,49,20,87,2,medium,need more examples and practice,0
2795,Web Development,Germany,mobile,165,13,105,0,high,,0
2796,Cyber Security,Canada,mobile,31,11,110,23,low,initially motivated but now skipping videos,0
2797,Web Development,Germany,tablet,159,14,68,17,medium,too fast pace for beginners,1
2798,AI,India,mobile,59,7,49,10,low,platform is good but i am losing interest,0
2799,,Germany,tablet,147,4,29,23,medium,i stopped understanding after few lessons,1
2800,Python,USA,mobile,130,16,102,11,low,need more examples and practice,1
2801,Cyber Security,UK,mobile,45,24,34,0,medium,platform is good but i am losing interest,0
2802,AI,Canada,desktop,96,9,116,5,medium,,0
2803,Data Science,Germany,desktop,43,10,58,15,high,great start but later became difficult,1
2804,,Germany,tablet,98,27,111,19,high,too fast pace for beginners,0
2805,Python,UK,,1,22,16,2,,not enough support,0
2806,Web Development,Canada,desktop,131,15,94,16,medium,,0
2807,Python,,mobile,91,15,65,25,medium,lectures are boring and repetitive,1
2808,Data Science,Germany,tablet,44,3,79,15,high,great start but later became difficult,0
2809,Cyber Security,Germany,tablet,135,22,20,10,,great start but later became difficult,0
2810,Cyber Security,,tablet,33,4,93,15,medium,need more examples and practice,1
2811,,USA,mobile,137,9,51,11,low,not enough support,1
2812,Cyber Security,USA,desktop,30,13,64,0,low,initially motivated but now skipping videos,0
2813,,India,,146,8,13,10,,initially motivated but now skipping videos,0
2814,,UK,tablet,56,17,15,22,medium,content is good but explanations are confusing,1
2815,,Canada,mobile,105,19,54,5,medium,,1
2816,Web Development,Germany,desktop,31,5,8,18,high,content is good but explanations are confusing,0
2817,AI,Germany,desktop,178,10,112,11,high,i stopped understanding after few lessons,0
2818,,India,,89,20,7,27,medium,great start but later became difficult,0
2819,,Germany,tablet,1,16,72,1,low,need more examples and practice,0
2820,AI,UK,mobile,110,8,33,9,high,too fast pace for beginners,1
2821,Python,India,desktop,82,24,108,18,low,i was enjoying the course but now feeling lost,0
2822,,UK,mobile,19,2,32,27,low,i stopped understanding after few lessons,0
2823,Web Development,India,desktop,115,15,85,14,low,lectures are boring and repetitive,0
2824,Cyber Security,Germany,tablet,126,19,93,7,low,lectures are boring and repetitive,1
2825,Cyber Security,India,tablet,64,3,6,10,,platform is good but i am losing interest,1
2826,Data Science,USA,,53,25,81,22,,great start but later became difficult,0
2827,Data Science,Canada,desktop,6,23,20,15,high,platform is good but i am losing interest,0
2828,Cyber Security,Germany,mobile,17,21,4,12,medium,not enough support,1
2829,Cyber Security,,desktop,46,14,70,29,,,0
2830,Web Development,Canada,mobile,118,1,11,27,medium,initially motivated but now skipping videos,0
2831,AI,Germany,,73,19,58,12,high,initially motivated but now skipping videos,0
2832,Data Science,Canada,desktop,101,16,80,22,low,initially motivated but now skipping videos,0
2833,AI,USA,tablet,91,18,57,4,medium,initially motivated but now skipping videos,0
2834,Web Development,Canada,mobile,6,19,87,11,,i stopped understanding after few lessons,1
2835,Cyber Security,India,tablet,109,15,36,9,medium,lectures are boring and repetitive,1
2836,,Canada,,40,23,107,18,,i was enjoying the course but now feeling lost,0
2837,AI,Germany,,91,18,82,16,medium,content is good but explanations are confusing,0
2838,Cyber Security,,mobile,66,20,44,0,,platform is good but i am losing interest,0
2839,Cyber Security,,desktop,137,16,79,21,low,lectures are boring and repetitive,0
2840,Python,UK,tablet,11,28,24,14,medium,lectures are boring and repetitive,0
2841,AI,Canada,tablet,148,3,26,15,high,not enough support,0
2842,,,mobile,116,17,50,19,medium,i stopped understanding after few lessons,1
2843,AI,Canada,mobile,43,3,118,22,,initially motivated but now skipping videos,0
2844,Cyber Security,,mobile,58,20,41,9,medium,platform is good but i am losing interest,0
2845,,Canada,,154,2,107,9,high,content is good but explanations are confusing,0
2846,Web Development,Germany,,38,29,70,25,low,too fast pace for beginners,1
2847,Python,Canada,tablet,94,21,109,16,medium,not enough support,1
2848,Cyber Security,Germany,desktop,36,27,41,28,low,need more examples and practice,0
2849,Data Science,Germany,mobile,6,17,59,21,low,platform is good but i am losing interest,0
2850,Data Science,UK,,131,20,71,22,low,initially motivated but now skipping videos,0
2851,Python,,desktop,65,19,78,16,,too fast pace for beginners,0
2852,Web Development,India,mobile,124,4,57,1,medium,i was enjoying the course but now feeling lost,0
2853,Cyber Security,Germany,desktop,117,28,79,8,medium,content is good but explanations are confusing,0
2854,AI,,mobile,18,8,71,24,high,i stopped understanding after few lessons,1
2855,Python,USA,desktop,151,21,99,21,low,i stopped understanding after few lessons,0
2856,Web Development,Canada,tablet,96,22,95,26,,initially motivated but now skipping videos,1
2857,AI,USA,mobile,157,29,80,3,,platform is good but i am losing interest,0
2858,Data Science,Canada,mobile,151,26,99,6,high,content is good but explanations are confusing,1
2859,Data Science,UK,tablet,128,23,21,4,medium,content is good but explanations are confusing,0
2860,AI,Germany,mobile,36,14,95,18,medium,initially motivated but now skipping videos,0
2861,Python,India,mobile,70,8,57,3,,content is good but explanations are confusing,1
2862,Data Science,Germany,,95,13,10,17,,not enough support,0
2863,Cyber Security,Canada,tablet,134,20,108,29,high,initially motivated but now skipping videos,0
2864,,India,,162,23,5,21,,initially motivated but now skipping videos,0
2865,AI,Germany,tablet,44,1,21,2,,great start but later became difficult,0
2866,AI,India,desktop,44,25,77,22,high,i stopped understanding after few lessons,0
2867,Data Science,Canada,tablet,27,24,91,3,low,content is good but explanations are confusing,1
2868,Python,UK,tablet,100,17,102,13,,need more examples and practice,0
2869,Cyber Security,UK,,52,12,11,23,medium,i was enjoying the course but now feeling lost,1
2870,Python,Germany,mobile,170,27,26,26,low,not enough support,0
2871,Web Development,USA,tablet,25,20,0,13,,i was enjoying the course but now feeling lost,0
2872,Web Development,Canada,mobile,74,15,63,16,low,,0
2873,,Germany,tablet,39,5,73,8,,great start but later became difficult,1
2874,Data Science,Germany,,167,15,96,18,medium,i stopped understanding after few lessons,1
2875,Data Science,UK,tablet,140,3,79,2,,too fast pace for beginners,0
2876,Data Science,India,desktop,139,23,38,14,medium,i was enjoying the course but now feeling lost,1
2877,,Canada,tablet,113,9,59,20,,need more examples and practice,0
2878,Web Development,India,tablet,3,18,115,25,,need more examples and practice,1
2879,Python,,mobile,115,10,69,0,low,i stopped understanding after few lessons,0
2880,,,mobile,22,28,53,29,high,content is good but explanations are confusing,0
2881,,Canada,desktop,4,4,24,18,medium,i stopped understanding after few lessons,0
2882,Python,USA,tablet,136,17,113,3,low,great start but later became difficult,1
2883,Data Science,,mobile,14,2,19,13,high,i stopped understanding after few lessons,0
2884,Cyber Security,UK,tablet,14,7,35,17,low,,0
2885,Python,USA,,16,10,22,11,medium,,1
2886,Web Development,Germany,,160,20,79,5,high,too fast pace for beginners,0
2887,AI,,desktop,64,29,0,9,high,not enough support,0
2888,AI,UK,,16,18,116,3,high,i was enjoying the course but now feeling lost,1
2889,,Germany,mobile,52,20,93,15,medium,platform is good but i am losing interest,1
2890,AI,USA,mobile,19,24,26,0,medium,initially motivated but now skipping videos,1
2891,Cyber Security,Canada,desktop,69,2,51,2,low,content is good but explanations are confusing,0
2892,Data Science,Germany,tablet,140,11,1,6,,lectures are boring and repetitive,0
2893,Web Development,India,mobile,93,14,111,29,,content is good but explanations are confusing,1
2894,Cyber Security,Canada,,5,25,20,2,,lectures are boring and repetitive,0
2895,Web Development,Canada,mobile,42,22,8,28,,platform is good but i am losing interest,0
2896,Web Development,USA,desktop,17,23,110,21,low,content is good but explanations are confusing,0
2897,Data Science,USA,,111,15,87,26,medium,i was enjoying the course but now feeling lost,1
2898,,UK,,72,4,47,14,low,great start but later became difficult,0
2899,AI,UK,,104,18,104,5,high,need more examples and practice,1
2900,Data Science,India,desktop,94,26,38,15,medium,content is good but explanations are confusing,0
2901,Cyber Security,Canada,desktop,10,5,41,16,medium,i stopped understanding after few lessons,1
2902,,India,tablet,16,28,70,1,,need more examples and practice,0
2903,Cyber Security,India,tablet,144,11,93,9,low,i stopped understanding after few lessons,0
2904,,USA,tablet,42,18,44,10,,platform is good but i am losing interest,0
2905,Cyber Security,India,desktop,3,8,1,27,medium,i was enjoying the course but now feeling lost,1
2906,Data Science,India,,151,17,75,26,,not enough support,0
2907,,Germany,,121,28,76,5,high,great start but later became difficult,0
2908,,UK,mobile,156,2,66,17,medium,too fast pace for beginners,1
2909,Web Development,UK,tablet,173,22,42,14,high,,0
2910,Web Development,Canada,,24,29,103,15,medium,not enough support,1
2911,Python,UK,,19,13,106,29,,,1
2912,Cyber Security,,,75,25,17,12,medium,,1
2913,Web Development,Canada,,40,23,38,15,medium,too fast pace for beginners,0
2914,Python,Germany,desktop,46,20,107,1,low,,0
2915,Web Development,UK,tablet,40,4,5,19,low,great start but later became difficult,0
2916,Cyber Security,Germany,,62,4,41,11,high,lectures are boring and repetitive,0
2917,,UK,,18,3,51,28,low,too fast pace for beginners,0
2918,AI,UK,,140,24,26,13,medium,content is good but explanations are confusing,0
2919,Cyber Security,Germany,,142,21,78,7,low,,0
2920,Data Science,India,mobile,82,28,115,5,,,0
2921,Web Development,India,,108,27,14,13,low,lectures are boring and repetitive,0
2922,Web Development,India,,12,15,18,23,high,not enough support,1
2923,,,,104,12,61,14,medium,great start but later became difficult,1
2924,Data Science,India,mobile,155,7,63,19,,platform is good but i am losing interest,1
2925,,UK,desktop,134,23,101,26,,platform is good but i am losing interest,0
2926,Data Science,USA,mobile,88,20,50,2,high,platform is good but i am losing interest,1
2927,AI,Germany,,115,15,46,6,low,,0
2928,Web Development,USA,desktop,33,27,56,15,medium,not enough support,0
2929,Web Development,,,118,24,19,22,high,i was enjoying the course but now feeling lost,0
2930,AI,USA,desktop,80,1,19,1,,i stopped understanding after few lessons,1
2931,Python,Canada,,178,29,81,16,,i stopped understanding after few lessons,0
2932,,India,,12,7,63,10,,not enough support,0
2933,AI,,desktop,95,2,97,23,high,need more examples and practice,0
2934,,UK,desktop,53,22,102,2,,too fast pace for beginners,0
2935,Cyber Security,India,,13,28,100,21,medium,i was enjoying the course but now feeling lost,0
2936,Web Development,India,mobile,122,8,98,22,,too fast pace for beginners,0
2937,,USA,mobile,102,29,37,7,high,lectures are boring and repetitive,1
2938,Data Science,Canada,mobile,131,10,37,21,high,great start but later became difficult,0
2939,,India,mobile,58,20,64,22,,platform is good but i am losing interest,1
2940,Cyber Security,Germany,desktop,4,26,114,20,high,initially motivated but now skipping videos,0
2941,Web Development,Germany,desktop,173,23,75,18,low,initially motivated but now skipping videos,0
2942,AI,India,mobile,66,19,4,17,high,too fast pace for beginners,1
2943,Cyber Security,USA,tablet,115,29,63,6,low,too fast pace for beginners,1
2944,Web Development,USA,tablet,36,0,26,15,high,platform is good but i am losing interest,0
2945,,UK,tablet,23,0,102,23,high,too fast pace for beginners,0
2946,Python,,,19,21,19,13,high,too fast pace for beginners,1
2947,Python,,mobile,40,7,59,7,,platform is good but i am losing interest,1
2948,Data Science,,,72,15,39,12,high,i stopped understanding after few lessons,0
2949,Web Development,Canada,desktop,144,9,82,2,medium,lectures are boring and repetitive,1
2950,Python,USA,desktop,58,1,101,1,,i was enjoying the course but now feeling lost,0
2951,AI,UK,tablet,107,15,78,12,low,,0
2952,Web Development,Germany,tablet,18,26,5,24,medium,content is good but explanations are confusing,1
2953,AI,,desktop,36,3,72,21,medium,,0
2954,AI,Germany,tablet,152,18,35,25,medium,too fast pace for beginners,0
2955,Python,Germany,tablet,129,28,111,2,medium,content is good but explanations are confusing,0
2956,Web Development,India,desktop,1,8,86,20,high,,0
2957,,Canada,,64,2,73,0,high,not enough support,0
2958,Cyber Security,UK,tablet,62,10,64,1,medium,too fast pace for beginners,0
2959,Python,Canada,,110,7,10,24,,initially motivated but now skipping videos,0
2960,Python,India,tablet,164,29,48,9,medium,i was enjoying the course but now feeling lost,0
2961,,UK,mobile,75,6,113,10,low,i was enjoying the course but now feeling lost,0
2962,Web Development,UK,,146,0,83,25,medium,,1
2963,Web Development,USA,,16,7,27,2,high,great start but later became difficult,1
2964,AI,Canada,tablet,17,24,21,23,low,platform is good but i am losing interest,1
2965,,Canada,,24,23,83,25,,platform is good but i am losing interest,0
2966,,USA,mobile,98,25,46,7,medium,great start but later became difficult,0
2967,Web Development,Germany,desktop,130,25,101,14,low,,1
2968,AI,India,mobile,138,16,79,4,medium,,0
2969,Python,Canada,desktop,179,26,65,7,,content is good but explanations are confusing,0
2970,Data Science,USA,mobile,14,28,24,17,,,0
2971,Cyber Security,UK,mobile,112,10,90,17,low,great start but later became difficult,0
2972,Python,,,66,6,66,11,,platform is good but i am losing interest,0
2973,Web Development,USA,mobile,82,28,86,3,low,great start but later became difficult,0
2974,Cyber Security,,tablet,93,8,31,7,,content is good but explanations are confusing,0
2975,Data Science,Germany,tablet,72,13,16,1,high,great start but later became difficult,0
2976,Data Science,India,tablet,101,4,39,19,low,i stopped understanding after few lessons,1
2977,AI,,tablet,49,17,83,23,medium,need more examples and practice,1
2978,Cyber Security,Germany,,90,29,29,2,low,too fast pace for beginners,0
2979,AI,,tablet,37,23,58,7,,initially motivated but now skipping videos,1
2980,Python,UK,mobile,177,24,27,11,,too fast pace for beginners,1
2981,,UK,tablet,161,22,46,1,,great start but later became difficult,0
2982,,UK,,150,27,108,29,medium,too fast pace for beginners,0
2983,,UK,desktop,70,12,116,16,medium,not enough support,0
2984,Cyber Security,USA,mobile,33,4,22,13,,initially motivated but now skipping videos,1
2985,,UK,mobile,28,7,82,13,high,i was enjoying the course but now feeling lost,0
2986,Python,UK,,88,14,56,29,low,i stopped understanding after few lessons,1
2987,AI,USA,desktop,4,21,88,5,,lectures are boring and repetitive,0
2988,Cyber Security,UK,tablet,66,27,87,7,high,content is good but explanations are confusing,0
2989,AI,Germany,desktop,77,3,0,24,medium,lectures are boring and repetitive,1
2990,Cyber Security,Germany,mobile,110,0,91,9,,not enough support,1
2991,AI,Canada,mobile,49,5,28,23,low,great start but later became difficult,1
2992,Data Science,Germany,mobile,128,23,107,17,low,need more examples and practice,1
2993,AI,India,desktop,139,18,113,0,medium,too fast pace for beginners,1
2994,,India,tablet,35,11,49,6,,not enough support,0
2995,Data Science,India,mobile,167,6,63,6,,,0
2996,AI,USA,,138,12,98,12,,too fast pace for beginners,0
2997,Cyber Security,Germany,tablet,74,27,113,15,high,initially motivated but now skipping videos,0
2998,Cyber Security,India,mobile,69,6,80,11,high,too fast pace for beginners,0
2999,Cyber Security,Canada,tablet,151,8,74,28,,platform is good but i am losing interest,0
3000,Web Development,USA,,34,0,36,18,low,great start but later became difficult,0
3001,Python,Canada,desktop,124,20,117,5,high,initially motivated but now skipping videos,0
3002,Cyber Security,Germany,mobile,111,23,60,6,low,initially motivated but now skipping videos,1
3003,Data Science,UK,,32,12,6,29,high,i was enjoying the course but now feeling lost,0
3004,Cyber Security,Canada,mobile,16,28,89,24,medium,platform is good but i am losing interest,0
3005,Web Development,UK,mobile,68,18,86,16,medium,content is good but explanations are confusing,0
3006,,USA,desktop,54,20,63,28,medium,great start but later became difficult,0
3007,Data Science,Canada,desktop,124,29,17,18,low,great start but later became difficult,1
3008,Web Development,Canada,tablet,156,0,28,4,low,content is good but explanations are confusing,1
3009,,,,112,24,102,2,,need more examples and practice,0
3010,Data Science,USA,,60,19,113,23,,need more examples and practice,0
3011,AI,USA,desktop,78,20,97,25,medium,platform is good but i am losing interest,0
3012,Python,India,mobile,76,18,59,21,medium,content is good but explanations are confusing,1
3013,Python,Germany,tablet,60,29,101,17,high,i was enjoying the course but now feeling lost,1
3014,Web Development,Canada,desktop,85,17,53,16,medium,platform is good but i am losing interest,0
3015,,Canada,tablet,112,27,71,25,medium,too fast pace for beginners,1
3016,Python,USA,tablet,80,29,20,20,medium,not enough support,0
3017,,USA,,118,22,20,10,low,content is good but explanations are confusing,0
3018,,Germany,tablet,172,26,57,24,low,not enough support,0
3019,Web Development,USA,,2,4,48,25,medium,content is good but explanations are confusing,0
3020,Web Development,UK,mobile,23,26,35,8,high,content is good but explanations are confusing,0
3021,Web Development,UK,mobile,46,25,16,16,high,need more examples and practice,0
3022,Python,,desktop,73,29,79,18,,too fast pace for beginners,1
3023,Web Development,UK,mobile,54,2,52,12,medium,i was enjoying the course but now feeling lost,1
3024,Python,UK,,71,1,14,5,low,need more examples and practice,0
3025,Web Development,Germany,tablet,125,25,78,20,medium,content is good but explanations are confusing,0
3026,Cyber Security,Canada,tablet,81,21,39,3,high,lectures are boring and repetitive,0
3027,,UK,mobile,9,9,80,28,low,need more examples and practice,0
3028,Web Development,,,70,5,50,17,low,not enough support,0
3029,Data Science,USA,tablet,172,18,64,11,low,platform is good but i am losing interest,0
3030,,UK,mobile,84,28,12,27,,i was enjoying the course but now feeling lost,0
3031,,,,74,24,37,27,medium,platform is good but i am losing interest,1
3032,Web Development,Germany,,73,16,73,3,medium,need more examples and practice,0
3033,AI,USA,tablet,12,18,96,4,medium,lectures are boring and repetitive,1
3034,Web Development,,desktop,32,12,25,11,high,initially motivated but now skipping videos,1
3035,,UK,desktop,162,16,75,17,low,lectures are boring and repetitive,0
3036,Data Science,Canada,,83,22,82,25,low,content is good but explanations are confusing,0
3037,,USA,,33,17,14,16,high,,0
3038,Data Science,USA,mobile,64,10,116,22,,too fast pace for beginners,1
3039,Python,Canada,,48,26,4,22,high,platform is good but i am losing interest,0
3040,Cyber Security,USA,mobile,16,27,1,23,low,too fast pace for beginners,1
3041,,UK,mobile,178,19,114,9,,not enough support,0
3042,Web Development,USA,mobile,114,19,77,5,,great start but later became difficult,0
3043,Python,UK,,151,29,92,16,low,,1
3044,Cyber Security,Canada,,26,12,104,7,high,i stopped understanding after few lessons,1
3045,Web Development,India,mobile,54,23,64,1,medium,,1
3046,AI,Canada,tablet,172,10,76,11,medium,platform is good but i am losing interest,1
3047,Web Development,UK,,37,19,112,2,medium,i stopped understanding after few lessons,0
3048,Data Science,Germany,desktop,9,18,59,23,high,not enough support,0
3049,Data Science,Canada,tablet,13,9,95,19,low,not enough support,0
3050,AI,Germany,desktop,60,27,97,20,high,lectures are boring and repetitive,0
3051,Python,Germany,,106,2,55,24,medium,content is good but explanations are confusing,1
3052,Cyber Security,UK,tablet,126,20,117,26,medium,great start but later became difficult,0
3053,Web Development,UK,,80,5,77,22,medium,too fast pace for beginners,0
3054,Data Science,India,,128,6,115,25,high,i was enjoying the course but now feeling lost,1
3055,Python,,tablet,130,28,118,27,high,great start but later became difficult,0
3056,AI,USA,,60,20,37,6,medium,initially motivated but now skipping videos,0
3057,,Canada,tablet,115,22,56,0,,,1
3058,Data Science,UK,,43,19,101,16,medium,great start but later became difficult,1
3059,AI,Canada,mobile,147,4,113,7,low,i was enjoying the course but now feeling lost,0
3060,Web Development,,desktop,124,21,50,9,high,initially motivated but now skipping videos,1
3061,Cyber Security,,mobile,139,8,40,16,,content is good but explanations are confusing,0
3062,Data Science,Germany,,47,21,78,15,,i was enjoying the course but now feeling lost,0
3063,Data Science,USA,,63,9,102,9,low,lectures are boring and repetitive,0
3064,Web Development,India,,135,13,69,14,medium,initially motivated but now skipping videos,1
3065,,Canada,mobile,94,10,92,15,medium,i stopped understanding after few lessons,0
3066,Python,USA,,123,16,100,17,medium,i was enjoying the course but now feeling lost,1
3067,Cyber Security,India,tablet,31,27,82,3,low,initially motivated but now skipping videos,0
3068,Data Science,Canada,desktop,55,10,51,24,high,great start but later became difficult,1
3069,Cyber Security,USA,,153,6,0,6,high,i was enjoying the course but now feeling lost,0
3070,Data Science,UK,,30,29,84,28,low,i stopped understanding after few lessons,0
3071,Cyber Security,Canada,desktop,36,10,102,28,high,lectures are boring and repetitive,1
3072,AI,USA,desktop,50,12,17,11,low,need more examples and practice,1
3073,Data Science,,desktop,142,26,26,22,low,great start but later became difficult,1
3074,Cyber Security,India,mobile,29,18,91,11,,great start but later became difficult,0
3075,Python,USA,mobile,155,5,71,25,,need more examples and practice,0
3076,AI,UK,,117,1,94,22,high,great start but later became difficult,0
3077,AI,Canada,desktop,178,13,75,20,,i stopped understanding after few lessons,0
3078,Python,Canada,,36,27,41,0,high,,1
3079,Cyber Security,Canada,,162,15,5,20,low,lectures are boring and repetitive,1
3080,Web Development,UK,,21,6,89,23,high,content is good but explanations are confusing,0
3081,Python,India,mobile,38,0,79,27,,need more examples and practice,1
3082,Cyber Security,Canada,desktop,75,28,93,11,high,too fast pace for beginners,1
3083,Python,India,,178,1,82,22,,i stopped understanding after few lessons,1
3084,Python,USA,mobile,126,8,81,6,low,content is good but explanations are confusing,1
3085,Data Science,,tablet,37,24,23,14,medium,platform is good but i am losing interest,0
3086,Cyber Security,,tablet,120,22,44,1,low,content is good but explanations are confusing,0
3087,Web Development,India,,147,17,83,0,,lectures are boring and repetitive,0
3088,Data Science,India,,118,20,70,3,high,too fast pace for beginners,0
3089,Python,,desktop,1,19,6,7,,lectures are boring and repetitive,1
3090,,Canada,desktop,168,17,15,29,,i stopped understanding after few lessons,0
3091,Python,Germany,,55,17,57,16,medium,need more examples and practice,0
3092,Python,Germany,mobile,154,9,56,28,high,too fast pace for beginners,1
3093,Cyber Security,UK,,171,7,41,17,,need more examples and practice,1
3094,Cyber Security,,desktop,59,20,110,22,low,too fast pace for beginners,1
3095,Data Science,,desktop,51,7,13,4,low,initially motivated but now skipping videos,0
3096,Web Development,UK,mobile,107,1,55,5,,,0
3097,Data Science,Germany,,143,17,11,11,,content is good but explanations are confusing,0
3098,AI,USA,desktop,8,10,92,23,,lectures are boring and repetitive,1
3099,Python,Canada,,94,10,14,27,,great start but later became difficult,0
3100,,Canada,desktop,142,18,7,15,low,need more examples and practice,0
3101,Python,USA,tablet,97,10,102,8,medium,i stopped understanding after few lessons,1
3102,Python,USA,tablet,7,9,57,14,,platform is good but i am losing interest,0
3103,Data Science,Germany,tablet,18,7,52,7,high,content is good but explanations are confusing,0
3104,,UK,desktop,12,14,8,11,medium,need more examples and practice,1
3105,,USA,mobile,2,7,45,13,low,lectures are boring and repetitive,0
3106,,UK,tablet,178,18,91,16,,i stopped understanding after few lessons,1
3107,Data Science,India,desktop,93,0,90,13,,content is good but explanations are confusing,0
3108,Python,Canada,,149,22,6,26,,i stopped understanding after few lessons,0
3109,Data Science,Germany,tablet,7,19,43,19,,too fast pace for beginners,0
3110,Cyber Security,Canada,mobile,12,2,13,4,high,i stopped understanding after few lessons,0
3111,Cyber Security,Germany,mobile,84,20,74,12,,i stopped understanding after few lessons,1
3112,Data Science,India,mobile,57,11,95,24,low,,1
3113,,Canada,,78,15,114,5,high,great start but later became difficult,1
3114,Python,India,,74,21,91,13,medium,i was enjoying the course but now feeling lost,0
3115,Data Science,Germany,mobile,23,15,5,5,medium,platform is good but i am losing interest,0
3116,Data Science,USA,mobile,30,29,34,29,medium,initially motivated but now skipping videos,0
3117,Data Science,Canada,mobile,111,16,69,2,,too fast pace for beginners,0
3118,AI,India,,58,27,60,15,medium,great start but later became difficult,0
3119,Cyber Security,,,95,27,23,11,high,great start but later became difficult,0
3120,,Canada,desktop,52,15,72,13,high,need more examples and practice,0
3121,Web Development,Canada,tablet,56,8,1,1,medium,not enough support,0
3122,,Canada,,10,21,101,17,medium,i stopped understanding after few lessons,1
3123,Web Development,UK,mobile,147,18,77,6,high,platform is good but i am losing interest,1
3124,AI,India,tablet,147,0,50,4,low,content is good but explanations are confusing,0
3125,Data Science,India,,108,28,30,11,medium,lectures are boring and repetitive,0
3126,AI,Canada,tablet,87,24,93,25,high,too fast pace for beginners,0
3127,AI,USA,desktop,172,17,118,16,medium,need more examples and practice,0
3128,Python,Canada,,84,29,26,11,high,need more examples and practice,0
3129,Cyber Security,UK,mobile,4,25,99,20,,lectures are boring and repetitive,1
3130,Web Development,Germany,mobile,97,5,109,10,medium,i stopped understanding after few lessons,1
3131,Data Science,UK,desktop,112,5,30,0,medium,need more examples and practice,1
3132,Web Development,USA,desktop,141,11,116,8,low,lectures are boring and repetitive,0
3133,,Canada,desktop,67,2,105,7,low,platform is good but i am losing interest,0
3134,Web Development,India,desktop,140,10,69,13,low,great start but later became difficult,0
3135,,,desktop,93,5,42,3,low,platform is good but i am losing interest,1
3136,Cyber Security,Canada,,95,13,108,10,medium,need more examples and practice,1
3137,,USA,,41,17,119,16,medium,i stopped understanding after few lessons,0
3138,Web Development,India,tablet,164,15,81,26,low,lectures are boring and repetitive,1
3139,Web Development,UK,desktop,2,23,51,7,low,great start but later became difficult,0
3140,,Germany,mobile,22,12,13,20,medium,i stopped understanding after few lessons,0
3141,AI,Germany,mobile,150,0,58,0,,i stopped understanding after few lessons,1
3142,Cyber Security,Canada,desktop,41,5,19,17,high,not enough support,0
3143,Python,UK,desktop,95,13,117,4,low,too fast pace for beginners,0
3144,Data Science,,desktop,116,16,51,28,high,not enough support,0
3145,Web Development,,desktop,120,24,74,29,,lectures are boring and repetitive,0
3146,Data Science,USA,desktop,14,12,116,24,,,1
3147,Python,Germany,mobile,93,12,100,25,,content is good but explanations are confusing,1
3148,Data Science,UK,tablet,35,8,39,7,medium,,1
3149,Python,Canada,desktop,178,5,67,26,high,i stopped understanding after few lessons,0
3150,,India,desktop,9,5,43,25,,need more examples and practice,1
3151,AI,Canada,desktop,118,24,5,7,low,too fast pace for beginners,0
3152,Web Development,Canada,,96,29,86,28,,need more examples and practice,0
3153,Python,UK,mobile,59,4,119,8,low,great start but later became difficult,0
3154,Data Science,Germany,mobile,56,24,56,17,low,great start but later became difficult,0
3155,Web Development,UK,tablet,10,20,57,6,,,0
3156,AI,India,,25,13,71,9,low,platform is good but i am losing interest,0
3157,,UK,,173,13,29,20,low,i stopped understanding after few lessons,0
3158,Web Development,USA,,11,3,99,15,medium,,0
3159,Python,Canada,tablet,101,1,51,2,high,need more examples and practice,0
3160,AI,Germany,tablet,9,1,105,9,medium,content is good but explanations are confusing,0
3161,Data Science,,tablet,135,28,10,29,medium,too fast pace for beginners,0
3162,AI,India,,71,16,46,7,medium,i stopped understanding after few lessons,0
3163,AI,,mobile,162,9,4,17,high,platform is good but i am losing interest,1
3164,Cyber Security,Canada,,83,13,2,3,high,i was enjoying the course but now feeling lost,0
3165,AI,UK,tablet,20,18,14,28,,great start but later became difficult,1
3166,AI,,,114,16,1,11,medium,content is good but explanations are confusing,0
3167,Web Development,USA,desktop,89,28,1,20,high,initially motivated but now skipping videos,0
3168,Data Science,UK,,5,21,71,4,,i was enjoying the course but now feeling lost,1
3169,Web Development,Canada,,112,29,53,3,medium,lectures are boring and repetitive,1
3170,Web Development,,mobile,55,10,45,18,medium,too fast pace for beginners,0
3171,Python,India,mobile,89,28,93,18,low,lectures are boring and repetitive,0
3172,Web Development,,mobile,15,6,40,4,high,need more examples and practice,1
3173,Cyber Security,,desktop,176,8,68,14,low,need more examples and practice,1
3174,Cyber Security,Germany,mobile,4,13,29,11,medium,i stopped understanding after few lessons,1
3175,Python,,desktop,78,22,43,25,medium,great start but later became difficult,0
3176,,Canada,tablet,120,3,9,12,medium,lectures are boring and repetitive,1
3177,Data Science,India,mobile,113,13,96,5,,content is good but explanations are confusing,1
3178,Data Science,Canada,,21,19,87,28,low,lectures are boring and repetitive,1
3179,Web Development,USA,,137,23,82,16,low,content is good but explanations are confusing,1
3180,Web Development,UK,desktop,66,19,29,26,medium,i stopped understanding after few lessons,1
3181,,,mobile,107,16,88,19,low,initially motivated but now skipping videos,1
3182,Web Development,Germany,,163,24,74,9,medium,platform is good but i am losing interest,0
3183,Data Science,India,tablet,112,18,48,13,medium,too fast pace for beginners,0
3184,AI,Germany,mobile,117,29,34,14,low,initially motivated but now skipping videos,1
3185,Cyber Security,Germany,tablet,179,16,64,9,high,content is good but explanations are confusing,0
3186,AI,Germany,,128,24,16,5,medium,too fast pace for beginners,0
3187,AI,,mobile,102,26,30,28,medium,initially motivated but now skipping videos,0
3188,Data Science,India,desktop,78,26,69,15,low,great start but later became difficult,1
3189,AI,India,,37,13,76,1,low,lectures are boring and repetitive,1
3190,,Germany,tablet,6,12,51,9,low,content is good but explanations are confusing,0
3191,Python,UK,mobile,82,25,25,4,medium,platform is good but i am losing interest,0
3192,Web Development,,tablet,86,13,99,26,high,need more examples and practice,1
3193,Python,,tablet,82,25,4,8,high,platform is good but i am losing interest,0
3194,Cyber Security,Canada,desktop,51,15,110,18,high,platform is good but i am losing interest,0
3195,Web Development,,desktop,66,20,13,18,medium,initially motivated but now skipping videos,1
3196,AI,Germany,,96,27,50,8,low,,0
3197,Cyber Security,USA,desktop,145,14,14,15,high,great start but later became difficult,1
3198,Web Development,Germany,desktop,65,29,11,28,high,great start but later became difficult,1
3199,,India,,9,24,113,18,high,not enough support,0
3200,,,,141,18,45,19,medium,platform is good but i am losing interest,0
3201,,,,101,21,105,27,low,platform is good but i am losing interest,0
3202,,Canada,,158,10,63,24,,lectures are boring and repetitive,1
3203,AI,USA,tablet,31,11,71,3,low,too fast pace for beginners,0
3204,Python,,tablet,151,10,58,4,low,need more examples and practice,1
3205,Web Development,Canada,,63,27,118,17,low,i was enjoying the course but now feeling lost,0
3206,AI,Canada,,156,22,94,7,high,not enough support,1
3207,,USA,mobile,59,4,25,12,low,,1
3208,Python,Germany,mobile,10,27,28,8,high,i stopped understanding after few lessons,0
3209,Cyber Security,Germany,mobile,89,7,3,9,medium,not enough support,0
3210,Cyber Security,Germany,desktop,124,25,49,3,,content is good but explanations are confusing,0
3211,Cyber Security,UK,tablet,100,5,91,18,medium,initially motivated but now skipping videos,0
3212,,Germany,tablet,90,15,24,3,medium,great start but later became difficult,1
3213,Cyber Security,USA,mobile,26,11,39,28,,,0
3214,Data Science,UK,mobile,77,5,31,12,low,i was enjoying the course but now feeling lost,0
3215,Web Development,Germany,tablet,17,12,99,22,low,i stopped understanding after few lessons,1
3216,Web Development,UK,desktop,168,6,74,16,high,too fast pace for beginners,1
3217,,USA,mobile,68,7,36,26,low,i stopped understanding after few lessons,1
3218,Data Science,Germany,,23,11,9,10,,lectures are boring and repetitive,1
3219,AI,India,mobile,163,28,37,1,medium,not enough support,0
3220,AI,,tablet,9,1,60,25,low,lectures are boring and repetitive,0
3221,Cyber Security,USA,tablet,45,22,99,4,high,i was enjoying the course but now feeling lost,0
3222,Python,Canada,mobile,165,8,113,24,medium,too fast pace for beginners,0
3223,AI,Canada,mobile,147,12,116,12,medium,i was enjoying the course but now feeling lost,0
3224,Python,USA,,75,16,26,21,high,i was enjoying the course but now feeling lost,0
3225,Web Development,Canada,,27,12,80,2,medium,i was enjoying the course but now feeling lost,0
3226,Python,USA,desktop,141,15,6,18,high,too fast pace for beginners,0
3227,Web Development,India,desktop,140,27,72,28,high,content is good but explanations are confusing,0
3228,Data Science,USA,,9,0,98,22,,i stopped understanding after few lessons,1
3229,Data Science,Germany,desktop,92,6,117,18,,great start but later became difficult,1
3230,,Germany,desktop,77,12,8,15,low,,0
3231,,UK,mobile,84,13,58,15,,,0
3232,Cyber Security,Canada,,77,20,35,25,medium,content is good but explanations are confusing,1
3233,AI,,mobile,155,16,117,2,low,content is good but explanations are confusing,0
3234,Cyber Security,Canada,mobile,29,29,29,25,low,,1
3235,Web Development,USA,desktop,150,15,94,27,high,great start but later became difficult,0
3236,Cyber Security,,mobile,73,14,18,22,,platform is good but i am losing interest,0
3237,Python,,tablet,88,28,40,24,high,,1
3238,Web Development,Canada,desktop,106,16,54,8,low,too fast pace for beginners,0
3239,,,tablet,147,1,86,18,high,not enough support,0
3240,Data Science,,desktop,38,26,83,23,medium,need more examples and practice,1
3241,,Germany,mobile,95,25,5,0,medium,lectures are boring and repetitive,1
3242,AI,India,desktop,39,24,106,13,low,lectures are boring and repetitive,1
3243,Web Development,USA,tablet,143,27,87,27,medium,too fast pace for beginners,1
3244,Web Development,Canada,desktop,54,11,110,23,,not enough support,1
3245,Python,Germany,tablet,160,2,21,10,low,platform is good but i am losing interest,0
3246,AI,UK,,110,8,69,17,,platform is good but i am losing interest,0
3247,Data Science,,mobile,112,5,115,19,medium,i stopped understanding after few lessons,0
3248,Web Development,,tablet,174,28,23,6,high,not enough support,0
3249,Web Development,Canada,,52,25,61,5,,lectures are boring and repetitive,1
3250,Python,India,mobile,162,5,41,11,,initially motivated but now skipping videos,0
3251,Cyber Security,India,,35,6,119,24,medium,i stopped understanding after few lessons,0
3252,Data Science,Canada,tablet,37,25,21,29,,content is good but explanations are confusing,0
3253,,Canada,mobile,78,26,81,23,,i stopped understanding after few lessons,0
3254,AI,Germany,,61,7,15,1,high,great start but later became difficult,0
3255,Web Development,Canada,tablet,111,26,99,12,low,too fast pace for beginners,0
3256,Web Development,UK,,114,2,115,19,medium,too fast pace for beginners,1
3257,,Germany,mobile,177,23,12,0,high,,1
3258,Data Science,,mobile,9,14,119,22,high,too fast pace for beginners,1
3259,Cyber Security,,mobile,19,21,36,14,low,platform is good but i am losing interest,1
3260,Web Development,,tablet,121,5,51,19,low,i was enjoying the course but now feeling lost,1
3261,Data Science,,,105,10,23,7,medium,initially motivated but now skipping videos,0
3262,,USA,,156,29,82,17,medium,platform is good but i am losing interest,1
3263,Python,UK,tablet,80,2,113,14,medium,great start but later became difficult,0
3264,Cyber Security,Germany,mobile,26,15,83,7,high,i was enjoying the course but now feeling lost,0
3265,AI,Germany,desktop,166,5,90,1,,i stopped understanding after few lessons,1
3266,Web Development,,mobile,40,10,16,10,low,lectures are boring and repetitive,0
3267,Data Science,India,desktop,25,28,15,7,medium,initially motivated but now skipping videos,0
3268,Python,Germany,mobile,99,7,0,28,medium,content is good but explanations are confusing,0
3269,AI,UK,tablet,118,28,84,12,high,i was enjoying the course but now feeling lost,0
3270,Data Science,Canada,desktop,69,22,90,0,medium,,1
3271,Data Science,UK,tablet,71,9,0,28,high,i stopped understanding after few lessons,0
3272,AI,,desktop,151,9,29,17,,not enough support,1
3273,Python,,,89,22,83,4,high,initially motivated but now skipping videos,0
3274,,USA,desktop,65,2,23,0,low,i stopped understanding after few lessons,0
3275,Python,Germany,desktop,150,25,45,11,high,too fast pace for beginners,0
3276,Cyber Security,Germany,desktop,64,13,119,4,,not enough support,1
3277,Web Development,Germany,,58,18,1,20,,need more examples and practice,1
3278,AI,,tablet,156,20,14,15,low,lectures are boring and repetitive,0
3279,,Germany,,112,27,28,22,high,,1
3280,AI,India,desktop,123,20,98,17,low,too fast pace for beginners,1
3281,AI,India,mobile,97,8,61,1,,lectures are boring and repetitive,0
3282,Python,Canada,,106,12,12,14,high,not enough support,0
3283,Web Development,Germany,mobile,4,8,82,27,medium,need more examples and practice,1
3284,Cyber Security,USA,,129,25,64,21,,great start but later became difficult,0
3285,Data Science,Canada,,26,20,44,29,,i was enjoying the course but now feeling lost,0
3286,Data Science,,desktop,33,11,46,10,low,lectures are boring and repetitive,0
3287,AI,Germany,tablet,27,13,15,28,,i was enjoying the course but now feeling lost,0
3288,Web Development,India,tablet,42,4,106,9,low,i stopped understanding after few lessons,0
3289,,USA,desktop,71,5,2,2,high,not enough support,0
3290,Python,Canada,,64,12,103,12,medium,too fast pace for beginners,1
3291,Web Development,USA,tablet,25,12,69,12,medium,great start but later became difficult,1
3292,Web Development,Germany,tablet,72,23,94,23,low,content is good but explanations are confusing,0
3293,Python,UK,tablet,105,5,4,2,medium,i stopped understanding after few lessons,0
3294,AI,USA,desktop,132,13,25,9,medium,initially motivated but now skipping videos,0
3295,Web Development,USA,mobile,12,10,91,3,,content is good but explanations are confusing,1
3296,Data Science,,mobile,58,28,14,13,,platform is good but i am losing interest,0
3297,Python,India,mobile,95,12,72,28,high,content is good but explanations are confusing,0
3298,,Germany,mobile,139,11,54,22,,lectures are boring and repetitive,0
3299,Cyber Security,USA,mobile,101,29,21,16,,need more examples and practice,0
3300,AI,Germany,tablet,108,15,36,0,,great start but later became difficult,0
3301,Python,India,tablet,59,5,84,24,,lectures are boring and repetitive,1
3302,Cyber Security,,,117,8,105,14,medium,need more examples and practice,0
3303,Cyber Security,Germany,tablet,164,16,28,27,medium,initially motivated but now skipping videos,0
3304,,India,desktop,109,29,25,21,medium,not enough support,1
3305,Web Development,India,,22,19,69,20,,platform is good but i am losing interest,0
3306,,Canada,tablet,65,15,10,1,medium,content is good but explanations are confusing,0
3307,Web Development,,,50,25,99,17,high,lectures are boring and repetitive,0
3308,Web Development,,,4,28,19,6,high,not enough support,0
3309,Python,Germany,mobile,102,25,107,21,,,1
3310,Python,UK,,43,11,83,27,medium,great start but later became difficult,1
3311,AI,Canada,tablet,105,17,90,29,high,platform is good but i am losing interest,0
3312,Web Development,,mobile,174,8,69,12,low,initially motivated but now skipping videos,1
3313,Cyber Security,India,tablet,4,2,32,23,,lectures are boring and repetitive,1
3314,Data Science,,mobile,141,9,29,2,high,platform is good but i am losing interest,0
3315,AI,UK,tablet,166,10,49,2,high,not enough support,0
3316,Python,USA,mobile,173,1,33,12,high,lectures are boring and repetitive,1
3317,,USA,mobile,153,7,4,20,low,,1
3318,AI,,desktop,67,19,79,25,low,i was enjoying the course but now feeling lost,0
3319,AI,,tablet,55,10,11,3,low,i stopped understanding after few lessons,0
3320,AI,Canada,,96,17,75,15,high,i stopped understanding after few lessons,0
3321,AI,,mobile,167,19,74,27,low,too fast pace for beginners,0
3322,Data Science,UK,tablet,65,6,51,7,,need more examples and practice,0
3323,,,mobile,75,13,50,21,low,lectures are boring and repetitive,0
3324,,Germany,desktop,130,6,20,7,,great start but later became difficult,0
3325,,UK,desktop,120,0,70,15,high,platform is good but i am losing interest,0
3326,Web Development,Canada,desktop,86,28,57,22,medium,need more examples and practice,0
3327,Cyber Security,Germany,desktop,62,11,97,1,,too fast pace for beginners,1
3328,,Germany,,174,27,63,8,,i stopped understanding after few lessons,0
3329,AI,USA,,112,0,92,26,,i was enjoying the course but now feeling lost,0
3330,AI,UK,mobile,159,2,5,12,high,i stopped understanding after few lessons,0
3331,,Germany,tablet,163,1,99,21,,platform is good but i am losing interest,0
3332,,Canada,desktop,126,2,97,26,high,initially motivated but now skipping videos,1
3333,AI,USA,desktop,173,3,48,26,,too fast pace for beginners,0
3334,Web Development,Germany,,77,13,71,21,high,content is good but explanations are confusing,0
3335,Python,UK,,122,22,36,11,medium,lectures are boring and repetitive,0
3336,Python,USA,desktop,157,17,9,1,high,i stopped understanding after few lessons,0
3337,,UK,tablet,8,22,79,8,high,lectures are boring and repetitive,1
3338,Data Science,UK,mobile,54,4,65,0,medium,too fast pace for beginners,1
3339,,UK,mobile,135,14,55,5,high,too fast pace for beginners,0
3340,,USA,mobile,83,15,82,29,high,i was enjoying the course but now feeling lost,1
3341,Python,Germany,mobile,103,7,70,23,,platform is good but i am losing interest,1
3342,AI,,tablet,151,23,65,1,high,great start but later became difficult,0
3343,,India,tablet,100,20,44,2,,platform is good but i am losing interest,1
3344,AI,Germany,tablet,32,25,86,25,medium,,0
3345,AI,USA,,62,7,94,14,high,i was enjoying the course but now feeling lost,0
3346,Data Science,India,desktop,173,27,67,25,medium,need more examples and practice,1
3347,AI,India,tablet,30,29,63,6,medium,content is good but explanations are confusing,0
3348,Python,India,mobile,106,24,15,12,low,too fast pace for beginners,0
3349,Web Development,,tablet,39,6,9,15,high,i was enjoying the course but now feeling lost,0
3350,Web Development,Canada,desktop,133,5,112,12,high,great start but later became difficult,0
3351,Cyber Security,USA,,22,6,20,26,,,1
3352,,,mobile,156,22,91,11,,initially motivated but now skipping videos,0
3353,Python,,,150,18,109,16,low,,0
3354,AI,Canada,tablet,128,21,11,20,low,too fast pace for beginners,0
3355,Web Development,India,mobile,29,21,12,10,high,i stopped understanding after few lessons,0
3356,Python,Canada,mobile,171,26,115,21,high,not enough support,1
3357,Web Development,Canada,tablet,42,24,103,25,low,lectures are boring and repetitive,1
3358,AI,,tablet,60,0,80,6,high,lectures are boring and repetitive,0
3359,Web Development,USA,desktop,119,12,81,12,high,content is good but explanations are confusing,0
3360,,UK,tablet,77,6,116,9,high,great start but later became difficult,0
3361,,Canada,tablet,96,0,9,9,low,content is good but explanations are confusing,0
3362,Cyber Security,Canada,tablet,86,9,91,12,low,platform is good but i am losing interest,1
3363,Cyber Security,India,mobile,112,12,12,22,medium,content is good but explanations are confusing,0
3364,Web Development,India,desktop,84,3,33,18,,initially motivated but now skipping videos,0
3365,Python,,mobile,6,28,58,29,medium,need more examples and practice,0
3366,,India,tablet,73,6,48,22,high,need more examples and practice,1
3367,Python,Germany,desktop,156,5,5,16,high,,0
3368,Python,Canada,tablet,77,5,11,26,medium,i stopped understanding after few lessons,0
3369,Web Development,India,mobile,31,20,28,19,medium,great start but later became difficult,1
3370,Python,USA,mobile,39,10,76,6,medium,need more examples and practice,0
3371,,Germany,tablet,50,22,25,22,high,need more examples and practice,1
3372,AI,,desktop,78,8,67,3,high,initially motivated but now skipping videos,1
3373,Cyber Security,UK,mobile,126,29,78,16,medium,not enough support,0
3374,AI,Canada,tablet,165,21,15,29,low,content is good but explanations are confusing,0
3375,Python,Canada,,109,25,52,23,,content is good but explanations are confusing,0
3376,AI,USA,tablet,88,6,18,3,,initially motivated but now skipping videos,1
3377,,UK,tablet,15,8,46,17,medium,i stopped understanding after few lessons,1
3378,,UK,desktop,51,22,89,19,low,i stopped understanding after few lessons,1
3379,Python,,tablet,23,5,31,7,,too fast pace for beginners,0
3380,Web Development,,,153,18,69,7,low,platform is good but i am losing interest,0
3381,AI,Germany,tablet,174,13,115,20,,need more examples and practice,0
3382,Web Development,Canada,,151,0,69,15,,i stopped understanding after few lessons,1
3383,Web Development,India,mobile,10,25,60,14,high,great start but later became difficult,1
3384,Data Science,,tablet,73,15,4,17,low,need more examples and practice,0
3385,Python,USA,desktop,113,8,58,22,,lectures are boring and repetitive,0
3386,Cyber Security,USA,tablet,77,22,1,18,low,content is good but explanations are confusing,1
3387,,USA,,32,14,115,5,medium,need more examples and practice,0
3388,,,,113,18,1,8,medium,too fast pace for beginners,0
3389,Python,,desktop,179,9,100,28,low,i stopped understanding after few lessons,0
3390,Cyber Security,USA,,169,15,2,15,,i stopped understanding after few lessons,0
3391,,,tablet,65,24,69,20,medium,great start but later became difficult,0
3392,Python,India,,101,2,94,8,medium,need more examples and practice,0
3393,,India,tablet,168,18,42,19,,platform is good but i am losing interest,0
3394,Web Development,Germany,tablet,18,12,4,24,medium,i was enjoying the course but now feeling lost,0
3395,AI,Canada,,164,13,49,16,medium,i was enjoying the course but now feeling lost,0
3396,AI,India,desktop,31,6,109,3,,great start but later became difficult,0
3397,,Germany,mobile,54,1,9,14,low,i stopped understanding after few lessons,0
3398,Data Science,UK,desktop,63,25,26,10,low,not enough support,0
3399,Cyber Security,Canada,mobile,1,13,23,13,,need more examples and practice,0
3400,Cyber Security,India,desktop,9,22,21,16,,initially motivated but now skipping videos,1
3401,Cyber Security,UK,tablet,120,22,88,27,low,i was enjoying the course but now feeling lost,0
3402,Web Development,Germany,tablet,92,16,2,12,,content is good but explanations are confusing,0
3403,Cyber Security,India,,90,12,15,8,low,not enough support,0
3404,AI,India,mobile,116,25,29,23,low,too fast pace for beginners,1
3405,Web Development,,mobile,56,26,111,15,high,content is good but explanations are confusing,0
3406,Python,UK,,175,1,42,7,medium,platform is good but i am losing interest,0
3407,Cyber Security,India,desktop,3,4,3,13,,great start but later became difficult,1
3408,Cyber Security,USA,,130,29,106,14,high,content is good but explanations are confusing,0
3409,Python,,desktop,54,3,39,6,low,great start but later became difficult,1
3410,Cyber Security,,,37,29,15,24,,not enough support,1
3411,Python,India,mobile,159,2,118,26,medium,i was enjoying the course but now feeling lost,1
3412,Web Development,,mobile,97,25,103,10,low,initially motivated but now skipping videos,0
3413,AI,Canada,desktop,12,13,104,28,high,initially motivated but now skipping videos,0
3414,Python,UK,mobile,112,10,109,2,low,platform is good but i am losing interest,1
3415,Data Science,Canada,mobile,154,7,71,6,,i stopped understanding after few lessons,0
3416,Python,Germany,mobile,78,22,87,21,medium,i stopped understanding after few lessons,0
3417,Cyber Security,Canada,mobile,140,8,15,4,low,lectures are boring and repetitive,0
3418,Web Development,USA,tablet,90,15,117,8,,,0
3419,,,,144,2,90,19,,content is good but explanations are confusing,0
3420,Web Development,,,72,9,65,18,low,not enough support,0
3421,,USA,tablet,177,0,54,12,medium,lectures are boring and repetitive,0
3422,Python,,mobile,177,8,19,26,,great start but later became difficult,0
3423,AI,Canada,,92,15,50,18,high,i stopped understanding after few lessons,1
3424,Data Science,Germany,,7,8,83,15,high,not enough support,0
3425,Web Development,India,,15,27,83,1,medium,platform is good but i am losing interest,0
3426,Cyber Security,USA,desktop,105,11,82,0,medium,initially motivated but now skipping videos,1
3427,,Canada,tablet,164,0,56,2,high,too fast pace for beginners,1
3428,Cyber Security,Canada,desktop,72,15,50,23,medium,platform is good but i am losing interest,0
3429,AI,Canada,desktop,74,29,17,11,high,i was enjoying the course but now feeling lost,1
3430,,India,tablet,143,7,76,5,low,need more examples and practice,0
3431,Web Development,UK,,62,13,80,1,high,i was enjoying the course but now feeling lost,0
3432,Python,,desktop,146,13,58,23,medium,not enough support,1
3433,Cyber Security,,,46,9,96,15,low,need more examples and practice,0
3434,AI,Germany,desktop,105,0,116,28,medium,initially motivated but now skipping videos,1
3435,Web Development,UK,,109,5,27,4,high,great start but later became difficult,0
3436,Web Development,,mobile,61,8,68,11,low,need more examples and practice,1
3437,Web Development,Germany,mobile,121,18,27,3,,,0
3438,Web Development,Germany,mobile,43,21,88,13,high,i was enjoying the course but now feeling lost,0
3439,,Canada,tablet,172,15,83,16,low,i was enjoying the course but now feeling lost,1
3440,Web Development,USA,mobile,99,18,84,11,,great start but later became difficult,1
3441,Cyber Security,Canada,desktop,55,10,12,12,medium,i was enjoying the course but now feeling lost,1
3442,AI,India,,167,29,5,16,high,i stopped understanding after few lessons,0
3443,,,,133,20,28,19,low,lectures are boring and repetitive,0
3444,Web Development,Germany,,112,10,105,27,,content is good but explanations are confusing,1
3445,Data Science,USA,,143,13,118,14,low,not enough support,0
3446,Data Science,,desktop,91,6,8,28,low,initially motivated but now skipping videos,0
3447,AI,Germany,,16,26,28,8,high,not enough support,0
3448,Python,Germany,desktop,57,25,37,25,medium,not enough support,1
3449,Python,Canada,desktop,102,11,64,9,,,0
3450,,USA,,25,19,55,5,medium,,1
3451,,USA,,22,19,29,16,,not enough support,0
3452,,,,159,22,113,11,low,,0
3453,Python,Germany,desktop,123,4,95,23,,lectures are boring and repetitive,1
3454,Data Science,USA,tablet,162,0,58,27,,initially motivated but now skipping videos,0
3455,Python,USA,desktop,87,10,86,8,medium,not enough support,0
3456,Cyber Security,,tablet,144,14,102,1,,need more examples and practice,0
3457,Web Development,Canada,,143,9,57,15,high,,0
3458,,UK,desktop,82,28,9,15,medium,i stopped understanding after few lessons,1
3459,Data Science,India,,102,14,107,21,medium,need more examples and practice,0
3460,AI,UK,tablet,141,27,20,22,high,,0
3461,AI,USA,tablet,24,12,55,26,high,too fast pace for beginners,0
3462,Web Development,Germany,desktop,141,14,25,28,medium,great start but later became difficult,1
3463,Data Science,India,desktop,36,1,14,0,medium,initially motivated but now skipping videos,1
3464,Python,India,desktop,49,21,80,29,medium,initially motivated but now skipping videos,1
3465,Python,Germany,desktop,82,12,34,26,low,lectures are boring and repetitive,0
3466,Cyber Security,India,mobile,48,11,88,20,,initially motivated but now skipping videos,0
3467,Cyber Security,Germany,mobile,97,24,14,26,high,i was enjoying the course but now feeling lost,0
3468,Python,India,,102,22,96,10,low,platform is good but i am losing interest,0
3469,AI,,tablet,171,3,74,20,low,,0
3470,,,tablet,6,27,87,2,low,i stopped understanding after few lessons,1
3471,AI,UK,,68,11,5,1,,initially motivated but now skipping videos,1
3472,Cyber Security,India,,14,14,27,13,low,i was enjoying the course but now feeling lost,0
3473,Web Development,Canada,,30,12,62,0,medium,too fast pace for beginners,0
3474,Python,Germany,mobile,110,1,28,5,high,too fast pace for beginners,0
3475,Cyber Security,India,,8,19,47,6,,need more examples and practice,0
3476,Cyber Security,,tablet,66,15,62,1,,,1
3477,,,,132,13,57,1,medium,need more examples and practice,1
3478,Python,Germany,desktop,84,20,20,14,high,platform is good but i am losing interest,0
3479,,Canada,tablet,120,1,75,20,low,not enough support,1
3480,Python,India,tablet,53,16,21,4,,great start but later became difficult,1
3481,,India,tablet,99,15,26,12,high,lectures are boring and repetitive,0
3482,AI,Canada,mobile,74,3,84,18,,need more examples and practice,0
3483,Web Development,Canada,mobile,143,10,78,18,high,too fast pace for beginners,1
3484,Web Development,Canada,tablet,100,12,56,14,high,not enough support,1
3485,Python,,desktop,129,5,81,0,high,not enough support,1
3486,Data Science,Germany,tablet,150,16,9,2,medium,not enough support,0
3487,Cyber Security,Canada,mobile,15,0,21,24,,need more examples and practice,0
3488,Cyber Security,Germany,desktop,22,8,43,17,low,too fast pace for beginners,0
3489,Python,UK,tablet,178,20,83,16,medium,content is good but explanations are confusing,0
3490,,India,mobile,48,17,82,24,low,platform is good but i am losing interest,1
3491,Data Science,India,desktop,117,10,27,20,medium,i was enjoying the course but now feeling lost,0
3492,AI,USA,,73,13,100,7,medium,not enough support,1
3493,,UK,,120,1,49,10,medium,not enough support,0
3494,,Canada,tablet,179,19,50,19,high,content is good but explanations are confusing,0
3495,Python,Canada,,17,10,118,7,,great start but later became difficult,0
3496,Python,,mobile,106,1,107,27,high,i was enjoying the course but now feeling lost,0
3497,Cyber Security,UK,desktop,83,3,0,20,high,initially motivated but now skipping videos,0
3498,Python,Canada,tablet,104,26,33,5,high,platform is good but i am losing interest,0
3499,Python,USA,desktop,91,12,34,5,medium,platform is good but i am losing interest,0
3500,Python,Germany,desktop,179,5,89,5,medium,,1
3501,Cyber Security,India,desktop,165,6,60,1,low,i stopped understanding after few lessons,0
3502,AI,UK,mobile,49,21,29,9,,not enough support,0
3503,AI,India,tablet,59,19,75,9,high,content is good but explanations are confusing,0
3504,Python,Germany,,138,25,77,8,high,platform is good but i am losing interest,1
3505,Cyber Security,UK,desktop,30,2,102,22,high,,1
3506,AI,Germany,desktop,85,3,67,2,,i stopped understanding after few lessons,1
3507,,Canada,desktop,21,27,75,1,,too fast pace for beginners,1
3508,AI,Canada,mobile,34,20,87,3,,too fast pace for beginners,0
3509,AI,Canada,,73,19,39,7,high,great start but later became difficult,0
3510,Cyber Security,Germany,desktop,98,2,94,8,,content is good but explanations are confusing,1
3511,,Germany,mobile,178,0,64,25,high,initially motivated but now skipping videos,1
3512,Cyber Security,Germany,mobile,76,18,36,1,high,content is good but explanations are confusing,1
3513,Python,India,desktop,175,26,63,15,,great start but later became difficult,0
3514,Web Development,Germany,desktop,85,20,0,29,medium,great start but later became difficult,0
3515,AI,Canada,mobile,84,12,14,5,high,too fast pace for beginners,0
3516,Web Development,USA,mobile,134,13,12,7,high,too fast pace for beginners,0
3517,Cyber Security,Germany,desktop,178,21,28,2,medium,need more examples and practice,0
3518,Cyber Security,USA,mobile,109,27,54,10,,great start but later became difficult,1
3519,Cyber Security,Canada,mobile,63,15,44,24,low,i stopped understanding after few lessons,0
3520,Web Development,Germany,desktop,12,29,3,19,medium,content is good but explanations are confusing,0
3521,Cyber Security,India,desktop,169,28,63,4,,too fast pace for beginners,1
3522,Python,India,tablet,159,3,14,29,high,,0
3523,Cyber Security,USA,,2,16,107,11,medium,,0
3524,Data Science,,desktop,144,9,103,22,high,,1
3525,Web Development,India,desktop,129,28,47,29,medium,too fast pace for beginners,1
3526,Data Science,India,desktop,132,6,75,26,low,initially motivated but now skipping videos,0
3527,Cyber Security,India,,47,12,55,10,high,great start but later became difficult,1
3528,Python,Canada,tablet,52,24,88,4,,i stopped understanding after few lessons,0
3529,AI,India,mobile,47,12,90,19,medium,i was enjoying the course but now feeling lost,1
3530,,UK,,99,21,69,19,medium,too fast pace for beginners,0
3531,,Germany,desktop,50,13,86,20,medium,too fast pace for beginners,0
3532,Cyber Security,India,desktop,45,5,14,2,high,i was enjoying the course but now feeling lost,0
3533,Python,,tablet,42,15,38,8,,need more examples and practice,1
3534,Web Development,,tablet,71,8,68,27,medium,i stopped understanding after few lessons,1
3535,Data Science,India,tablet,57,19,86,17,high,initially motivated but now skipping videos,1
3536,Data Science,India,mobile,33,15,78,11,high,too fast pace for beginners,0
3537,Data Science,UK,,156,20,88,22,low,i stopped understanding after few lessons,1
3538,Web Development,India,,114,20,59,3,,i was enjoying the course but now feeling lost,0
3539,,India,tablet,44,29,93,23,low,i stopped understanding after few lessons,0
3540,Python,Germany,mobile,114,11,43,6,medium,content is good but explanations are confusing,0
3541,Web Development,,,56,15,42,23,high,not enough support,0
3542,Data Science,UK,desktop,44,4,3,19,medium,lectures are boring and repetitive,0
3543,Cyber Security,,desktop,96,23,76,10,high,content is good but explanations are confusing,1
3544,AI,UK,desktop,73,10,49,1,high,platform is good but i am losing interest,0
3545,Web Development,,,34,0,103,22,,content is good but explanations are confusing,0
3546,Web Development,India,tablet,14,9,38,11,medium,i stopped understanding after few lessons,0
3547,Python,,desktop,157,10,53,8,,i stopped understanding after few lessons,0
3548,Python,,tablet,125,14,22,5,high,,0
3549,Web Development,UK,mobile,79,25,59,6,medium,i was enjoying the course but now feeling lost,0
3550,Data Science,USA,desktop,145,26,79,5,high,,0
3551,AI,UK,mobile,83,2,34,17,medium,great start but later became difficult,1
3552,Python,UK,tablet,137,23,53,12,medium,i was enjoying the course but now feeling lost,1
3553,Data Science,UK,,27,14,57,8,low,need more examples and practice,0
3554,Cyber Security,Canada,tablet,177,10,61,20,low,too fast pace for beginners,0
3555,Python,Canada,desktop,165,8,79,27,,need more examples and practice,0
3556,Data Science,Canada,desktop,156,1,47,18,high,need more examples and practice,0
3557,Data Science,UK,tablet,50,11,6,3,,not enough support,0
3558,AI,USA,desktop,55,19,118,3,medium,not enough support,0
3559,AI,UK,desktop,132,29,44,12,,initially motivated but now skipping videos,1
3560,Cyber Security,India,mobile,98,15,12,27,medium,too fast pace for beginners,0
3561,Data Science,USA,,147,23,52,24,,,0
3562,,Canada,tablet,37,15,114,10,,,0
3563,Data Science,,mobile,132,20,113,20,medium,,0
3564,AI,,desktop,37,0,92,1,medium,platform is good but i am losing interest,0
3565,,Germany,mobile,179,15,38,5,,i was enjoying the course but now feeling lost,1
3566,Python,USA,,160,5,83,11,medium,i was enjoying the course but now feeling lost,0
3567,Python,Canada,tablet,173,13,113,29,,content is good but explanations are confusing,0
3568,Web Development,USA,,112,24,92,22,high,not enough support,0
3569,AI,USA,,12,24,119,7,low,lectures are boring and repetitive,0
3570,Web Development,,mobile,169,10,17,4,medium,content is good but explanations are confusing,0
3571,,UK,mobile,56,0,21,23,medium,i stopped understanding after few lessons,0
3572,AI,India,,80,19,35,23,,lectures are boring and repetitive,0
3573,Cyber Security,Germany,desktop,14,16,104,29,medium,content is good but explanations are confusing,0
3574,Data Science,Canada,tablet,54,22,52,19,high,i stopped understanding after few lessons,1
3575,Cyber Security,USA,desktop,65,18,111,22,low,great start but later became difficult,0
3576,,Germany,desktop,116,1,99,27,low,i was enjoying the course but now feeling lost,1
3577,AI,USA,tablet,58,13,71,28,medium,platform is good but i am losing interest,1
3578,,,mobile,96,7,2,8,high,not enough support,1
3579,Data Science,India,desktop,21,24,61,25,low,not enough support,0
3580,Python,,mobile,4,22,28,3,low,great start but later became difficult,1
3581,Python,Germany,tablet,73,21,72,8,high,platform is good but i am losing interest,0
3582,,Canada,desktop,127,25,7,11,low,great start but later became difficult,0
3583,Web Development,USA,mobile,46,28,93,3,,,1
3584,AI,India,mobile,12,26,75,16,high,i was enjoying the course but now feeling lost,0
3585,AI,,desktop,128,5,45,19,low,great start but later became difficult,0
3586,Python,Germany,tablet,30,8,91,1,high,,0
3587,Cyber Security,,,94,4,55,21,medium,platform is good but i am losing interest,0
3588,Data Science,USA,mobile,60,4,105,12,low,need more examples and practice,1
3589,Cyber Security,USA,tablet,100,17,116,14,low,i stopped understanding after few lessons,0
3590,Cyber Security,Canada,desktop,71,21,48,7,,initially motivated but now skipping videos,1
3591,,India,mobile,81,13,42,5,,too fast pace for beginners,1
3592,Python,UK,mobile,142,11,9,8,low,not enough support,1
3593,Python,,mobile,111,27,12,21,high,not enough support,1
3594,Python,USA,tablet,44,11,56,10,low,content is good but explanations are confusing,0
3595,,Germany,mobile,108,21,1,22,,too fast pace for beginners,0
3596,Web Development,,mobile,102,5,64,11,,great start but later became difficult,0
3597,Cyber Security,Canada,desktop,154,3,85,20,low,need more examples and practice,1
3598,,Canada,mobile,91,26,96,23,high,content is good but explanations are confusing,0
3599,AI,USA,tablet,109,14,79,1,low,platform is good but i am losing interest,1
3600,Data Science,USA,desktop,16,22,41,1,low,i stopped understanding after few lessons,0
3601,Web Development,USA,,110,14,57,10,high,content is good but explanations are confusing,0
3602,AI,UK,desktop,7,24,92,7,high,great start but later became difficult,0
3603,Cyber Security,USA,mobile,160,16,9,5,high,,0
3604,Python,,,89,2,62,17,low,content is good but explanations are confusing,1
3605,Cyber Security,,desktop,95,9,102,21,medium,great start but later became difficult,1
3606,,India,mobile,16,24,70,28,high,need more examples and practice,0
3607,Data Science,Germany,desktop,105,29,60,10,low,platform is good but i am losing interest,0
3608,,USA,tablet,122,20,0,23,medium,,0
3609,Web Development,,mobile,89,21,25,5,,i was enjoying the course but now feeling lost,0
3610,Web Development,,tablet,62,7,108,8,medium,content is good but explanations are confusing,0
3611,Data Science,,mobile,30,8,4,21,high,content is good but explanations are confusing,1
3612,AI,UK,tablet,140,23,34,13,high,great start but later became difficult,0
3613,AI,Germany,,67,2,12,18,high,lectures are boring and repetitive,0
3614,Web Development,Canada,tablet,46,25,26,24,,,1
3615,Web Development,,desktop,43,0,11,25,high,platform is good but i am losing interest,1
3616,Python,USA,mobile,45,10,93,20,high,too fast pace for beginners,0
3617,AI,,desktop,80,12,49,5,low,need more examples and practice,0
3618,Data Science,Germany,tablet,32,11,95,19,low,initially motivated but now skipping videos,1
3619,AI,Canada,mobile,8,28,58,18,,initially motivated but now skipping videos,1
3620,Python,UK,tablet,113,20,30,9,high,not enough support,1
3621,,India,,62,6,68,13,low,,0
3622,Web Development,USA,,20,1,36,4,high,initially motivated but now skipping videos,0
3623,Web Development,India,,146,0,1,11,high,need more examples and practice,0
3624,Python,UK,tablet,101,19,101,18,medium,great start but later became difficult,0
3625,Data Science,Germany,tablet,6,2,70,28,high,,0
3626,Web Development,Germany,,84,3,64,1,medium,great start but later became difficult,0
3627,Cyber Security,UK,tablet,108,16,2,14,low,i stopped understanding after few lessons,1
3628,Web Development,,desktop,157,17,19,5,high,lectures are boring and repetitive,0
3629,Cyber Security,UK,tablet,4,16,1,29,medium,i was enjoying the course but now feeling lost,1
3630,Python,USA,desktop,71,18,41,7,medium,lectures are boring and repetitive,1
3631,Python,Canada,,171,3,42,13,low,initially motivated but now skipping videos,0
3632,Web Development,India,tablet,84,28,20,2,medium,i was enjoying the course but now feeling lost,0
3633,AI,India,,162,16,44,5,high,,0
3634,Cyber Security,Germany,mobile,100,21,95,10,high,i was enjoying the course but now feeling lost,1
3635,Data Science,,tablet,71,1,111,29,medium,too fast pace for beginners,1
3636,Web Development,Germany,tablet,33,9,19,8,high,i stopped understanding after few lessons,0
3637,Data Science,USA,,143,11,42,29,high,i was enjoying the course but now feeling lost,1
3638,Web Development,UK,,120,12,49,16,,not enough support,0
3639,AI,India,,168,10,94,18,medium,great start but later became difficult,0
3640,AI,USA,mobile,93,20,42,28,low,content is good but explanations are confusing,0
3641,AI,Germany,mobile,133,7,96,1,low,,1
3642,,Germany,,178,27,23,27,high,i stopped understanding after few lessons,0
3643,AI,India,tablet,99,28,81,7,medium,platform is good but i am losing interest,0
3644,Python,Germany,tablet,66,19,83,24,high,need more examples and practice,0
3645,Python,,,54,4,59,9,high,content is good but explanations are confusing,0
3646,,Germany,desktop,174,24,31,21,medium,,1
3647,Cyber Security,Canada,mobile,80,1,4,2,low,,0
3648,Data Science,UK,mobile,139,11,1,9,,platform is good but i am losing interest,0
3649,Web Development,Germany,desktop,124,27,25,23,,i was enjoying the course but now feeling lost,1
3650,Web Development,Canada,,177,1,24,25,high,lectures are boring and repetitive,1
3651,,USA,tablet,151,5,49,22,,too fast pace for beginners,0
3652,Python,Germany,tablet,55,21,85,29,low,i was enjoying the course but now feeling lost,0
3653,Web Development,,mobile,5,18,38,1,high,need more examples and practice,0
3654,Python,USA,desktop,35,11,85,26,medium,lectures are boring and repetitive,1
3655,Cyber Security,Germany,tablet,93,24,74,6,,i stopped understanding after few lessons,1
3656,Data Science,India,mobile,119,12,10,0,medium,too fast pace for beginners,0
3657,Cyber Security,Canada,tablet,54,16,62,23,low,not enough support,1
3658,,Canada,tablet,3,11,108,11,high,content is good but explanations are confusing,0
3659,AI,India,tablet,6,2,67,4,medium,initially motivated but now skipping videos,1
3660,AI,UK,mobile,87,23,96,8,high,need more examples and practice,0
3661,AI,,desktop,110,7,17,11,,need more examples and practice,0
3662,Cyber Security,Canada,,56,15,94,10,high,too fast pace for beginners,1
3663,Web Development,USA,desktop,2,3,107,11,low,platform is good but i am losing interest,0
3664,Data Science,,tablet,82,23,27,2,high,not enough support,1
3665,AI,Canada,desktop,94,26,41,11,high,initially motivated but now skipping videos,1
3666,,UK,tablet,166,25,59,22,,great start but later became difficult,1
3667,,USA,mobile,5,12,21,23,low,,1
3668,AI,,mobile,174,7,39,0,medium,platform is good but i am losing interest,0
3669,AI,USA,mobile,139,0,61,29,high,great start but later became difficult,1
3670,Data Science,India,tablet,138,2,2,5,high,not enough support,0
3671,AI,Germany,desktop,41,0,70,29,medium,too fast pace for beginners,0
3672,Data Science,India,,116,14,62,10,low,content is good but explanations are confusing,0
3673,,,,44,17,19,1,medium,great start but later became difficult,1
3674,AI,Germany,mobile,90,19,106,7,high,not enough support,0
3675,Cyber Security,India,,33,2,70,21,high,need more examples and practice,1
3676,Cyber Security,Germany,tablet,56,28,70,10,low,i stopped understanding after few lessons,0
3677,,Canada,desktop,140,14,92,26,,i was enjoying the course but now feeling lost,0
3678,Data Science,USA,,2,26,25,11,low,lectures are boring and repetitive,1
3679,Cyber Security,Germany,,1,21,40,18,medium,platform is good but i am losing interest,0
3680,Data Science,Canada,desktop,121,27,2,19,low,i stopped understanding after few lessons,1
3681,Cyber Security,UK,,125,27,42,22,medium,too fast pace for beginners,0
3682,Cyber Security,India,desktop,33,4,16,8,,lectures are boring and repetitive,1
3683,Data Science,UK,tablet,103,20,103,10,,lectures are boring and repetitive,1
3684,Web Development,,tablet,36,9,83,25,medium,i stopped understanding after few lessons,0
3685,Cyber Security,Canada,tablet,149,6,97,17,high,great start but later became difficult,0
3686,AI,UK,mobile,84,22,52,8,medium,,0
3687,,UK,tablet,164,24,51,14,medium,content is good but explanations are confusing,0
3688,Web Development,Canada,,26,7,32,21,low,i was enjoying the course but now feeling lost,1
3689,Data Science,USA,mobile,175,2,79,17,,,0
3690,Web Development,Germany,mobile,129,17,59,7,low,lectures are boring and repetitive,1
3691,Python,,mobile,166,16,86,3,high,too fast pace for beginners,0
3692,Python,,tablet,142,15,67,26,high,too fast pace for beginners,0
3693,Cyber Security,India,mobile,90,25,55,12,high,i was enjoying the course but now feeling lost,0
3694,Cyber Security,Germany,tablet,46,21,104,14,medium,content is good but explanations are confusing,0
3695,AI,India,tablet,42,28,63,7,low,too fast pace for beginners,0
3696,,,mobile,135,12,103,15,medium,i was enjoying the course but now feeling lost,0
3697,Web Development,Germany,mobile,55,3,96,10,high,need more examples and practice,1
3698,Python,UK,,56,2,7,22,,lectures are boring and repetitive,1
3699,Cyber Security,USA,mobile,118,10,68,22,low,platform is good but i am losing interest,0
3700,,UK,tablet,76,26,32,26,medium,i was enjoying the course but now feeling lost,0
3701,Web Development,USA,,63,1,24,12,low,,1
3702,Cyber Security,Canada,,152,17,70,29,medium,i stopped understanding after few lessons,1
3703,Cyber Security,India,tablet,83,26,110,6,,i stopped understanding after few lessons,0
3704,Python,India,mobile,99,3,6,17,,initially motivated but now skipping videos,1
3705,Python,Canada,mobile,132,16,58,7,high,,0
3706,Cyber Security,Germany,desktop,42,5,32,1,,content is good but explanations are confusing,0
3707,Data Science,Canada,mobile,96,9,40,2,medium,i was enjoying the course but now feeling lost,0
3708,Cyber Security,,desktop,110,10,32,9,medium,platform is good but i am losing interest,1
3709,,Canada,,70,4,28,6,high,initially motivated but now skipping videos,0
3710,Cyber Security,USA,,28,25,107,22,high,need more examples and practice,0
3711,AI,,,126,24,38,27,,too fast pace for beginners,1
3712,AI,Canada,desktop,92,17,56,6,,i stopped understanding after few lessons,1
3713,AI,India,tablet,40,24,104,3,medium,i stopped understanding after few lessons,0
3714,Data Science,UK,tablet,179,24,95,20,medium,lectures are boring and repetitive,1
3715,Data Science,USA,,157,9,100,22,medium,i stopped understanding after few lessons,1
3716,Cyber Security,USA,desktop,42,8,107,7,high,initially motivated but now skipping videos,0
3717,AI,Germany,desktop,118,15,92,18,high,initially motivated but now skipping videos,0
3718,Data Science,UK,,5,9,63,21,high,need more examples and practice,0
3719,Python,USA,mobile,101,9,85,11,low,platform is good but i am losing interest,1
3720,Cyber Security,Canada,,169,3,65,24,low,,1
3721,,USA,desktop,61,20,113,9,high,need more examples and practice,0
3722,Web Development,USA,mobile,156,23,8,13,,initially motivated but now skipping videos,0
3723,Cyber Security,USA,tablet,41,13,28,26,low,lectures are boring and repetitive,1
3724,Web Development,Germany,mobile,111,7,96,11,,i stopped understanding after few lessons,0
3725,AI,USA,tablet,9,0,73,20,low,content is good but explanations are confusing,0
3726,Web Development,USA,desktop,157,15,27,19,medium,,0
3727,AI,Germany,,166,25,109,24,medium,,1
3728,Python,,,62,16,52,3,medium,initially motivated but now skipping videos,0
3729,Web Development,UK,,54,9,45,18,,i was enjoying the course but now feeling lost,0
3730,Cyber Security,,,104,5,38,28,low,i was enjoying the course but now feeling lost,0
3731,AI,India,,126,6,75,6,low,i was enjoying the course but now feeling lost,1
3732,Cyber Security,Germany,desktop,34,17,57,20,,i stopped understanding after few lessons,0
3733,Data Science,Germany,desktop,165,1,85,0,medium,initially motivated but now skipping videos,0
3734,AI,USA,,177,20,53,7,,i stopped understanding after few lessons,0
3735,Web Development,USA,mobile,42,8,5,10,medium,lectures are boring and repetitive,1
3736,AI,India,,14,4,44,0,high,content is good but explanations are confusing,0
3737,Cyber Security,USA,tablet,33,7,39,24,low,initially motivated but now skipping videos,0
3738,Python,Canada,tablet,118,23,22,0,,lectures are boring and repetitive,0
3739,AI,USA,tablet,98,4,116,3,,initially motivated but now skipping videos,1
3740,Web Development,USA,tablet,92,23,97,25,medium,lectures are boring and repetitive,1
3741,Data Science,Canada,,100,14,41,3,,need more examples and practice,1
3742,,India,tablet,87,7,37,10,medium,content is good but explanations are confusing,0
3743,Python,Canada,mobile,145,4,15,29,medium,great start but later became difficult,0
3744,Data Science,Germany,,124,4,73,24,low,lectures are boring and repetitive,0
3745,AI,Canada,tablet,32,19,46,0,medium,not enough support,0
3746,Cyber Security,UK,,101,16,20,9,medium,need more examples and practice,0
3747,Cyber Security,Germany,,39,8,115,28,,platform is good but i am losing interest,0
3748,Web Development,USA,,94,1,73,24,,need more examples and practice,0
3749,Cyber Security,Germany,desktop,10,0,74,3,medium,initially motivated but now skipping videos,1
3750,Python,India,tablet,152,21,20,22,medium,i stopped understanding after few lessons,1
3751,Cyber Security,India,desktop,100,20,24,24,medium,too fast pace for beginners,1
3752,Web Development,Canada,mobile,58,10,60,26,high,not enough support,1
3753,,Germany,mobile,101,14,97,6,medium,platform is good but i am losing interest,0
3754,AI,USA,desktop,64,0,53,1,high,great start but later became difficult,1
3755,AI,India,tablet,19,6,94,21,,i was enjoying the course but now feeling lost,0
3756,Cyber Security,,,101,22,90,12,low,too fast pace for beginners,0
3757,Data Science,USA,mobile,117,18,88,21,low,too fast pace for beginners,0
3758,AI,,mobile,136,23,59,18,low,lectures are boring and repetitive,0
3759,,UK,mobile,71,14,41,3,low,content is good but explanations are confusing,0
3760,Cyber Security,,tablet,40,5,60,5,,i stopped understanding after few lessons,0
3761,Web Development,India,desktop,13,19,31,26,low,content is good but explanations are confusing,1
3762,,Canada,desktop,101,25,52,21,,initially motivated but now skipping videos,1
3763,Cyber Security,UK,tablet,124,25,43,16,,i stopped understanding after few lessons,1
3764,,Germany,mobile,155,9,10,25,medium,i stopped understanding after few lessons,1
3765,AI,USA,tablet,82,11,117,23,medium,i stopped understanding after few lessons,1
3766,Web Development,India,tablet,88,12,46,8,low,i stopped understanding after few lessons,0
3767,Cyber Security,UK,desktop,105,14,89,1,medium,initially motivated but now skipping videos,0
3768,Python,UK,tablet,130,18,59,19,high,content is good but explanations are confusing,0
3769,Web Development,India,tablet,16,16,35,26,high,lectures are boring and repetitive,0
3770,Python,Germany,mobile,14,12,100,5,,i was enjoying the course but now feeling lost,1
3771,,Germany,,128,1,119,17,medium,not enough support,0
3772,Data Science,Canada,mobile,145,17,59,26,low,content is good but explanations are confusing,0
3773,Web Development,,desktop,60,28,32,22,low,too fast pace for beginners,0
3774,,Germany,,17,10,96,21,high,content is good but explanations are confusing,0
3775,Python,Canada,mobile,45,4,41,23,medium,too fast pace for beginners,1
3776,AI,,tablet,38,3,99,14,high,need more examples and practice,0
3777,AI,UK,tablet,124,1,12,22,medium,too fast pace for beginners,1
3778,Data Science,India,,104,26,13,15,low,,1
3779,Web Development,Germany,,64,15,57,25,high,not enough support,0
3780,Web Development,Canada,tablet,121,24,114,0,medium,i was enjoying the course but now feeling lost,1
3781,Web Development,UK,desktop,6,6,100,9,low,,1
3782,,Germany,mobile,112,7,106,9,medium,need more examples and practice,0
3783,Data Science,USA,tablet,102,7,39,20,low,need more examples and practice,1
3784,Web Development,UK,mobile,49,1,64,5,,great start but later became difficult,0
3785,,Germany,mobile,21,14,4,29,,i stopped understanding after few lessons,1
3786,AI,UK,mobile,23,4,29,22,medium,initially motivated but now skipping videos,0
3787,Python,India,mobile,76,18,116,3,high,,1
3788,,India,desktop,64,9,81,13,medium,not enough support,0
3789,AI,India,desktop,157,8,44,24,,lectures are boring and repetitive,1
3790,AI,,desktop,27,24,100,16,high,lectures are boring and repetitive,0
3791,Python,USA,tablet,134,21,119,2,,great start but later became difficult,0
3792,AI,India,tablet,149,28,57,25,,i stopped understanding after few lessons,1
3793,Data Science,USA,tablet,71,19,38,1,high,need more examples and practice,1
3794,Python,India,desktop,107,7,11,29,high,content is good but explanations are confusing,1
3795,AI,,mobile,169,4,33,17,,platform is good but i am losing interest,0
3796,Cyber Security,UK,desktop,133,18,108,16,low,lectures are boring and repetitive,1
3797,,Germany,tablet,143,12,13,12,high,i was enjoying the course but now feeling lost,1
3798,AI,Germany,,149,26,37,18,,i was enjoying the course but now feeling lost,0
3799,Data Science,India,tablet,58,13,15,9,high,need more examples and practice,1
3800,Web Development,Germany,mobile,132,7,105,20,high,not enough support,0
3801,AI,India,desktop,135,15,60,21,,not enough support,1
3802,Web Development,India,,35,29,58,23,low,great start but later became difficult,0
3803,Cyber Security,Canada,,164,29,74,3,medium,too fast pace for beginners,0
3804,AI,Canada,mobile,121,27,96,16,,need more examples and practice,1
3805,Python,Canada,desktop,143,21,78,27,low,need more examples and practice,0
3806,Web Development,USA,,130,4,111,15,,great start but later became difficult,1
3807,Cyber Security,Canada,tablet,120,0,105,24,low,initially motivated but now skipping videos,1
3808,Python,India,mobile,5,18,73,18,medium,need more examples and practice,0
3809,Python,,,71,22,66,23,medium,initially motivated but now skipping videos,0
3810,Python,,mobile,86,18,10,13,high,i was enjoying the course but now feeling lost,0
3811,Python,UK,desktop,95,16,10,19,high,need more examples and practice,0
3812,AI,Canada,desktop,160,23,15,26,medium,great start but later became difficult,0
3813,,,desktop,41,22,37,14,,great start but later became difficult,0
3814,AI,Canada,tablet,170,20,29,18,medium,content is good but explanations are confusing,0
3815,AI,UK,,75,27,40,2,low,,1
3816,Cyber Security,,desktop,168,9,0,19,low,too fast pace for beginners,0
3817,Cyber Security,India,tablet,83,4,37,19,low,too fast pace for beginners,0
3818,,USA,desktop,38,21,113,15,medium,,0
3819,Cyber Security,Canada,desktop,42,6,108,27,high,not enough support,0
3820,Data Science,,,165,15,97,6,low,lectures are boring and repetitive,0
3821,,,tablet,56,28,59,17,low,lectures are boring and repetitive,1
3822,Cyber Security,UK,desktop,71,2,18,7,medium,too fast pace for beginners,0
3823,,India,tablet,55,26,97,26,low,,0
3824,AI,Germany,tablet,22,11,58,13,medium,initially motivated but now skipping videos,0
3825,AI,,desktop,27,13,99,17,high,platform is good but i am losing interest,0
3826,,USA,desktop,105,27,67,0,low,great start but later became difficult,1
3827,Data Science,UK,mobile,175,19,9,23,low,platform is good but i am losing interest,0
3828,Data Science,,,38,0,16,19,low,content is good but explanations are confusing,0
3829,,,desktop,112,6,119,5,medium,not enough support,0
3830,Cyber Security,UK,mobile,39,25,79,12,medium,not enough support,1
3831,Web Development,UK,,143,17,84,0,,i was enjoying the course but now feeling lost,0
3832,Data Science,Canada,desktop,119,22,91,18,high,content is good but explanations are confusing,0
3833,Python,,tablet,60,21,71,6,,lectures are boring and repetitive,0
3834,AI,Germany,,136,3,28,22,,not enough support,1
3835,,USA,tablet,44,15,5,26,,great start but later became difficult,0
3836,Python,India,mobile,43,10,93,23,medium,need more examples and practice,0
3837,,India,desktop,134,17,65,15,low,,1
3838,AI,Germany,mobile,155,22,118,13,low,lectures are boring and repetitive,0
3839,AI,UK,desktop,173,15,110,1,medium,lectures are boring and repetitive,1
3840,Data Science,UK,desktop,23,6,62,6,,too fast pace for beginners,0
3841,Data Science,UK,tablet,122,20,30,19,high,platform is good but i am losing interest,0
3842,Python,,mobile,141,24,24,21,medium,,1
3843,,UK,tablet,84,2,86,19,,content is good but explanations are confusing,0
3844,AI,UK,tablet,106,24,106,14,medium,,1
3845,Python,,tablet,64,4,20,24,low,initially motivated but now skipping videos,1
3846,Web Development,,mobile,153,17,15,13,low,too fast pace for beginners,0
3847,Python,Germany,desktop,125,24,3,0,low,i was enjoying the course but now feeling lost,0
3848,Cyber Security,Canada,desktop,52,29,106,16,,content is good but explanations are confusing,0
3849,Python,,mobile,48,16,45,15,medium,lectures are boring and repetitive,0
3850,Cyber Security,USA,desktop,61,0,7,4,,not enough support,0
3851,Cyber Security,UK,mobile,17,15,5,20,medium,i was enjoying the course but now feeling lost,1
3852,Cyber Security,Canada,mobile,40,14,52,26,high,,0
3853,Web Development,India,desktop,75,12,118,23,low,content is good but explanations are confusing,0
3854,Python,Germany,,89,6,63,22,high,not enough support,0
3855,Python,Canada,tablet,69,2,90,26,low,initially motivated but now skipping videos,0
3856,Web Development,,mobile,85,23,50,2,high,i was enjoying the course but now feeling lost,1
3857,AI,UK,mobile,26,22,99,23,,,0
3858,Data Science,UK,,40,26,99,29,low,,0
3859,Python,UK,mobile,96,12,62,19,,not enough support,1
3860,Data Science,Canada,mobile,117,15,87,18,,i stopped understanding after few lessons,0
3861,,UK,desktop,136,22,5,1,medium,initially motivated but now skipping videos,1
3862,,,desktop,73,0,61,24,low,initially motivated but now skipping videos,0
3863,Web Development,Canada,,45,0,106,13,high,initially motivated but now skipping videos,0
3864,,UK,mobile,17,27,32,27,high,not enough support,0
3865,,India,tablet,169,15,1,22,low,platform is good but i am losing interest,0
3866,AI,India,desktop,77,29,40,20,medium,platform is good but i am losing interest,1
3867,AI,USA,tablet,137,1,15,24,low,initially motivated but now skipping videos,0
3868,AI,UK,tablet,91,17,101,18,,lectures are boring and repetitive,0
3869,,UK,,106,26,118,12,medium,need more examples and practice,0
3870,Web Development,Canada,,101,20,58,12,,great start but later became difficult,0
3871,Cyber Security,Canada,mobile,103,24,8,28,low,lectures are boring and repetitive,0
3872,Cyber Security,UK,,24,22,114,5,medium,i stopped understanding after few lessons,0
3873,Data Science,USA,desktop,73,29,68,23,low,too fast pace for beginners,0
3874,Cyber Security,UK,mobile,121,17,116,8,low,i stopped understanding after few lessons,0
3875,Cyber Security,,mobile,106,4,9,19,medium,too fast pace for beginners,1
3876,AI,Canada,tablet,139,4,93,0,medium,need more examples and practice,0
3877,AI,UK,tablet,35,7,6,23,low,lectures are boring and repetitive,0
3878,,Canada,tablet,157,8,92,9,high,lectures are boring and repetitive,0
3879,Data Science,UK,mobile,136,23,65,2,medium,i was enjoying the course but now feeling lost,1
3880,Python,Germany,,17,13,19,5,high,initially motivated but now skipping videos,1
3881,Data Science,Canada,,140,12,62,15,high,need more examples and practice,1
3882,Data Science,USA,,93,17,3,19,high,,0
3883,Web Development,Germany,mobile,109,3,27,5,high,content is good but explanations are confusing,1
3884,,,mobile,50,17,71,11,,too fast pace for beginners,1
3885,Web Development,UK,mobile,114,21,34,2,low,platform is good but i am losing interest,0
3886,Data Science,,mobile,24,19,1,22,medium,i stopped understanding after few lessons,1
3887,Data Science,Canada,mobile,37,14,40,17,low,,1
3888,Data Science,Germany,,11,6,27,20,low,not enough support,0
3889,Cyber Security,,mobile,99,12,74,2,low,initially motivated but now skipping videos,0
3890,Web Development,USA,,55,1,99,4,low,,0
3891,Data Science,Canada,mobile,27,8,72,18,low,great start but later became difficult,0
3892,AI,Germany,,67,29,101,24,medium,initially motivated but now skipping videos,0
3893,,,desktop,2,4,0,23,low,content is good but explanations are confusing,1
3894,,Germany,desktop,68,0,26,29,low,great start but later became difficult,0
3895,AI,Germany,,146,27,66,17,low,,0
3896,,,desktop,148,26,38,7,,lectures are boring and repetitive,0
3897,Cyber Security,India,desktop,63,18,72,29,high,,0
3898,Cyber Security,UK,,72,19,39,23,,platform is good but i am losing interest,1
3899,Python,Canada,mobile,130,18,27,9,low,content is good but explanations are confusing,0
3900,Python,Canada,mobile,83,21,84,18,,content is good but explanations are confusing,0
3901,Python,Canada,,42,28,91,9,medium,need more examples and practice,0
3902,,Germany,tablet,156,12,108,20,medium,not enough support,0
3903,Cyber Security,,tablet,157,5,23,1,medium,,1
3904,Cyber Security,UK,desktop,107,9,81,9,high,i was enjoying the course but now feeling lost,0
3905,Cyber Security,USA,tablet,28,28,50,21,medium,need more examples and practice,0
3906,AI,Canada,desktop,105,10,55,17,high,initially motivated but now skipping videos,0
3907,Cyber Security,,mobile,112,22,72,3,medium,i was enjoying the course but now feeling lost,0
3908,AI,UK,,133,29,25,2,,not enough support,0
3909,Python,UK,mobile,15,24,87,16,,,0
3910,Python,India,,110,15,51,23,,i was enjoying the course but now feeling lost,0
3911,,,tablet,73,25,5,23,,lectures are boring and repetitive,0
3912,Python,Canada,mobile,160,24,58,16,high,not enough support,0
3913,,Germany,mobile,90,22,116,27,medium,,0
3914,Data Science,UK,desktop,37,26,11,21,low,content is good but explanations are confusing,0
3915,Data Science,UK,,143,0,62,11,,content is good but explanations are confusing,0
3916,Web Development,USA,tablet,169,18,35,16,medium,i was enjoying the course but now feeling lost,0
3917,,India,mobile,4,4,8,12,medium,i was enjoying the course but now feeling lost,0
3918,Web Development,UK,,84,25,73,8,medium,i stopped understanding after few lessons,1
3919,Web Development,UK,tablet,155,27,66,0,low,initially motivated but now skipping videos,0
3920,Data Science,Germany,mobile,149,26,112,14,,i stopped understanding after few lessons,0
3921,,Germany,,60,5,28,18,high,lectures are boring and repetitive,0
3922,Data Science,USA,desktop,86,5,70,8,high,need more examples and practice,1
3923,Web Development,,mobile,71,4,89,16,low,,0
3924,,USA,,175,5,7,14,low,,0
3925,Web Development,USA,tablet,31,24,42,1,high,content is good but explanations are confusing,0
3926,Cyber Security,Germany,tablet,17,12,76,3,high,i was enjoying the course but now feeling lost,1
3927,,,desktop,178,29,34,6,,content is good but explanations are confusing,1
3928,,Germany,mobile,7,0,82,7,high,not enough support,1
3929,Web Development,India,desktop,126,0,109,0,high,,0
3930,Cyber Security,Canada,,83,24,21,0,high,lectures are boring and repetitive,0
3931,AI,Canada,tablet,28,13,79,4,low,,0
3932,Data Science,India,desktop,10,7,78,7,high,i stopped understanding after few lessons,0
3933,Web Development,Canada,mobile,27,8,65,0,high,great start but later became difficult,1
3934,,,,141,22,101,2,,content is good but explanations are confusing,1
3935,Data Science,Germany,mobile,127,9,20,21,medium,i was enjoying the course but now feeling lost,0
3936,Data Science,Canada,desktop,43,5,93,28,low,initially motivated but now skipping videos,1
3937,Data Science,,tablet,69,8,70,16,low,platform is good but i am losing interest,0
3938,AI,Germany,tablet,63,17,94,29,,lectures are boring and repetitive,0
3939,Python,,desktop,70,14,40,2,high,lectures are boring and repetitive,0
3940,Web Development,India,mobile,99,3,40,27,medium,i was enjoying the course but now feeling lost,0
3941,Python,USA,mobile,164,1,48,0,,i was enjoying the course but now feeling lost,1
3942,Python,India,mobile,71,29,118,3,medium,i stopped understanding after few lessons,1
3943,Python,Canada,mobile,93,5,98,8,high,content is good but explanations are confusing,0
3944,Data Science,Germany,tablet,143,16,3,12,medium,too fast pace for beginners,1
3945,Cyber Security,,mobile,146,6,97,4,,,1
3946,Data Science,Canada,desktop,132,22,64,13,high,lectures are boring and repetitive,0
3947,Data Science,Canada,desktop,11,22,9,18,low,not enough support,0
3948,,USA,desktop,134,29,93,25,medium,i was enjoying the course but now feeling lost,1
3949,,Canada,desktop,122,19,95,22,high,,1
3950,Python,USA,mobile,179,14,66,13,high,,1
3951,Data Science,Germany,tablet,18,23,9,21,,not enough support,0
3952,Python,Germany,,67,20,72,26,high,content is good but explanations are confusing,0
3953,,,mobile,145,1,16,24,,i stopped understanding after few lessons,1
3954,Cyber Security,USA,,97,20,110,3,low,lectures are boring and repetitive,0
3955,Web Development,India,tablet,34,11,66,3,medium,too fast pace for beginners,1
3956,Python,Germany,mobile,158,9,90,8,low,platform is good but i am losing interest,0
3957,Cyber Security,,,147,24,52,1,,not enough support,0
3958,Web Development,India,tablet,137,25,34,9,low,i stopped understanding after few lessons,0
3959,AI,Germany,,168,16,3,17,medium,great start but later became difficult,0
3960,Python,Germany,desktop,44,26,67,24,low,,0
3961,Python,,desktop,95,17,112,6,high,initially motivated but now skipping videos,1
3962,AI,,tablet,91,15,95,20,medium,lectures are boring and repetitive,0
3963,AI,UK,tablet,111,9,101,13,low,platform is good but i am losing interest,0
3964,Python,Canada,,153,7,10,20,medium,platform is good but i am losing interest,1
3965,AI,Canada,tablet,71,28,43,24,low,lectures are boring and repetitive,0
3966,Data Science,India,desktop,53,20,118,28,high,content is good but explanations are confusing,0
3967,Web Development,Canada,desktop,176,27,59,14,,platform is good but i am losing interest,0
3968,Web Development,India,mobile,71,24,102,9,low,,0
3969,Web Development,Germany,,53,21,108,4,medium,content is good but explanations are confusing,0
3970,Data Science,UK,tablet,108,12,69,24,low,content is good but explanations are confusing,1
3971,AI,UK,tablet,177,15,118,7,,content is good but explanations are confusing,0
3972,Cyber Security,Germany,tablet,171,7,61,21,high,great start but later became difficult,1
3973,AI,,,19,11,98,20,high,,0
3974,Python,USA,desktop,66,16,116,28,,i stopped understanding after few lessons,1
3975,,USA,tablet,162,15,109,4,high,need more examples and practice,0
3976,Web Development,Canada,tablet,1,8,31,4,low,need more examples and practice,1
3977,AI,,desktop,106,24,45,13,medium,i was enjoying the course but now feeling lost,1
3978,Cyber Security,India,tablet,55,18,22,0,low,i was enjoying the course but now feeling lost,1
3979,Python,UK,mobile,15,16,105,26,,i stopped understanding after few lessons,0
3980,Data Science,Canada,desktop,127,23,36,4,low,content is good but explanations are confusing,0
3981,Data Science,Germany,desktop,15,7,89,18,low,too fast pace for beginners,0
3982,Cyber Security,,desktop,121,11,97,21,,not enough support,0
3983,Python,UK,mobile,151,8,101,24,medium,content is good but explanations are confusing,1
3984,Web Development,India,desktop,66,29,118,11,high,not enough support,0
3985,AI,India,,174,5,74,14,,platform is good but i am losing interest,0
3986,Python,USA,,114,24,113,2,high,lectures are boring and repetitive,0
3987,Data Science,Canada,,137,27,57,0,high,great start but later became difficult,1
3988,Cyber Security,Germany,desktop,146,9,119,23,,lectures are boring and repetitive,1
3989,Cyber Security,UK,desktop,145,8,84,11,medium,i was enjoying the course but now feeling lost,0
3990,AI,India,desktop,72,27,42,12,,initially motivated but now skipping videos,1
3991,Cyber Security,UK,mobile,98,28,87,29,,too fast pace for beginners,1
3992,Cyber Security,Germany,,162,3,14,13,low,not enough support,1
3993,Python,UK,tablet,44,10,66,24,low,need more examples and practice,0
3994,Web Development,Canada,tablet,157,20,1,9,,great start but later became difficult,1
3995,AI,USA,desktop,16,21,70,19,low,platform is good but i am losing interest,0
3996,Python,UK,mobile,78,5,4,25,medium,i was enjoying the course but now feeling lost,1
3997,Web Development,,desktop,52,25,52,13,low,content is good but explanations are confusing,0
3998,Python,USA,tablet,2,17,44,13,medium,content is good but explanations are confusing,1
3999,,Germany,,61,3,103,12,high,i was enjoying the course but now feeling lost,0
4000,Python,USA,tablet,132,11,92,20,high,need more examples and practice,0
4001,Cyber Security,UK,,126,8,40,2,medium,i stopped understanding after few lessons,1
4002,Web Development,UK,,52,14,62,29,high,great start but later became difficult,0
4003,AI,,mobile,41,22,95,28,medium,not enough support,0
4004,AI,India,tablet,31,8,93,23,,i was enjoying the course but now feeling lost,0
4005,Web Development,,desktop,154,5,71,18,low,need more examples and practice,0
4006,Cyber Security,UK,mobile,155,10,31,19,high,,0
4007,Data Science,USA,,121,6,105,9,high,need more examples and practice,1
4008,Python,,tablet,51,24,1,11,,,1
4009,Cyber Security,,desktop,95,13,9,22,low,not enough support,0
4010,,India,mobile,176,27,42,1,low,too fast pace for beginners,0
4011,Web Development,UK,desktop,11,15,118,0,medium,platform is good but i am losing interest,0
4012,Python,UK,tablet,136,14,42,3,high,initially motivated but now skipping videos,1
4013,AI,Germany,desktop,12,19,100,7,low,initially motivated but now skipping videos,1
4014,Data Science,India,mobile,99,8,109,16,high,initially motivated but now skipping videos,0
4015,,Germany,desktop,45,18,118,25,high,i was enjoying the course but now feeling lost,1
4016,AI,Germany,tablet,34,29,66,13,high,not enough support,0
4017,Web Development,Germany,mobile,72,11,115,13,high,content is good but explanations are confusing,0
4018,Python,Canada,,175,29,22,18,medium,i was enjoying the course but now feeling lost,0
4019,Web Development,Germany,mobile,21,10,97,3,low,content is good but explanations are confusing,0
4020,Python,,tablet,41,27,81,19,high,platform is good but i am losing interest,0
4021,Cyber Security,USA,desktop,22,29,96,15,low,platform is good but i am losing interest,0
4022,Data Science,,,21,7,96,18,,initially motivated but now skipping videos,0
4023,Cyber Security,,,156,2,59,18,,i stopped understanding after few lessons,0
4024,Cyber Security,UK,desktop,71,18,80,12,low,content is good but explanations are confusing,0
4025,Web Development,Canada,tablet,14,2,5,6,medium,lectures are boring and repetitive,1
4026,Data Science,Germany,mobile,79,24,12,23,medium,platform is good but i am losing interest,0
4027,Python,UK,tablet,73,25,20,13,,need more examples and practice,0
4028,Python,India,,52,29,94,28,high,not enough support,0
4029,,India,mobile,171,2,57,9,,i stopped understanding after few lessons,0
4030,AI,UK,mobile,76,5,119,13,high,lectures are boring and repetitive,0
4031,,USA,desktop,19,10,84,19,,,1
4032,,UK,tablet,27,29,96,10,,platform is good but i am losing interest,0
4033,Python,UK,mobile,146,19,27,10,medium,not enough support,0
4034,Web Development,Canada,desktop,13,13,119,14,low,not enough support,0
4035,Cyber Security,India,tablet,107,1,69,7,low,,0
4036,Cyber Security,India,,129,11,7,23,,i stopped understanding after few lessons,1
4037,Cyber Security,Germany,,85,15,76,21,medium,platform is good but i am losing interest,0
4038,Data Science,,tablet,162,27,97,16,high,need more examples and practice,0
4039,Python,UK,mobile,141,2,57,22,,too fast pace for beginners,1
4040,Web Development,UK,mobile,109,20,39,22,high,platform is good but i am losing interest,0
4041,Data Science,USA,,115,15,85,20,high,initially motivated but now skipping videos,1
4042,AI,India,,51,9,0,5,medium,i was enjoying the course but now feeling lost,1
4043,Web Development,USA,mobile,1,19,76,13,medium,,0
4044,,Canada,tablet,121,4,64,8,low,need more examples and practice,1
4045,Web Development,Germany,,156,12,9,2,medium,initially motivated but now skipping videos,0
4046,Web Development,USA,mobile,123,11,59,11,,initially motivated but now skipping videos,0
4047,Cyber Security,India,tablet,32,26,68,3,,content is good but explanations are confusing,0
4048,Web Development,Canada,desktop,154,0,118,24,high,platform is good but i am losing interest,1
4049,,UK,tablet,142,19,19,14,low,lectures are boring and repetitive,0
4050,,Canada,mobile,93,10,61,12,high,,0
4051,Python,,tablet,68,25,12,25,high,not enough support,0
4052,Web Development,USA,mobile,63,18,57,29,low,too fast pace for beginners,1
4053,Cyber Security,India,,82,28,36,27,high,great start but later became difficult,0
4054,Web Development,USA,desktop,142,14,9,17,low,content is good but explanations are confusing,0
4055,AI,UK,,155,17,2,13,high,great start but later became difficult,0
4056,AI,UK,,41,15,33,12,high,,0
4057,Cyber Security,India,mobile,3,6,33,8,low,content is good but explanations are confusing,0
4058,Python,,mobile,94,9,29,4,,,0
4059,Python,Germany,mobile,59,24,36,18,high,initially motivated but now skipping videos,0
4060,,Canada,mobile,151,15,67,7,high,not enough support,0
4061,,Canada,,18,16,33,12,,not enough support,1
4062,Data Science,UK,mobile,104,27,31,8,low,platform is good but i am losing interest,1
4063,Cyber Security,USA,mobile,74,6,84,16,low,platform is good but i am losing interest,0
4064,Web Development,USA,,120,10,57,4,,lectures are boring and repetitive,0
4065,Cyber Security,,desktop,76,27,104,29,low,too fast pace for beginners,0
4066,Data Science,Germany,desktop,169,16,23,8,medium,i stopped understanding after few lessons,0
4067,,USA,tablet,8,4,8,10,high,i stopped understanding after few lessons,0
4068,Cyber Security,Canada,,160,0,40,1,low,platform is good but i am losing interest,1
4069,Cyber Security,USA,mobile,81,2,23,12,,i stopped understanding after few lessons,0
4070,,Germany,tablet,169,15,24,0,high,i stopped understanding after few lessons,1
4071,Data Science,Canada,desktop,173,23,35,7,,initially motivated but now skipping videos,0
4072,,USA,desktop,101,28,7,14,low,lectures are boring and repetitive,0
4073,Python,Canada,,9,14,113,21,,need more examples and practice,1
4074,Web Development,UK,mobile,90,3,104,29,,i was enjoying the course but now feeling lost,0
4075,,UK,mobile,48,11,92,29,high,initially motivated but now skipping videos,0
4076,Data Science,,tablet,115,0,88,1,high,platform is good but i am losing interest,0
4077,AI,UK,desktop,152,16,58,2,low,not enough support,0
4078,Python,USA,tablet,87,23,34,20,,i stopped understanding after few lessons,1
4079,AI,Germany,tablet,95,14,37,16,,need more examples and practice,0
4080,,Canada,tablet,172,29,91,17,low,platform is good but i am losing interest,0
4081,Python,India,mobile,114,23,118,26,,i was enjoying the course but now feeling lost,1
4082,Web Development,UK,desktop,18,19,82,27,,need more examples and practice,0
4083,,UK,tablet,29,19,31,16,,need more examples and practice,0
4084,Web Development,India,desktop,2,9,100,29,,initially motivated but now skipping videos,1
4085,Cyber Security,India,desktop,78,10,112,13,medium,not enough support,0
4086,AI,USA,tablet,68,17,50,10,low,content is good but explanations are confusing,0
4087,Python,Canada,tablet,98,1,27,22,low,great start but later became difficult,1
4088,Web Development,UK,,117,27,55,22,,,0
4089,Data Science,Germany,mobile,110,5,98,25,low,,1
4090,Web Development,USA,desktop,167,15,7,13,medium,initially motivated but now skipping videos,0
4091,Data Science,USA,tablet,41,23,40,4,,initially motivated but now skipping videos,1
4092,,Germany,tablet,115,6,117,25,high,lectures are boring and repetitive,1
4093,Python,Germany,desktop,81,22,22,5,medium,not enough support,0
4094,Web Development,,tablet,122,18,53,28,high,need more examples and practice,0
4095,Web Development,Germany,,87,11,103,18,low,,0
4096,Python,India,desktop,22,17,109,10,low,i was enjoying the course but now feeling lost,0
4097,Web Development,UK,tablet,49,9,22,1,low,too fast pace for beginners,1
4098,Data Science,,desktop,156,6,31,9,,great start but later became difficult,1
4099,Web Development,India,tablet,16,3,9,12,medium,,1
4100,AI,,tablet,68,16,80,24,medium,platform is good but i am losing interest,1
4101,,UK,mobile,164,16,34,1,,not enough support,1
4102,Cyber Security,,desktop,22,3,98,13,,content is good but explanations are confusing,1
4103,Data Science,India,mobile,139,20,62,16,low,i stopped understanding after few lessons,1
4104,AI,Canada,tablet,85,4,66,8,medium,,0
4105,,UK,desktop,121,0,35,7,low,i stopped understanding after few lessons,1
4106,Python,USA,desktop,80,18,92,7,medium,,1
4107,Data Science,UK,,170,21,48,6,,great start but later became difficult,0
4108,Cyber Security,UK,,55,25,45,24,low,initially motivated but now skipping videos,1
4109,,UK,tablet,35,22,26,26,medium,,0
4110,Cyber Security,Canada,tablet,34,10,30,15,,initially motivated but now skipping videos,0
4111,Python,India,tablet,73,0,33,18,high,great start but later became difficult,0
4112,Python,USA,tablet,77,7,75,23,low,content is good but explanations are confusing,0
4113,Data Science,India,,132,3,100,16,medium,need more examples and practice,0
4114,Web Development,,desktop,174,28,58,0,medium,lectures are boring and repetitive,0
4115,Python,,mobile,125,24,53,26,low,initially motivated but now skipping videos,1
4116,,,desktop,11,26,88,12,medium,i was enjoying the course but now feeling lost,1
4117,Web Development,India,desktop,61,26,65,15,high,content is good but explanations are confusing,1
4118,AI,Germany,,122,21,29,5,high,lectures are boring and repetitive,0
4119,Cyber Security,Canada,desktop,35,14,107,14,medium,lectures are boring and repetitive,0
4120,Web Development,Germany,desktop,69,16,72,11,low,,1
4121,Cyber Security,,tablet,57,17,22,23,medium,platform is good but i am losing interest,1
4122,Web Development,Canada,mobile,139,2,8,7,medium,,1
4123,AI,India,desktop,12,17,83,25,high,lectures are boring and repetitive,0
4124,Python,,desktop,125,25,54,0,,i was enjoying the course but now feeling lost,0
4125,AI,India,mobile,43,6,0,10,,great start but later became difficult,1
4126,Python,Canada,tablet,147,27,55,14,medium,too fast pace for beginners,1
4127,Python,India,,77,16,38,0,low,need more examples and practice,0
4128,Cyber Security,India,,68,24,86,24,high,lectures are boring and repetitive,0
4129,,USA,desktop,59,17,17,15,,too fast pace for beginners,0
4130,AI,Germany,tablet,2,19,41,24,medium,too fast pace for beginners,0
4131,Web Development,Germany,,136,7,95,6,low,need more examples and practice,0
4132,AI,Germany,,150,10,110,0,high,lectures are boring and repetitive,0
4133,Cyber Security,UK,,21,2,72,28,,content is good but explanations are confusing,1
4134,Python,USA,,157,24,74,25,,too fast pace for beginners,1
4135,Cyber Security,,,101,6,119,1,,lectures are boring and repetitive,1
4136,Data Science,,desktop,86,14,64,7,low,great start but later became difficult,1
4137,Data Science,,,122,9,74,23,low,i stopped understanding after few lessons,0
4138,Web Development,Germany,desktop,75,11,32,10,low,need more examples and practice,0
4139,Cyber Security,Germany,mobile,75,11,29,12,medium,too fast pace for beginners,0
4140,Web Development,USA,mobile,83,18,4,4,high,lectures are boring and repetitive,1
4141,Web Development,India,tablet,165,18,49,17,medium,great start but later became difficult,1
4142,Data Science,Germany,desktop,78,14,64,18,high,need more examples and practice,0
4143,Web Development,,tablet,157,20,9,20,low,,0
4144,Data Science,India,mobile,165,20,59,2,,i stopped understanding after few lessons,0
4145,Python,Germany,mobile,21,25,76,25,low,initially motivated but now skipping videos,0
4146,Cyber Security,Canada,mobile,120,4,26,0,medium,lectures are boring and repetitive,0
4147,Web Development,UK,mobile,12,27,71,29,low,i was enjoying the course but now feeling lost,1
4148,Data Science,Germany,,176,12,27,21,low,platform is good but i am losing interest,0
4149,AI,Canada,mobile,83,24,44,29,low,too fast pace for beginners,1
4150,Web Development,USA,,175,8,51,4,,content is good but explanations are confusing,0
4151,,Canada,,113,21,65,18,high,,0
4152,Python,USA,tablet,15,26,61,8,high,great start but later became difficult,0
4153,Python,Germany,,113,26,116,25,medium,,1
4154,AI,USA,tablet,141,22,75,23,high,,0
4155,Data Science,Canada,,124,9,90,6,low,i stopped understanding after few lessons,1
4156,Web Development,UK,,141,7,76,11,,i stopped understanding after few lessons,0
4157,Data Science,India,mobile,115,8,59,13,low,not enough support,1
4158,Python,India,desktop,147,5,85,28,low,platform is good but i am losing interest,0
4159,Data Science,UK,,32,23,39,15,medium,great start but later became difficult,0
4160,Python,,desktop,99,17,14,12,low,platform is good but i am losing interest,0
4161,Data Science,India,desktop,87,9,94,26,low,i was enjoying the course but now feeling lost,0
4162,AI,Germany,desktop,149,23,6,17,medium,too fast pace for beginners,0
4163,Cyber Security,,,112,14,38,29,high,not enough support,0
4164,AI,Germany,desktop,142,12,112,9,high,,1
4165,AI,Canada,,24,10,50,20,high,not enough support,1
4166,Cyber Security,Canada,mobile,49,1,98,20,medium,lectures are boring and repetitive,0
4167,Cyber Security,,,32,7,6,5,medium,,1
4168,Web Development,,tablet,75,17,11,21,,i was enjoying the course but now feeling lost,1
4169,Web Development,,mobile,109,2,13,2,,initially motivated but now skipping videos,1
4170,AI,,desktop,11,22,33,26,low,i stopped understanding after few lessons,0
4171,AI,USA,desktop,68,26,38,3,low,i stopped understanding after few lessons,0
4172,Python,,tablet,90,24,111,0,medium,great start but later became difficult,0
4173,Python,,mobile,110,2,72,10,medium,initially motivated but now skipping videos,0
4174,Web Development,Canada,tablet,133,20,63,16,,great start but later became difficult,0
4175,,Germany,desktop,164,24,96,4,low,i was enjoying the course but now feeling lost,0
4176,,Canada,,32,6,11,11,low,,0
4177,Web Development,India,desktop,71,29,33,19,low,platform is good but i am losing interest,0
4178,Python,USA,tablet,74,17,26,22,high,need more examples and practice,0
4179,Python,USA,,138,20,21,6,,great start but later became difficult,1
4180,,Germany,,99,20,17,3,high,not enough support,0
4181,Data Science,,desktop,21,8,45,25,low,content is good but explanations are confusing,0
4182,Data Science,Canada,,40,17,43,29,medium,,0
4183,Python,India,mobile,42,0,17,15,,lectures are boring and repetitive,0
4184,Data Science,Canada,desktop,72,3,36,14,high,i stopped understanding after few lessons,1
4185,Cyber Security,,desktop,46,3,6,13,low,too fast pace for beginners,0
4186,Web Development,,mobile,82,16,67,28,high,need more examples and practice,0
4187,Web Development,UK,desktop,73,25,108,1,medium,i stopped understanding after few lessons,1
4188,Python,Canada,tablet,118,22,79,9,,too fast pace for beginners,0
4189,AI,Germany,tablet,41,1,85,19,medium,,0
4190,,Canada,desktop,94,26,59,23,medium,initially motivated but now skipping videos,0
4191,Python,USA,mobile,132,14,47,1,,platform is good but i am losing interest,0
4192,Data Science,India,,99,12,50,4,low,not enough support,0
4193,,Germany,mobile,142,8,99,12,low,too fast pace for beginners,0
4194,AI,UK,tablet,142,6,83,22,high,platform is good but i am losing interest,0
4195,Data Science,India,desktop,53,28,94,9,low,i stopped understanding after few lessons,0
4196,Cyber Security,India,mobile,128,28,51,21,low,not enough support,0
4197,Data Science,USA,,29,11,96,12,low,i stopped understanding after few lessons,1
4198,Cyber Security,USA,,23,11,76,13,high,content is good but explanations are confusing,1
4199,,USA,,85,13,51,24,,need more examples and practice,0
4200,Cyber Security,Germany,,159,22,83,17,low,i stopped understanding after few lessons,1
4201,,Canada,mobile,96,14,53,19,medium,too fast pace for beginners,0
4202,,India,,71,0,40,22,low,too fast pace for beginners,0
4203,,Canada,tablet,151,29,41,27,low,i was enjoying the course but now feeling lost,0
4204,,Canada,,8,8,101,7,,need more examples and practice,0
4205,,USA,tablet,76,25,21,4,medium,,0
4206,Data Science,Canada,mobile,100,15,38,20,high,initially motivated but now skipping videos,0
4207,,India,tablet,16,8,22,19,low,initially motivated but now skipping videos,0
4208,Data Science,India,mobile,154,15,47,24,low,i stopped understanding after few lessons,1
4209,,,,157,1,112,11,low,initially motivated but now skipping videos,0
4210,Cyber Security,UK,desktop,93,9,119,15,low,initially motivated but now skipping videos,0
4211,,Germany,tablet,6,24,32,25,medium,platform is good but i am losing interest,1
4212,AI,Canada,tablet,37,17,40,19,,,0
4213,,Germany,desktop,161,12,29,18,,lectures are boring and repetitive,0
4214,,Germany,mobile,95,1,77,24,low,platform is good but i am losing interest,1
4215,Cyber Security,Germany,mobile,174,28,46,6,high,need more examples and practice,0
4216,Web Development,,,61,28,99,24,medium,too fast pace for beginners,0
4217,Cyber Security,Germany,tablet,169,12,56,3,medium,content is good but explanations are confusing,1
4218,AI,,mobile,18,23,71,18,high,lectures are boring and repetitive,1
4219,Web Development,India,,111,2,56,9,low,content is good but explanations are confusing,0
4220,Python,Canada,mobile,95,29,110,7,low,too fast pace for beginners,0
4221,Python,,desktop,16,14,61,15,low,too fast pace for beginners,0
4222,AI,UK,desktop,104,2,85,3,high,i was enjoying the course but now feeling lost,0
4223,Cyber Security,Germany,desktop,179,22,56,9,medium,initially motivated but now skipping videos,1
4224,Data Science,UK,,165,9,67,18,,need more examples and practice,0
4225,AI,India,tablet,14,5,114,15,low,platform is good but i am losing interest,1
4226,Web Development,India,desktop,103,22,98,11,high,great start but later became difficult,1
4227,Web Development,USA,desktop,68,21,71,19,high,initially motivated but now skipping videos,0
4228,,Germany,mobile,30,13,97,1,low,need more examples and practice,0
4229,Python,USA,desktop,60,8,85,27,high,platform is good but i am losing interest,0
4230,Web Development,UK,tablet,53,17,24,10,low,platform is good but i am losing interest,0
4231,AI,Canada,,164,7,88,19,low,platform is good but i am losing interest,1
4232,Web Development,USA,desktop,158,26,39,22,low,,0
4233,AI,India,,64,5,103,12,medium,content is good but explanations are confusing,0
4234,Data Science,Germany,,14,14,16,2,high,too fast pace for beginners,1
4235,,UK,tablet,23,13,79,16,,content is good but explanations are confusing,0
4236,Python,,mobile,176,14,111,9,medium,,1
4237,Web Development,India,mobile,156,19,47,7,low,,0
4238,AI,,,122,5,38,5,high,initially motivated but now skipping videos,0
4239,Cyber Security,Canada,desktop,7,21,14,13,,too fast pace for beginners,0
4240,Python,Germany,,170,11,16,18,low,platform is good but i am losing interest,1
4241,Data Science,Canada,mobile,10,9,34,23,high,content is good but explanations are confusing,0
4242,AI,Canada,desktop,172,18,32,21,low,initially motivated but now skipping videos,1
4243,,Germany,mobile,102,7,103,0,,initially motivated but now skipping videos,0
4244,,Germany,tablet,13,4,102,24,high,initially motivated but now skipping videos,0
4245,Data Science,,mobile,161,26,17,10,,i was enjoying the course but now feeling lost,0
4246,Data Science,Canada,desktop,160,9,29,24,low,not enough support,1
4247,,UK,desktop,127,10,86,24,low,great start but later became difficult,0
4248,Web Development,,,48,19,36,13,,content is good but explanations are confusing,0
4249,Web Development,Germany,desktop,5,13,110,12,medium,content is good but explanations are confusing,0
4250,AI,India,tablet,61,13,6,11,medium,platform is good but i am losing interest,1
4251,Cyber Security,,mobile,122,28,73,21,high,i was enjoying the course but now feeling lost,0
4252,AI,USA,,90,1,79,5,high,platform is good but i am losing interest,1
4253,Cyber Security,UK,,103,29,27,28,medium,lectures are boring and repetitive,0
4254,Data Science,,desktop,90,25,86,3,,initially motivated but now skipping videos,0
4255,Python,Germany,tablet,3,16,97,23,low,initially motivated but now skipping videos,0
4256,AI,Germany,,24,14,17,8,low,initially motivated but now skipping videos,0
4257,AI,UK,tablet,117,28,46,27,high,lectures are boring and repetitive,0
4258,Cyber Security,USA,tablet,98,22,22,6,high,great start but later became difficult,1
4259,Data Science,,mobile,162,25,114,6,low,,0
4260,Data Science,,mobile,84,26,19,12,medium,platform is good but i am losing interest,0
4261,Cyber Security,Canada,mobile,119,2,30,1,high,content is good but explanations are confusing,0
4262,Data Science,India,tablet,42,2,13,1,low,i stopped understanding after few lessons,0
4263,,Germany,mobile,148,2,22,27,high,,0
4264,Web Development,,,41,25,1,14,medium,initially motivated but now skipping videos,0
4265,,,,82,27,28,25,,lectures are boring and repetitive,1
4266,Python,,desktop,102,28,49,15,high,great start but later became difficult,1
4267,AI,USA,tablet,148,2,72,26,low,too fast pace for beginners,0
4268,Python,India,mobile,6,17,58,1,medium,too fast pace for beginners,0
4269,AI,,,122,5,32,19,low,platform is good but i am losing interest,0
4270,Web Development,UK,tablet,170,13,47,24,medium,platform is good but i am losing interest,0
4271,Data Science,Germany,tablet,25,25,43,4,,content is good but explanations are confusing,0
4272,,Canada,mobile,41,2,11,1,,i stopped understanding after few lessons,0
4273,Cyber Security,UK,tablet,169,0,82,19,low,i stopped understanding after few lessons,1
4274,,Germany,mobile,3,9,41,6,,initially motivated but now skipping videos,0
4275,Web Development,USA,mobile,108,12,83,4,high,content is good but explanations are confusing,0
4276,Python,India,mobile,171,28,100,10,medium,,0
4277,Cyber Security,India,tablet,174,8,94,7,medium,,1
4278,Data Science,Germany,tablet,57,21,34,16,medium,i stopped understanding after few lessons,0
4279,Web Development,UK,mobile,83,21,40,13,,,0
4280,Cyber Security,Canada,tablet,74,25,84,28,,too fast pace for beginners,0
4281,Web Development,USA,mobile,179,24,54,29,high,,1
4282,Web Development,Germany,desktop,133,1,110,4,,lectures are boring and repetitive,0
4283,Data Science,USA,tablet,86,9,109,3,medium,i stopped understanding after few lessons,1
4284,AI,India,tablet,97,24,106,2,high,i was enjoying the course but now feeling lost,0
4285,Cyber Security,,desktop,15,29,12,6,high,too fast pace for beginners,1
4286,Data Science,,desktop,88,11,38,25,medium,need more examples and practice,1
4287,Web Development,Canada,desktop,94,18,90,10,low,too fast pace for beginners,1
4288,Data Science,USA,mobile,126,2,88,0,,great start but later became difficult,1
4289,AI,Germany,mobile,100,18,65,21,,content is good but explanations are confusing,0
4290,,Canada,,39,0,34,23,medium,initially motivated but now skipping videos,0
4291,Cyber Security,UK,desktop,79,25,115,17,low,great start but later became difficult,1
4292,AI,,,166,14,71,21,,i was enjoying the course but now feeling lost,0
4293,Python,Germany,mobile,39,22,32,26,low,,0
4294,Cyber Security,USA,tablet,52,25,88,0,medium,i was enjoying the course but now feeling lost,1
4295,AI,Canada,desktop,131,12,84,28,medium,,0
4296,Web Development,Germany,tablet,157,6,35,15,low,need more examples and practice,0
4297,Cyber Security,Canada,mobile,126,1,12,12,medium,content is good but explanations are confusing,0
4298,Cyber Security,Canada,desktop,159,21,55,5,medium,,1
4299,Data Science,Canada,,66,19,45,5,high,i stopped understanding after few lessons,1
4300,Web Development,USA,,45,10,72,20,low,too fast pace for beginners,0
4301,Python,Germany,mobile,22,22,98,22,,initially motivated but now skipping videos,0
4302,,India,tablet,83,15,45,13,,content is good but explanations are confusing,1
4303,AI,India,mobile,138,13,99,4,high,lectures are boring and repetitive,0
4304,Data Science,USA,tablet,149,29,112,29,medium,need more examples and practice,0
4305,AI,USA,mobile,17,22,110,7,medium,initially motivated but now skipping videos,1
4306,Python,,,67,14,43,17,high,great start but later became difficult,0
4307,Python,Canada,tablet,7,19,45,5,high,initially motivated but now skipping videos,0
4308,Cyber Security,Germany,mobile,101,18,114,4,medium,lectures are boring and repetitive,0
4309,Python,Germany,desktop,36,6,73,9,low,platform is good but i am losing interest,1
4310,AI,UK,,67,8,68,17,high,,0
4311,Web Development,UK,,77,3,30,26,low,not enough support,0
4312,Web Development,India,desktop,158,5,23,12,,,1
4313,Cyber Security,UK,mobile,87,22,31,22,medium,i was enjoying the course but now feeling lost,0
4314,,UK,tablet,157,9,112,19,low,not enough support,0
4315,AI,India,,72,2,112,5,low,platform is good but i am losing interest,0
4316,AI,,mobile,161,20,66,20,medium,too fast pace for beginners,0
4317,Python,India,desktop,59,27,15,3,medium,not enough support,0
4318,AI,UK,tablet,20,29,56,12,,too fast pace for beginners,1
4319,Data Science,Germany,mobile,157,0,104,17,medium,i stopped understanding after few lessons,0
4320,,UK,mobile,129,5,112,12,low,need more examples and practice,1
4321,Python,Canada,,162,4,83,12,high,i was enjoying the course but now feeling lost,1
4322,Data Science,Canada,,172,22,107,6,medium,i stopped understanding after few lessons,1
4323,Cyber Security,Canada,tablet,109,14,23,4,medium,great start but later became difficult,0
4324,Web Development,,mobile,14,24,33,28,high,too fast pace for beginners,1
4325,Cyber Security,USA,desktop,165,10,51,2,medium,great start but later became difficult,1
4326,Web Development,Canada,desktop,163,19,47,5,medium,,0
4327,Cyber Security,Germany,tablet,24,24,86,7,high,initially motivated but now skipping videos,0
4328,AI,,mobile,110,12,118,26,low,not enough support,1
4329,Data Science,USA,,134,5,52,25,,,1
4330,Web Development,USA,mobile,38,4,54,25,,platform is good but i am losing interest,0
4331,Python,Canada,,129,1,37,11,,need more examples and practice,1
4332,Data Science,UK,desktop,41,16,1,1,low,,0
4333,Python,India,tablet,31,23,104,10,,too fast pace for beginners,0
4334,Data Science,UK,tablet,36,11,68,25,low,i stopped understanding after few lessons,0
4335,Data Science,UK,tablet,105,11,81,27,medium,great start but later became difficult,0
4336,Cyber Security,USA,,109,21,117,19,,content is good but explanations are confusing,0
4337,Web Development,USA,desktop,31,13,52,2,high,not enough support,0
4338,Web Development,,desktop,157,6,49,22,low,,0
4339,Data Science,,tablet,113,21,28,9,,lectures are boring and repetitive,0
4340,AI,USA,tablet,131,25,73,7,high,platform is good but i am losing interest,1
4341,AI,Germany,,61,28,105,7,,platform is good but i am losing interest,0
4342,Python,Germany,,6,13,54,13,low,lectures are boring and repetitive,1
4343,Python,India,mobile,20,6,105,3,low,lectures are boring and repetitive,1
4344,Cyber Security,USA,,111,8,60,14,medium,lectures are boring and repetitive,1
4345,Data Science,Canada,mobile,61,13,49,9,low,,0
4346,Python,,tablet,174,20,15,17,,not enough support,1
4347,Python,USA,desktop,141,16,86,21,low,lectures are boring and repetitive,0
4348,,Germany,,23,16,93,14,high,too fast pace for beginners,0
4349,Data Science,USA,desktop,79,24,69,18,medium,i stopped understanding after few lessons,1
4350,Cyber Security,Germany,,31,20,43,23,medium,lectures are boring and repetitive,1
4351,Python,USA,,4,29,99,2,low,not enough support,0
4352,Cyber Security,Canada,mobile,118,12,83,1,,i was enjoying the course but now feeling lost,0
4353,Web Development,India,,66,28,15,12,medium,i was enjoying the course but now feeling lost,0
4354,Cyber Security,Canada,tablet,144,26,27,12,,great start but later became difficult,0
4355,AI,Germany,desktop,115,28,117,24,,i was enjoying the course but now feeling lost,0
4356,AI,,,31,17,56,8,high,initially motivated but now skipping videos,1
4357,Cyber Security,,desktop,176,18,25,24,medium,not enough support,1
4358,AI,UK,desktop,123,16,85,2,low,,1
4359,Web Development,Canada,desktop,43,5,117,1,,need more examples and practice,0
4360,Data Science,USA,,4,11,10,13,medium,lectures are boring and repetitive,0
4361,AI,India,mobile,48,5,0,15,medium,too fast pace for beginners,0
4362,AI,USA,desktop,156,2,68,13,,content is good but explanations are confusing,0
4363,Cyber Security,USA,desktop,144,14,112,3,low,content is good but explanations are confusing,0
4364,Web Development,Canada,,89,2,42,1,medium,i stopped understanding after few lessons,0
4365,Data Science,India,,126,22,45,15,medium,platform is good but i am losing interest,0
4366,Cyber Security,UK,tablet,77,14,104,7,low,platform is good but i am losing interest,1
4367,Cyber Security,USA,tablet,158,0,105,25,,i was enjoying the course but now feeling lost,0
4368,,India,mobile,65,20,35,0,,initially motivated but now skipping videos,1
4369,Web Development,UK,mobile,69,28,65,17,,platform is good but i am losing interest,0
4370,Data Science,USA,mobile,14,2,56,21,,i stopped understanding after few lessons,0
4371,Web Development,India,mobile,75,4,5,8,low,,0
4372,Data Science,Canada,desktop,162,26,61,25,high,great start but later became difficult,0
4373,Web Development,,,29,13,26,11,low,,0
4374,Cyber Security,,tablet,79,3,25,4,low,lectures are boring and repetitive,0
4375,Cyber Security,USA,desktop,153,21,98,20,,i stopped understanding after few lessons,1
4376,Python,USA,,94,27,12,2,medium,not enough support,0
4377,AI,India,,66,8,75,7,low,,1
4378,,,desktop,115,17,17,27,,great start but later became difficult,1
4379,Web Development,USA,desktop,40,9,37,21,medium,great start but later became difficult,0
4380,,UK,tablet,143,7,105,25,low,content is good but explanations are confusing,0
4381,Python,USA,mobile,32,29,5,27,high,great start but later became difficult,0
4382,AI,,mobile,20,12,91,15,high,platform is good but i am losing interest,0
4383,Web Development,Germany,tablet,53,1,27,17,,lectures are boring and repetitive,0
4384,Data Science,,tablet,49,19,88,11,medium,lectures are boring and repetitive,0
4385,AI,UK,mobile,89,24,4,11,medium,,0
4386,Cyber Security,India,desktop,82,19,58,20,,lectures are boring and repetitive,1
4387,Python,UK,mobile,1,6,78,3,,content is good but explanations are confusing,0
4388,AI,Germany,,167,10,110,26,medium,lectures are boring and repetitive,1
4389,AI,Germany,,61,4,107,9,high,lectures are boring and repetitive,0
4390,Cyber Security,USA,tablet,130,28,72,8,high,platform is good but i am losing interest,0
4391,Web Development,USA,mobile,94,17,44,3,low,content is good but explanations are confusing,0
4392,Data Science,,mobile,17,7,111,23,low,platform is good but i am losing interest,1
4393,Cyber Security,Canada,,157,26,52,0,medium,initially motivated but now skipping videos,1
4394,Data Science,UK,mobile,117,25,1,4,high,platform is good but i am losing interest,1
4395,Web Development,,tablet,106,9,48,24,low,not enough support,0
4396,AI,Canada,tablet,132,1,72,2,high,not enough support,0
4397,Data Science,,,85,2,89,10,high,content is good but explanations are confusing,0
4398,Python,Germany,mobile,43,25,86,12,medium,initially motivated but now skipping videos,0
4399,Python,USA,mobile,76,22,114,21,high,,0
4400,Cyber Security,USA,,140,4,62,10,medium,content is good but explanations are confusing,0
4401,Web Development,,desktop,50,15,91,25,low,initially motivated but now skipping videos,1
4402,Cyber Security,USA,desktop,61,9,69,5,,great start but later became difficult,1
4403,Cyber Security,India,mobile,104,10,57,26,high,great start but later became difficult,0
4404,,,tablet,51,18,3,21,,,1
4405,Cyber Security,Germany,desktop,77,15,29,3,,great start but later became difficult,0
4406,,,mobile,98,11,56,6,medium,initially motivated but now skipping videos,0
4407,Python,,desktop,83,1,46,2,high,great start but later became difficult,1
4408,Python,USA,,78,10,17,21,high,lectures are boring and repetitive,0
4409,Cyber Security,Germany,desktop,5,21,93,9,low,great start but later became difficult,1
4410,Python,,desktop,156,25,90,4,,initially motivated but now skipping videos,0
4411,Web Development,USA,,138,0,107,18,,content is good but explanations are confusing,1
4412,,UK,tablet,88,23,94,17,medium,platform is good but i am losing interest,1
4413,,Germany,mobile,17,4,43,27,high,content is good but explanations are confusing,0
4414,Cyber Security,Canada,tablet,65,20,51,16,high,too fast pace for beginners,1
4415,Python,India,tablet,124,13,48,23,,platform is good but i am losing interest,1
4416,Data Science,Canada,desktop,21,17,102,0,low,content is good but explanations are confusing,0
4417,,Germany,mobile,111,6,29,4,,need more examples and practice,0
4418,Cyber Security,,desktop,177,4,51,20,high,too fast pace for beginners,1
4419,Cyber Security,USA,,107,7,36,16,medium,lectures are boring and repetitive,0
4420,Web Development,Germany,tablet,22,20,62,24,medium,platform is good but i am losing interest,1
4421,AI,India,tablet,69,14,11,20,medium,not enough support,0
4422,AI,Germany,,36,24,16,8,high,not enough support,0
4423,,USA,mobile,149,4,33,10,high,too fast pace for beginners,1
4424,Web Development,Canada,tablet,73,12,27,21,medium,platform is good but i am losing interest,0
4425,Web Development,UK,tablet,91,18,3,6,high,great start but later became difficult,0
4426,Web Development,Canada,mobile,176,28,97,6,low,initially motivated but now skipping videos,0
4427,,USA,desktop,126,1,45,1,medium,need more examples and practice,1
4428,AI,USA,,146,4,13,13,low,lectures are boring and repetitive,0
4429,Web Development,India,mobile,99,25,12,15,low,great start but later became difficult,0
4430,Python,Germany,,15,28,112,4,high,too fast pace for beginners,1
4431,Cyber Security,Germany,,44,25,57,17,high,not enough support,0
4432,Cyber Security,Canada,tablet,173,4,48,3,medium,,0
4433,Data Science,UK,mobile,97,5,117,11,high,lectures are boring and repetitive,0
4434,Data Science,UK,,36,15,49,18,low,,0
4435,,India,desktop,168,1,66,27,high,too fast pace for beginners,0
4436,,USA,,179,4,20,12,medium,great start but later became difficult,0
4437,Cyber Security,India,tablet,30,14,79,26,,not enough support,0
4438,Python,Germany,desktop,26,0,50,5,,lectures are boring and repetitive,0
4439,AI,,desktop,85,18,37,10,high,not enough support,0
4440,AI,,mobile,101,2,118,14,,need more examples and practice,1
4441,,,desktop,121,18,25,20,low,need more examples and practice,0
4442,Python,USA,mobile,31,14,5,16,,lectures are boring and repetitive,0
4443,,India,mobile,17,2,17,1,,content is good but explanations are confusing,0
4444,AI,Canada,desktop,98,7,104,12,low,not enough support,0
4445,,Germany,mobile,126,14,113,22,medium,not enough support,0
4446,Web Development,,mobile,24,0,5,24,,lectures are boring and repetitive,0
4447,,UK,desktop,122,5,40,0,,i was enjoying the course but now feeling lost,0
4448,Cyber Security,India,tablet,132,21,56,3,,lectures are boring and repetitive,0
4449,,Germany,,137,16,49,29,medium,lectures are boring and repetitive,0
4450,Cyber Security,Germany,mobile,130,15,24,14,high,lectures are boring and repetitive,0
4451,Python,UK,mobile,163,12,47,15,high,platform is good but i am losing interest,1
4452,AI,UK,desktop,123,0,23,10,medium,i stopped understanding after few lessons,1
4453,Data Science,UK,,38,2,29,2,low,,1
4454,Data Science,,,173,23,86,11,high,great start but later became difficult,0
4455,AI,,mobile,143,5,44,11,medium,,0
4456,Data Science,India,desktop,170,19,42,10,medium,too fast pace for beginners,0
4457,,UK,tablet,131,20,71,15,low,need more examples and practice,1
4458,Python,Canada,,159,25,55,28,medium,content is good but explanations are confusing,0
4459,Python,Germany,tablet,169,29,112,20,high,content is good but explanations are confusing,0
4460,AI,UK,desktop,57,2,72,20,high,initially motivated but now skipping videos,0
4461,Data Science,Germany,tablet,42,14,69,12,medium,i was enjoying the course but now feeling lost,0
4462,,USA,desktop,53,29,32,11,medium,i was enjoying the course but now feeling lost,1
4463,Python,USA,mobile,119,14,96,9,low,,0
4464,Python,UK,tablet,121,10,44,25,low,too fast pace for beginners,0
4465,Web Development,Germany,mobile,56,26,6,10,,lectures are boring and repetitive,0
4466,Web Development,USA,mobile,87,21,105,17,medium,not enough support,1
4467,Python,UK,desktop,76,5,17,4,,lectures are boring and repetitive,0
4468,AI,Germany,tablet,85,5,69,19,,need more examples and practice,0
4469,Cyber Security,UK,,85,8,44,12,,great start but later became difficult,1
4470,Cyber Security,,tablet,160,13,36,16,,i was enjoying the course but now feeling lost,0
4471,,Germany,,81,25,20,11,high,i was enjoying the course but now feeling lost,0
4472,Python,USA,mobile,165,28,89,16,low,i stopped understanding after few lessons,0
4473,Python,UK,mobile,8,10,78,0,medium,i was enjoying the course but now feeling lost,0
4474,Python,USA,desktop,11,23,43,7,low,i was enjoying the course but now feeling lost,0
4475,AI,UK,,138,5,117,15,low,not enough support,0
4476,Web Development,India,tablet,115,17,29,14,low,i was enjoying the course but now feeling lost,0
4477,Python,USA,desktop,81,19,10,18,low,,1
4478,Python,USA,desktop,87,14,7,24,low,too fast pace for beginners,1
4479,Data Science,Canada,desktop,42,21,4,9,low,not enough support,0
4480,AI,,tablet,37,8,7,1,high,content is good but explanations are confusing,1
4481,,USA,desktop,92,10,4,24,low,,1
4482,Python,Germany,tablet,85,1,9,26,medium,not enough support,0
4483,Data Science,UK,desktop,59,5,14,24,medium,need more examples and practice,0
4484,Cyber Security,India,,152,25,101,3,,great start but later became difficult,1
4485,,Germany,mobile,156,26,55,3,,not enough support,0
4486,Python,Germany,,37,25,113,19,low,need more examples and practice,0
4487,Python,Germany,,21,25,54,11,,i stopped understanding after few lessons,0
4488,Data Science,Germany,desktop,161,22,2,16,,platform is good but i am losing interest,0
4489,AI,India,,130,13,40,20,low,initially motivated but now skipping videos,1
4490,Python,Canada,,83,13,9,28,,great start but later became difficult,0
4491,Cyber Security,,,156,23,6,21,medium,i stopped understanding after few lessons,0
4492,Python,USA,desktop,143,12,62,3,low,i was enjoying the course but now feeling lost,0
4493,Cyber Security,Germany,tablet,1,24,114,7,medium,,0
4494,,USA,mobile,107,4,62,15,medium,need more examples and practice,0
4495,,USA,mobile,28,8,87,14,high,platform is good but i am losing interest,0
4496,Web Development,Germany,tablet,50,24,25,29,high,platform is good but i am losing interest,0
4497,Web Development,Canada,tablet,35,28,33,13,,not enough support,0
4498,Cyber Security,USA,,156,10,71,18,medium,need more examples and practice,0
4499,AI,UK,mobile,137,6,38,10,,i was enjoying the course but now feeling lost,0
4500,Python,USA,tablet,152,1,59,24,low,too fast pace for beginners,0
4501,Python,,,132,23,68,12,medium,initially motivated but now skipping videos,0
4502,Web Development,Germany,mobile,41,11,99,22,,great start but later became difficult,0
4503,Cyber Security,India,desktop,67,4,106,7,medium,need more examples and practice,1
4504,Python,USA,desktop,48,28,25,22,,i was enjoying the course but now feeling lost,0
4505,Python,Canada,mobile,86,26,61,8,low,initially motivated but now skipping videos,0
4506,AI,UK,mobile,58,23,9,1,high,too fast pace for beginners,0
4507,Data Science,UK,desktop,39,1,96,19,medium,great start but later became difficult,0
4508,Web Development,India,desktop,25,13,99,1,,lectures are boring and repetitive,1
4509,Web Development,,mobile,60,6,53,7,high,i was enjoying the course but now feeling lost,0
4510,Data Science,India,,117,4,30,17,low,,1
4511,Python,,tablet,86,3,37,23,high,content is good but explanations are confusing,0
4512,AI,USA,tablet,114,9,113,21,low,initially motivated but now skipping videos,1
4513,AI,Germany,mobile,175,28,24,6,,initially motivated but now skipping videos,1
4514,Web Development,Canada,tablet,84,15,108,10,low,i was enjoying the course but now feeling lost,1
4515,AI,UK,desktop,155,5,76,28,high,,0
4516,,India,desktop,124,20,64,21,,i stopped understanding after few lessons,1
4517,Data Science,Canada,tablet,111,5,99,29,,platform is good but i am losing interest,0
4518,Python,,mobile,42,8,99,27,medium,platform is good but i am losing interest,0
4519,,Germany,desktop,52,0,49,24,,initially motivated but now skipping videos,0
4520,Data Science,UK,,48,28,23,19,,great start but later became difficult,0
4521,Cyber Security,UK,,32,15,26,0,,,0
4522,Web Development,,desktop,152,26,81,24,medium,content is good but explanations are confusing,1
4523,AI,Germany,desktop,131,16,49,15,low,i was enjoying the course but now feeling lost,1
4524,Cyber Security,UK,tablet,118,12,110,15,high,content is good but explanations are confusing,0
4525,AI,Germany,mobile,155,5,49,28,,i stopped understanding after few lessons,0
4526,,UK,tablet,168,1,14,9,high,lectures are boring and repetitive,0
4527,Python,USA,mobile,23,7,16,23,high,too fast pace for beginners,0
4528,Python,,,135,22,28,16,,content is good but explanations are confusing,0
4529,Python,Germany,,127,21,4,28,high,great start but later became difficult,1
4530,AI,Canada,mobile,37,3,10,9,low,need more examples and practice,1
4531,Cyber Security,USA,tablet,7,8,79,5,high,platform is good but i am losing interest,0
4532,Python,Canada,desktop,77,22,51,13,high,,1
4533,Cyber Security,,mobile,82,6,33,25,medium,not enough support,1
4534,AI,UK,tablet,95,20,80,27,low,need more examples and practice,0
4535,,Canada,,22,0,32,27,high,content is good but explanations are confusing,0
4536,Cyber Security,USA,desktop,78,13,113,14,,too fast pace for beginners,0
4537,,Germany,,82,29,48,3,high,i was enjoying the course but now feeling lost,0
4538,AI,India,mobile,145,1,30,26,,i was enjoying the course but now feeling lost,0
4539,AI,Canada,,19,7,17,1,low,lectures are boring and repetitive,0
4540,Web Development,India,,95,10,114,18,low,too fast pace for beginners,0
4541,AI,,mobile,39,4,88,27,medium,i stopped understanding after few lessons,1
4542,AI,Canada,desktop,117,17,4,12,,not enough support,1
4543,Data Science,Canada,mobile,36,11,29,11,,need more examples and practice,0
4544,Python,Germany,tablet,15,20,44,24,low,initially motivated but now skipping videos,0
4545,Web Development,UK,mobile,157,23,119,20,,,0
4546,Web Development,USA,mobile,60,19,86,22,,lectures are boring and repetitive,0
4547,Web Development,USA,desktop,168,18,37,12,high,platform is good but i am losing interest,1
4548,Data Science,USA,tablet,144,4,108,14,medium,,0
4549,,,,161,28,81,1,high,,1
4550,AI,UK,,89,6,95,7,low,content is good but explanations are confusing,0
4551,Python,India,,16,1,93,2,,too fast pace for beginners,0
4552,Cyber Security,USA,,158,16,28,0,,initially motivated but now skipping videos,0
4553,,India,desktop,98,12,35,28,low,content is good but explanations are confusing,1
4554,AI,UK,tablet,104,10,8,23,,need more examples and practice,0
4555,Data Science,,desktop,44,4,22,10,low,content is good but explanations are confusing,1
4556,AI,UK,mobile,166,12,2,26,medium,i stopped understanding after few lessons,1
4557,AI,Germany,tablet,51,28,85,8,,too fast pace for beginners,0
4558,Data Science,USA,tablet,18,22,55,23,high,i stopped understanding after few lessons,0
4559,Web Development,,,5,12,119,16,high,i stopped understanding after few lessons,0
4560,Web Development,Germany,,168,7,39,27,medium,lectures are boring and repetitive,1
4561,Python,USA,,6,10,108,6,low,not enough support,0
4562,Python,UK,,76,7,55,22,,not enough support,0
4563,Web Development,UK,mobile,115,9,57,3,,not enough support,1
4564,,Canada,,12,24,30,28,high,platform is good but i am losing interest,0
4565,Cyber Security,Canada,desktop,12,26,85,28,low,too fast pace for beginners,0
4566,AI,UK,tablet,73,10,10,12,low,i was enjoying the course but now feeling lost,0
4567,Cyber Security,UK,mobile,106,27,41,27,,need more examples and practice,0
4568,AI,India,mobile,150,0,106,23,,great start but later became difficult,0
4569,Web Development,India,tablet,49,6,2,4,high,content is good but explanations are confusing,0
4570,Python,Germany,tablet,178,25,56,28,low,initially motivated but now skipping videos,0
4571,,Canada,tablet,4,7,13,11,,not enough support,0
4572,Python,Canada,mobile,178,5,45,19,,i stopped understanding after few lessons,1
4573,Cyber Security,UK,desktop,3,25,18,28,high,platform is good but i am losing interest,0
4574,Python,UK,desktop,144,13,59,4,high,i stopped understanding after few lessons,0
4575,Web Development,Germany,tablet,14,27,30,10,,initially motivated but now skipping videos,0
4576,,,mobile,64,19,35,1,medium,need more examples and practice,0
4577,Cyber Security,,,120,6,31,3,high,too fast pace for beginners,0
4578,,,mobile,169,2,62,9,,lectures are boring and repetitive,0
4579,AI,Canada,tablet,68,1,25,23,medium,lectures are boring and repetitive,1
4580,Python,India,mobile,59,21,64,6,,great start but later became difficult,0
4581,,,mobile,130,17,1,11,low,platform is good but i am losing interest,0
4582,Data Science,USA,mobile,119,21,69,7,medium,,0
4583,Python,Germany,,10,25,44,29,low,too fast pace for beginners,0
4584,AI,,tablet,75,2,77,22,,initially motivated but now skipping videos,0
4585,,USA,tablet,90,13,91,22,medium,initially motivated but now skipping videos,1
4586,Cyber Security,,tablet,101,17,96,26,low,initially motivated but now skipping videos,0
4587,AI,India,desktop,154,12,24,22,high,lectures are boring and repetitive,0
4588,Data Science,India,desktop,132,7,39,15,medium,i was enjoying the course but now feeling lost,1
4589,,,tablet,28,3,17,1,high,platform is good but i am losing interest,1
4590,Web Development,USA,mobile,130,14,109,2,high,too fast pace for beginners,1
4591,Python,Germany,mobile,66,11,97,16,low,lectures are boring and repetitive,0
4592,Cyber Security,USA,tablet,144,13,119,14,,i stopped understanding after few lessons,0
4593,Web Development,Germany,,124,19,11,17,low,great start but later became difficult,1
4594,,,,57,6,90,9,,need more examples and practice,1
4595,,Germany,mobile,151,23,23,21,low,i stopped understanding after few lessons,0
4596,AI,UK,mobile,151,11,96,1,low,not enough support,1
4597,,Canada,desktop,21,28,116,16,medium,lectures are boring and repetitive,0
4598,Cyber Security,Canada,,103,8,78,15,,not enough support,0
4599,Web Development,India,mobile,153,9,42,23,high,great start but later became difficult,1
4600,Cyber Security,UK,mobile,58,7,31,24,,not enough support,1
4601,Data Science,Canada,tablet,37,29,113,6,,great start but later became difficult,1
4602,Data Science,,desktop,177,19,80,18,low,platform is good but i am losing interest,0
4603,Python,Germany,,143,1,98,15,high,need more examples and practice,0
4604,Python,Germany,,156,25,46,0,medium,too fast pace for beginners,0
4605,Data Science,USA,desktop,132,15,44,3,low,i stopped understanding after few lessons,1
4606,,USA,mobile,47,20,34,12,medium,platform is good but i am losing interest,0
4607,Cyber Security,Germany,,178,22,76,9,medium,,1
4608,Data Science,,,103,17,8,10,,great start but later became difficult,1
4609,Python,Germany,,72,19,9,18,high,great start but later became difficult,0
4610,Data Science,USA,tablet,171,21,64,14,,i was enjoying the course but now feeling lost,1
4611,,Canada,desktop,89,23,58,10,high,content is good but explanations are confusing,1
4612,Data Science,India,,58,9,97,2,medium,i was enjoying the course but now feeling lost,1
4613,Cyber Security,USA,desktop,105,28,56,1,,i stopped understanding after few lessons,0
4614,Web Development,,mobile,69,5,109,10,medium,i stopped understanding after few lessons,1
4615,,Canada,desktop,46,5,100,9,low,initially motivated but now skipping videos,0
4616,Python,Canada,tablet,153,21,88,2,high,initially motivated but now skipping videos,0
4617,Cyber Security,Canada,tablet,25,19,85,26,medium,i was enjoying the course but now feeling lost,1
4618,Data Science,UK,desktop,121,12,9,4,medium,great start but later became difficult,0
4619,Data Science,UK,tablet,35,18,89,14,high,lectures are boring and repetitive,0
4620,Web Development,Canada,,15,16,18,3,medium,need more examples and practice,0
4621,Python,,tablet,106,1,103,16,low,i stopped understanding after few lessons,0
4622,Python,Germany,mobile,128,17,108,0,medium,i was enjoying the course but now feeling lost,1
4623,AI,,desktop,74,25,104,0,medium,too fast pace for beginners,1
4624,Python,UK,desktop,88,6,49,11,high,platform is good but i am losing interest,0
4625,Web Development,USA,mobile,163,26,67,9,high,not enough support,0
4626,AI,UK,mobile,29,13,103,8,low,great start but later became difficult,1
4627,AI,Germany,mobile,38,21,4,8,medium,content is good but explanations are confusing,0
4628,Data Science,India,mobile,24,14,28,24,,too fast pace for beginners,0
4629,Data Science,UK,,19,7,101,25,low,content is good but explanations are confusing,0
4630,Python,,tablet,174,8,115,19,,i stopped understanding after few lessons,0
4631,AI,,tablet,49,20,4,19,medium,content is good but explanations are confusing,0
4632,Data Science,Canada,,44,10,59,29,medium,i stopped understanding after few lessons,0
4633,Web Development,Canada,mobile,154,2,64,13,high,,0
4634,Data Science,Canada,desktop,153,19,27,25,low,great start but later became difficult,0
4635,,India,desktop,35,13,82,22,,need more examples and practice,1
4636,,Germany,desktop,164,26,99,28,medium,not enough support,1
4637,Data Science,USA,mobile,142,7,0,18,medium,lectures are boring and repetitive,1
4638,AI,,,56,2,28,9,high,,0
4639,AI,,,134,17,50,2,high,platform is good but i am losing interest,1
4640,Cyber Security,Germany,,32,22,35,19,high,lectures are boring and repetitive,1
4641,,India,tablet,26,13,31,26,low,,1
4642,Web Development,Canada,tablet,143,19,63,21,low,,0
4643,AI,Germany,tablet,177,28,13,16,medium,too fast pace for beginners,0
4644,Python,USA,tablet,56,7,31,26,,i was enjoying the course but now feeling lost,1
4645,,Canada,desktop,37,16,109,29,low,platform is good but i am losing interest,0
4646,Web Development,USA,desktop,125,7,8,2,high,too fast pace for beginners,0
4647,Web Development,UK,,53,4,82,11,high,i was enjoying the course but now feeling lost,0
4648,AI,USA,tablet,101,11,10,14,low,,0
4649,Web Development,Canada,,78,1,47,4,medium,content is good but explanations are confusing,0
4650,AI,UK,mobile,36,16,50,26,medium,too fast pace for beginners,1
4651,Data Science,Canada,tablet,101,12,3,14,medium,need more examples and practice,1
4652,,,tablet,11,21,40,19,medium,need more examples and practice,0
4653,Cyber Security,Canada,,27,13,24,23,high,content is good but explanations are confusing,1
4654,Data Science,UK,,2,8,16,15,low,lectures are boring and repetitive,0
4655,,USA,mobile,22,8,46,8,high,content is good but explanations are confusing,0
4656,AI,,,66,8,7,7,,great start but later became difficult,0
4657,,India,tablet,112,26,57,10,medium,not enough support,0
4658,AI,India,desktop,17,19,108,26,medium,,0
4659,Data Science,India,mobile,132,5,0,8,,,1
4660,Python,India,mobile,14,29,1,15,,too fast pace for beginners,1
4661,Python,Germany,tablet,7,11,9,13,high,need more examples and practice,0
4662,,India,desktop,79,9,90,14,,too fast pace for beginners,0
4663,Python,UK,,144,21,116,29,medium,not enough support,0
4664,AI,India,,104,4,26,13,,lectures are boring and repetitive,1
4665,Web Development,Canada,desktop,147,17,12,23,high,i was enjoying the course but now feeling lost,0
4666,AI,India,desktop,1,6,62,9,,need more examples and practice,0
4667,Web Development,USA,tablet,31,12,10,12,,great start but later became difficult,0
4668,Data Science,UK,,128,0,13,0,high,i was enjoying the course but now feeling lost,0
4669,Cyber Security,UK,tablet,132,5,95,22,high,great start but later became difficult,1
4670,Web Development,,,91,20,79,29,high,,0
4671,Python,Germany,,58,20,92,8,medium,initially motivated but now skipping videos,1
4672,AI,Canada,desktop,56,7,101,16,medium,content is good but explanations are confusing,1
4673,Data Science,UK,tablet,43,8,97,25,,i was enjoying the course but now feeling lost,1
4674,Python,USA,desktop,74,6,25,16,medium,content is good but explanations are confusing,1
4675,Data Science,India,tablet,49,9,68,9,low,lectures are boring and repetitive,1
4676,Cyber Security,UK,,112,28,82,12,high,content is good but explanations are confusing,0
4677,AI,USA,mobile,108,7,38,17,low,lectures are boring and repetitive,1
4678,,India,mobile,60,29,91,12,high,need more examples and practice,1
4679,AI,Germany,tablet,94,1,27,20,,need more examples and practice,0
4680,Cyber Security,UK,tablet,144,17,16,28,high,lectures are boring and repetitive,0
4681,AI,UK,desktop,73,27,36,27,medium,initially motivated but now skipping videos,0
4682,,USA,,99,14,107,23,,i stopped understanding after few lessons,0
4683,Web Development,,mobile,114,23,82,12,high,lectures are boring and repetitive,0
4684,Data Science,Canada,desktop,175,5,26,23,,initially motivated but now skipping videos,0
4685,,Germany,tablet,15,23,113,9,,not enough support,1
4686,Python,Canada,,63,13,75,19,,i stopped understanding after few lessons,0
4687,Cyber Security,UK,desktop,28,24,66,6,low,lectures are boring and repetitive,1
4688,Web Development,Canada,desktop,148,24,67,6,medium,platform is good but i am losing interest,1
4689,Python,India,tablet,161,26,46,8,,platform is good but i am losing interest,0
4690,Python,Germany,,36,21,110,15,medium,need more examples and practice,0
4691,Cyber Security,Canada,mobile,125,23,74,14,high,not enough support,0
4692,Web Development,India,desktop,141,17,33,24,,i was enjoying the course but now feeling lost,1
4693,Python,USA,tablet,62,23,17,2,medium,platform is good but i am losing interest,1
4694,Python,Canada,desktop,151,2,34,12,,initially motivated but now skipping videos,1
4695,Web Development,Germany,tablet,13,29,17,10,low,,1
4696,AI,India,tablet,88,0,109,7,high,too fast pace for beginners,0
4697,Python,Canada,tablet,40,22,69,20,low,need more examples and practice,0
4698,Data Science,USA,,158,0,33,20,,need more examples and practice,0
4699,Web Development,Canada,mobile,124,13,32,23,medium,platform is good but i am losing interest,0
4700,Python,India,,25,26,71,5,,content is good but explanations are confusing,0
4701,Cyber Security,Canada,mobile,154,0,105,9,,not enough support,1
4702,,Germany,tablet,24,0,83,25,,i stopped understanding after few lessons,0
4703,Data Science,UK,mobile,97,3,113,16,low,not enough support,0
4704,,India,,39,28,83,19,low,content is good but explanations are confusing,1
4705,,India,desktop,109,29,42,8,medium,lectures are boring and repetitive,1
4706,Python,India,,61,11,81,20,high,i was enjoying the course but now feeling lost,0
4707,Data Science,India,,177,14,26,13,high,not enough support,1
4708,Data Science,Canada,,169,28,47,19,medium,too fast pace for beginners,0
4709,AI,Germany,,20,29,68,26,,content is good but explanations are confusing,1
4710,,USA,,172,27,70,12,high,great start but later became difficult,1
4711,Data Science,Germany,mobile,16,3,21,25,low,need more examples and practice,0
4712,AI,India,mobile,149,29,33,0,medium,content is good but explanations are confusing,1
4713,Web Development,,desktop,15,9,42,24,medium,platform is good but i am losing interest,1
4714,AI,Canada,,167,10,76,23,,,0
4715,Cyber Security,,,42,5,115,18,high,i was enjoying the course but now feeling lost,1
4716,Python,Canada,desktop,4,27,95,8,high,content is good but explanations are confusing,1
4717,Web Development,India,desktop,152,9,87,16,,too fast pace for beginners,1
4718,Web Development,Canada,tablet,131,11,15,14,medium,content is good but explanations are confusing,1
4719,Cyber Security,India,desktop,114,2,13,19,medium,i was enjoying the course but now feeling lost,0
4720,AI,Germany,desktop,129,14,38,4,medium,need more examples and practice,0
4721,Python,UK,desktop,141,15,70,3,medium,i was enjoying the course but now feeling lost,0
4722,AI,Canada,tablet,54,9,107,3,low,initially motivated but now skipping videos,0
4723,Data Science,India,mobile,82,21,11,24,low,,1
4724,AI,,tablet,40,28,83,14,medium,lectures are boring and repetitive,0
4725,Web Development,India,mobile,127,22,96,4,medium,great start but later became difficult,0
4726,Python,,desktop,139,10,54,16,medium,too fast pace for beginners,0
4727,AI,Canada,tablet,42,15,5,29,low,,0
4728,Python,USA,tablet,93,16,39,6,,great start but later became difficult,0
4729,Python,,mobile,4,13,90,5,high,need more examples and practice,0
4730,Data Science,India,tablet,25,15,12,14,low,not enough support,0
4731,Data Science,Canada,tablet,100,13,68,24,medium,too fast pace for beginners,1
4732,Web Development,India,,164,5,23,19,medium,initially motivated but now skipping videos,0
4733,Cyber Security,USA,mobile,125,9,73,13,medium,i was enjoying the course but now feeling lost,1
4734,Python,UK,tablet,172,16,58,9,medium,platform is good but i am losing interest,0
4735,Cyber Security,USA,tablet,40,22,45,5,,need more examples and practice,0
4736,Web Development,Germany,desktop,92,9,119,9,low,too fast pace for beginners,0
4737,Python,Canada,,173,20,95,22,high,i stopped understanding after few lessons,1
4738,Python,USA,,136,9,72,19,medium,i was enjoying the course but now feeling lost,1
4739,,UK,desktop,85,13,112,27,,i was enjoying the course but now feeling lost,0
4740,Cyber Security,India,desktop,35,19,98,8,,lectures are boring and repetitive,0
4741,AI,Canada,desktop,172,16,43,12,medium,lectures are boring and repetitive,0
4742,Data Science,,desktop,146,8,75,13,medium,platform is good but i am losing interest,1
4743,AI,USA,,47,14,10,0,high,initially motivated but now skipping videos,1
4744,Cyber Security,UK,tablet,153,6,117,0,low,too fast pace for beginners,0
4745,Data Science,USA,tablet,169,1,60,18,high,lectures are boring and repetitive,0
4746,AI,Germany,desktop,5,3,35,8,low,need more examples and practice,0
4747,,Canada,mobile,125,19,71,4,,great start but later became difficult,1
4748,Data Science,India,desktop,111,23,9,16,,,0
4749,Python,UK,tablet,72,17,77,15,medium,not enough support,0
4750,AI,USA,mobile,87,10,93,11,high,too fast pace for beginners,0
4751,Data Science,Canada,desktop,3,4,0,4,high,i was enjoying the course but now feeling lost,0
4752,,USA,mobile,165,25,62,5,medium,i stopped understanding after few lessons,1
4753,Data Science,Canada,desktop,93,7,11,19,high,lectures are boring and repetitive,0
4754,Data Science,Germany,,41,21,4,22,,i stopped understanding after few lessons,0
4755,,USA,tablet,148,19,77,10,,initially motivated but now skipping videos,1
4756,AI,Germany,desktop,87,4,35,18,medium,not enough support,0
4757,Web Development,,mobile,168,1,16,20,medium,great start but later became difficult,0
4758,AI,,tablet,85,4,57,5,low,initially motivated but now skipping videos,1
4759,Cyber Security,UK,desktop,136,2,21,22,,initially motivated but now skipping videos,1
4760,,Germany,desktop,133,11,30,9,,content is good but explanations are confusing,0
4761,AI,Canada,desktop,25,18,25,14,,i was enjoying the course but now feeling lost,0
4762,Data Science,UK,desktop,39,6,12,17,,i stopped understanding after few lessons,1
4763,,USA,,165,18,62,20,,,0
4764,Python,USA,tablet,125,3,66,28,low,not enough support,1
4765,AI,Canada,,105,22,106,6,medium,need more examples and practice,0
4766,,India,tablet,5,13,62,22,medium,too fast pace for beginners,0
4767,AI,India,desktop,136,18,10,27,high,lectures are boring and repetitive,1
4768,,USA,tablet,4,25,68,2,,not enough support,0
4769,Data Science,Canada,mobile,169,25,63,23,,content is good but explanations are confusing,0
4770,Python,India,tablet,60,28,101,15,medium,platform is good but i am losing interest,0
4771,Python,Germany,mobile,54,17,67,12,,platform is good but i am losing interest,0
4772,Cyber Security,USA,mobile,150,25,31,16,,i stopped understanding after few lessons,0
4773,,,,78,6,73,3,,,0
4774,AI,Germany,tablet,19,14,9,18,medium,need more examples and practice,0
4775,Python,Canada,desktop,99,20,107,3,high,content is good but explanations are confusing,0
4776,Python,,tablet,68,0,53,26,medium,not enough support,0
4777,Web Development,Germany,,33,11,54,24,,content is good but explanations are confusing,1
4778,Web Development,India,mobile,150,25,81,26,medium,lectures are boring and repetitive,0
4779,Python,India,mobile,139,28,61,11,low,content is good but explanations are confusing,0
4780,,,,16,23,110,23,,i was enjoying the course but now feeling lost,0
4781,Cyber Security,UK,,127,18,54,26,medium,not enough support,0
4782,Python,USA,tablet,93,26,86,3,medium,content is good but explanations are confusing,0
4783,Data Science,,mobile,44,22,81,28,high,content is good but explanations are confusing,0
4784,AI,Canada,,9,5,34,23,,initially motivated but now skipping videos,0
4785,Cyber Security,USA,tablet,78,25,66,16,low,lectures are boring and repetitive,0
4786,Data Science,Germany,tablet,79,27,64,27,low,,1
4787,Cyber Security,Canada,desktop,86,12,16,23,,too fast pace for beginners,0
4788,Data Science,Canada,mobile,15,29,41,25,medium,need more examples and practice,1
4789,AI,India,tablet,6,5,58,17,low,content is good but explanations are confusing,0
4790,AI,Germany,,1,12,69,21,,not enough support,0
4791,Web Development,India,mobile,20,14,10,5,low,too fast pace for beginners,0
4792,,India,,164,28,77,18,,i stopped understanding after few lessons,0
4793,Data Science,UK,,130,15,112,28,low,initially motivated but now skipping videos,0
4794,Web Development,India,tablet,70,7,27,4,high,initially motivated but now skipping videos,1
4795,Data Science,USA,tablet,2,12,38,1,,lectures are boring and repetitive,0
4796,Web Development,Canada,desktop,131,12,53,10,high,i stopped understanding after few lessons,0
4797,AI,India,,7,27,99,23,,not enough support,1
4798,Cyber Security,,tablet,84,28,10,23,low,,0
4799,Web Development,USA,desktop,169,19,114,12,low,great start but later became difficult,0
4800,Data Science,Germany,mobile,54,19,104,4,medium,need more examples and practice,0
4801,Data Science,Canada,desktop,41,11,57,22,low,i stopped understanding after few lessons,0
4802,,,desktop,115,18,116,7,high,platform is good but i am losing interest,1
4803,AI,,,133,16,39,10,medium,lectures are boring and repetitive,0
4804,Data Science,Germany,mobile,102,29,115,3,high,need more examples and practice,1
4805,Python,,,82,25,3,17,high,platform is good but i am losing interest,0
4806,Cyber Security,USA,,63,2,63,29,high,i was enjoying the course but now feeling lost,0
4807,Web Development,Germany,desktop,1,14,47,14,high,initially motivated but now skipping videos,0
4808,,,desktop,25,16,69,4,high,great start but later became difficult,0
4809,Cyber Security,Germany,tablet,174,5,101,22,,not enough support,0
4810,AI,Germany,desktop,143,23,82,11,,content is good but explanations are confusing,0
4811,,India,tablet,145,18,30,3,medium,,0
4812,Web Development,India,,149,29,1,3,high,great start but later became difficult,0
4813,Web Development,India,desktop,55,11,42,19,,great start but later became difficult,1
4814,Python,,mobile,107,3,88,8,low,too fast pace for beginners,0
4815,AI,Canada,mobile,138,20,113,8,medium,platform is good but i am losing interest,1
4816,,USA,,65,22,40,13,,great start but later became difficult,1
4817,,,,37,11,59,26,low,not enough support,0
4818,Data Science,India,desktop,112,26,111,25,medium,,0
4819,Python,Germany,tablet,7,21,74,23,low,initially motivated but now skipping videos,0
4820,Python,,desktop,76,1,45,26,high,great start but later became difficult,0
4821,,Germany,tablet,40,6,39,7,low,great start but later became difficult,0
4822,,Germany,desktop,178,15,58,22,high,lectures are boring and repetitive,0
4823,Cyber Security,Germany,mobile,1,23,44,0,medium,i stopped understanding after few lessons,0
4824,Cyber Security,UK,mobile,148,29,41,23,high,need more examples and practice,0
4825,Cyber Security,Canada,tablet,108,11,118,10,low,content is good but explanations are confusing,0
4826,Python,USA,desktop,159,15,107,26,high,need more examples and practice,0
4827,Data Science,USA,,68,13,20,3,high,initially motivated but now skipping videos,0
4828,Web Development,India,tablet,12,0,2,28,medium,great start but later became difficult,0
4829,Cyber Security,UK,mobile,150,21,65,16,high,too fast pace for beginners,1
4830,Data Science,,tablet,129,26,10,16,,great start but later became difficult,0
4831,AI,,desktop,126,8,23,18,medium,platform is good but i am losing interest,1
4832,Cyber Security,USA,,1,6,49,12,low,great start but later became difficult,0
4833,Web Development,Canada,,131,4,87,18,medium,i was enjoying the course but now feeling lost,0
4834,AI,Germany,tablet,117,28,20,25,low,platform is good but i am losing interest,0
4835,AI,India,desktop,149,29,24,16,low,great start but later became difficult,0
4836,Web Development,Canada,desktop,13,9,3,23,high,content is good but explanations are confusing,1
4837,Cyber Security,USA,,141,26,103,19,medium,initially motivated but now skipping videos,1
4838,Python,UK,mobile,105,9,42,11,low,,1
4839,Web Development,India,desktop,161,24,46,19,,not enough support,0
4840,Web Development,USA,,134,17,22,13,high,content is good but explanations are confusing,0
4841,Web Development,,,25,6,59,21,high,great start but later became difficult,0
4842,AI,India,desktop,151,24,87,8,low,platform is good but i am losing interest,1
4843,Data Science,USA,desktop,88,17,20,24,,i stopped understanding after few lessons,0
4844,Python,,tablet,101,12,65,11,high,too fast pace for beginners,1
4845,Cyber Security,,mobile,26,10,86,23,medium,lectures are boring and repetitive,0
4846,Cyber Security,Germany,tablet,132,9,50,16,low,need more examples and practice,1
4847,Data Science,UK,tablet,102,21,14,15,,need more examples and practice,0
4848,Web Development,Germany,,163,8,57,11,low,need more examples and practice,0
4849,Python,USA,,100,14,25,9,high,initially motivated but now skipping videos,0
4850,Cyber Security,Canada,mobile,25,13,89,25,,,1
4851,,Germany,tablet,148,2,91,1,low,lectures are boring and repetitive,1
4852,Cyber Security,Canada,tablet,1,23,58,2,low,content is good but explanations are confusing,1
4853,Web Development,,,94,13,89,26,low,lectures are boring and repetitive,0
4854,,USA,,68,20,44,4,medium,initially motivated but now skipping videos,0
4855,Data Science,UK,desktop,23,15,65,15,medium,too fast pace for beginners,1
4856,Python,Canada,tablet,106,22,34,20,medium,need more examples and practice,0
4857,Data Science,USA,mobile,150,28,95,12,medium,i stopped understanding after few lessons,0
4858,Data Science,Canada,tablet,95,27,93,25,high,content is good but explanations are confusing,1
4859,Python,Germany,,62,2,109,23,low,,0
4860,Python,USA,desktop,129,7,63,17,medium,too fast pace for beginners,0
4861,Cyber Security,Germany,tablet,68,1,83,1,high,content is good but explanations are confusing,0
4862,Cyber Security,India,mobile,147,28,76,23,medium,content is good but explanations are confusing,0
4863,Python,USA,,30,23,26,0,high,too fast pace for beginners,0
4864,,Canada,desktop,129,1,86,8,,great start but later became difficult,0
4865,AI,India,tablet,48,22,79,17,medium,not enough support,0
4866,Cyber Security,Germany,mobile,19,17,30,27,medium,i was enjoying the course but now feeling lost,1
4867,AI,Germany,,127,6,11,4,low,not enough support,1
4868,,Canada,mobile,150,16,96,2,medium,lectures are boring and repetitive,1
4869,Python,India,tablet,50,5,101,4,medium,,0
4870,,,,134,9,44,11,high,i was enjoying the course but now feeling lost,0
4871,Cyber Security,UK,tablet,149,6,31,7,low,too fast pace for beginners,0
4872,Data Science,Canada,desktop,147,3,53,7,low,i stopped understanding after few lessons,1
4873,Python,Germany,tablet,165,10,119,21,,need more examples and practice,0
4874,Web Development,USA,desktop,63,15,65,24,high,content is good but explanations are confusing,0
4875,AI,India,tablet,157,26,113,6,medium,great start but later became difficult,0
4876,,,mobile,162,16,112,1,high,too fast pace for beginners,0
4877,Python,UK,mobile,129,27,114,0,medium,i was enjoying the course but now feeling lost,0
4878,,USA,,48,5,86,23,,lectures are boring and repetitive,1
4879,Python,India,mobile,89,19,31,0,medium,content is good but explanations are confusing,0
4880,Cyber Security,,mobile,127,18,14,7,low,too fast pace for beginners,1
4881,Cyber Security,Canada,desktop,149,19,103,27,,lectures are boring and repetitive,0
4882,Cyber Security,,mobile,162,21,54,24,medium,too fast pace for beginners,0
4883,,Canada,desktop,154,20,40,16,,initially motivated but now skipping videos,1
4884,Web Development,India,desktop,36,17,39,22,low,too fast pace for beginners,0
4885,Cyber Security,,desktop,151,14,71,4,low,great start but later became difficult,0
4886,Python,UK,tablet,81,1,106,28,high,great start but later became difficult,0
4887,Cyber Security,,desktop,47,18,113,13,medium,i was enjoying the course but now feeling lost,0
4888,Data Science,India,tablet,172,26,48,7,,lectures are boring and repetitive,0
4889,Cyber Security,USA,desktop,148,5,85,19,high,too fast pace for beginners,0
4890,,USA,tablet,27,11,118,17,,great start but later became difficult,1
4891,Web Development,,,165,29,37,22,high,i was enjoying the course but now feeling lost,0
4892,Data Science,,,52,0,118,28,high,not enough support,0
4893,,Canada,tablet,75,26,55,6,high,too fast pace for beginners,1
4894,,India,,92,22,33,23,low,not enough support,0
4895,,Canada,mobile,62,23,0,13,low,content is good but explanations are confusing,0
4896,Python,UK,desktop,66,22,9,24,low,need more examples and practice,0
4897,,USA,tablet,152,10,39,13,low,need more examples and practice,1
4898,Python,Germany,,80,18,15,5,,,1
4899,,Germany,,140,21,87,2,medium,platform is good but i am losing interest,0
4900,AI,India,mobile,144,29,45,20,low,platform is good but i am losing interest,0
4901,Data Science,India,desktop,164,3,23,13,medium,,1
4902,AI,Germany,mobile,130,20,111,13,high,content is good but explanations are confusing,0
4903,,India,tablet,64,18,13,2,medium,great start but later became difficult,1
4904,Data Science,USA,,29,20,89,9,low,great start but later became difficult,1
4905,Data Science,UK,,87,5,38,8,,i stopped understanding after few lessons,0
4906,Web Development,UK,,96,7,17,20,low,lectures are boring and repetitive,1
4907,AI,Canada,mobile,31,27,83,6,,i was enjoying the course but now feeling lost,0
4908,Web Development,USA,mobile,83,21,40,25,low,lectures are boring and repetitive,1
4909,Data Science,India,desktop,143,8,55,6,high,i was enjoying the course but now feeling lost,0
4910,Python,India,tablet,33,9,35,6,,initially motivated but now skipping videos,0
4911,Data Science,Canada,desktop,100,9,23,11,high,i stopped understanding after few lessons,1
4912,Web Development,Canada,desktop,148,29,89,25,low,lectures are boring and repetitive,0
4913,AI,India,,73,9,28,3,high,,1
4914,,India,mobile,166,25,111,19,medium,,1
4915,,USA,tablet,131,3,21,12,medium,initially motivated but now skipping videos,0
4916,AI,Canada,desktop,18,17,10,2,,initially motivated but now skipping videos,0
4917,,USA,tablet,126,11,40,19,medium,too fast pace for beginners,1
4918,,,,7,24,48,8,medium,not enough support,0
4919,Web Development,India,desktop,163,10,117,20,low,content is good but explanations are confusing,0
4920,AI,Germany,mobile,124,15,10,29,low,great start but later became difficult,0
4921,Cyber Security,Germany,desktop,114,18,51,21,medium,not enough support,1
4922,Python,,,84,10,66,19,,need more examples and practice,1
4923,Python,India,desktop,84,22,84,12,medium,initially motivated but now skipping videos,0
4924,,Canada,,83,3,74,0,low,platform is good but i am losing interest,1
4925,Python,Germany,desktop,105,11,7,28,high,i was enjoying the course but now feeling lost,1
4926,AI,Canada,tablet,102,27,30,22,,too fast pace for beginners,0
4927,AI,Germany,mobile,93,16,73,28,,need more examples and practice,0
4928,Data Science,Canada,,60,23,5,22,medium,initially motivated but now skipping videos,0
4929,Data Science,Germany,tablet,102,12,80,5,high,content is good but explanations are confusing,0
4930,Python,Canada,,24,27,101,19,,not enough support,0
4931,Cyber Security,,desktop,109,3,70,25,,platform is good but i am losing interest,0
4932,Data Science,USA,,167,26,95,28,low,i was enjoying the course but now feeling lost,1
4933,Data Science,Canada,,140,5,12,23,medium,too fast pace for beginners,0
4934,AI,USA,mobile,94,6,5,27,medium,i stopped understanding after few lessons,1
4935,Cyber Security,USA,tablet,64,7,66,29,,great start but later became difficult,0
4936,,India,desktop,4,25,26,7,high,i stopped understanding after few lessons,0
4937,Python,,mobile,94,1,44,16,high,,0
4938,Data Science,USA,,133,8,105,24,high,content is good but explanations are confusing,1
4939,Cyber Security,UK,mobile,16,9,25,23,high,content is good but explanations are confusing,0
4940,Cyber Security,USA,,27,28,3,17,medium,not enough support,0
4941,Python,Canada,desktop,132,18,36,24,low,i was enjoying the course but now feeling lost,1
4942,Cyber Security,USA,,72,0,20,3,high,great start but later became difficult,0
4943,Cyber Security,Canada,mobile,48,15,114,25,high,platform is good but i am losing interest,1
4944,Cyber Security,Canada,mobile,136,17,27,29,low,not enough support,0
4945,Data Science,UK,,81,7,81,11,medium,content is good but explanations are confusing,1
4946,Python,USA,tablet,174,9,119,21,low,great start but later became difficult,0
4947,Cyber Security,USA,mobile,44,21,31,15,low,need more examples and practice,0
4948,Cyber Security,Germany,tablet,52,10,102,29,high,too fast pace for beginners,0
4949,Data Science,Germany,tablet,34,16,52,17,low,i stopped understanding after few lessons,0
4950,Python,India,tablet,21,26,32,9,low,platform is good but i am losing interest,1
4951,AI,Canada,tablet,24,24,25,3,medium,i stopped understanding after few lessons,0
4952,Data Science,UK,mobile,44,6,16,1,high,lectures are boring and repetitive,1
4953,Python,Germany,mobile,114,25,55,27,high,need more examples and practice,0
4954,Cyber Security,USA,tablet,169,26,115,24,,not enough support,1
4955,Python,India,mobile,157,2,92,14,high,content is good but explanations are confusing,0
4956,Python,UK,tablet,103,28,83,8,medium,i was enjoying the course but now feeling lost,0
4957,,,tablet,134,6,29,14,medium,great start but later became difficult,0
4958,Python,USA,tablet,56,5,113,4,medium,i was enjoying the course but now feeling lost,1
4959,AI,USA,,14,2,4,18,,i stopped understanding after few lessons,0
4960,Python,,desktop,178,7,117,2,,initially motivated but now skipping videos,0
4961,AI,Canada,mobile,101,0,5,16,medium,content is good but explanations are confusing,1
4962,Cyber Security,Canada,mobile,1,4,105,12,high,not enough support,0
4963,AI,Germany,tablet,12,23,61,23,,i stopped understanding after few lessons,0
4964,Cyber Security,Germany,,115,18,114,2,high,,1
4965,Cyber Security,USA,,106,26,9,27,,,0
4966,AI,USA,mobile,152,12,69,3,low,not enough support,1
4967,Data Science,Germany,tablet,37,25,9,17,medium,,0
4968,Web Development,,mobile,3,10,105,23,low,great start but later became difficult,0
4969,Python,Germany,tablet,155,27,84,2,medium,i stopped understanding after few lessons,1
4970,,USA,tablet,53,21,43,13,low,,1
4971,Web Development,UK,desktop,100,25,55,15,high,i was enjoying the course but now feeling lost,0
4972,Python,USA,tablet,17,10,3,11,high,not enough support,0
4973,Python,UK,desktop,113,1,12,10,medium,i stopped understanding after few lessons,0
4974,Cyber Security,UK,mobile,110,8,73,1,high,,1
4975,Python,USA,mobile,143,1,79,0,medium,lectures are boring and repetitive,1
4976,,India,,167,20,18,12,low,initially motivated but now skipping videos,0
4977,Python,Germany,desktop,4,18,69,29,medium,i stopped understanding after few lessons,1
4978,AI,Canada,mobile,145,25,89,25,,content is good but explanations are confusing,0
4979,Web Development,USA,desktop,139,11,61,17,low,not enough support,0
4980,AI,UK,mobile,12,8,8,17,low,,0
4981,,USA,desktop,32,8,45,12,medium,lectures are boring and repetitive,0
4982,Python,Germany,desktop,155,22,55,3,,lectures are boring and repetitive,1
4983,,,tablet,172,9,73,26,,lectures are boring and repetitive,0
4984,Cyber Security,UK,mobile,43,4,39,0,high,i stopped understanding after few lessons,1
4985,AI,Canada,,177,8,66,14,low,need more examples and practice,1
4986,AI,Canada,tablet,104,22,112,16,high,i was enjoying the course but now feeling lost,0
4987,Data Science,Canada,,93,17,82,5,low,not enough support,1
4988,Python,,desktop,43,9,61,4,low,need more examples and practice,0
4989,Cyber Security,India,tablet,131,16,98,0,low,need more examples and practice,1
4990,AI,UK,desktop,157,25,45,21,low,initially motivated but now skipping videos,1
4991,AI,,mobile,85,9,5,15,medium,platform is good but i am losing interest,1
4992,Cyber Security,UK,mobile,35,13,28,13,,platform is good but i am losing interest,1
4993,,,,117,3,18,23,low,not enough support,0
4994,,,mobile,176,9,113,28,high,i stopped understanding after few lessons,0
4995,Python,India,,167,23,107,4,high,content is good but explanations are confusing,1
4996,Data Science,UK,desktop,152,21,14,2,medium,i was enjoying the course but now feeling lost,0
4997,AI,,tablet,20,29,56,2,,need more examples and practice,1
4998,Data Science,India,mobile,143,17,37,28,low,need more examples and practice,1
4999,,USA,desktop,85,4,20,26,medium,,0
5000,,Germany,tablet,117,8,107,11,high,great start but later became difficult,0
5001,Web Development,,desktop,106,5,50,17,,,0
5002,Python,Canada,,146,15,38,8,low,too fast pace for beginners,0
5003,Web Development,India,desktop,105,21,86,24,,too fast pace for beginners,0
5004,Web Development,India,,93,22,19,22,high,not enough support,1
5005,Web Development,,,41,15,105,16,medium,need more examples and practice,0
5006,Python,India,mobile,100,28,113,16,medium,,0
5007,Python,USA,,69,10,1,19,high,need more examples and practice,0
5008,Cyber Security,India,,106,20,108,27,low,content is good but explanations are confusing,0
5009,Data Science,Germany,desktop,139,14,31,17,low,i was enjoying the course but now feeling lost,1
5010,Data Science,Germany,,146,18,110,28,,i was enjoying the course but now feeling lost,0
5011,Cyber Security,Canada,,140,2,91,2,high,,0
5012,Cyber Security,USA,desktop,144,15,119,17,high,i was enjoying the course but now feeling lost,1
5013,,Germany,tablet,27,20,3,14,low,too fast pace for beginners,0
5014,Web Development,,mobile,100,19,6,0,high,i was enjoying the course but now feeling lost,0
5015,Cyber Security,UK,desktop,145,4,2,2,medium,need more examples and practice,1
5016,AI,UK,,85,29,24,6,low,need more examples and practice,0
5017,Data Science,UK,desktop,119,8,111,9,low,platform is good but i am losing interest,0
5018,Cyber Security,,tablet,31,4,8,8,medium,i stopped understanding after few lessons,1
5019,AI,India,desktop,109,3,86,25,high,need more examples and practice,0
5020,AI,,desktop,163,12,86,8,low,great start but later became difficult,0
5021,AI,India,desktop,27,19,112,7,low,i stopped understanding after few lessons,1
5022,,UK,desktop,87,16,25,5,low,i was enjoying the course but now feeling lost,1
5023,,Canada,,160,25,103,0,high,,0
5024,AI,Canada,desktop,17,19,63,15,low,too fast pace for beginners,0
5025,,India,tablet,11,11,17,23,high,need more examples and practice,0
5026,Web Development,UK,desktop,129,29,87,23,,need more examples and practice,1
5027,AI,,desktop,82,19,90,29,medium,content is good but explanations are confusing,1
5028,Web Development,Canada,,49,24,108,27,high,great start but later became difficult,0
5029,Web Development,India,,41,26,1,24,high,i was enjoying the course but now feeling lost,0
5030,AI,,desktop,20,19,0,9,medium,i stopped understanding after few lessons,0
5031,Data Science,UK,,71,6,47,10,high,great start but later became difficult,1
5032,AI,USA,,37,0,79,11,medium,i stopped understanding after few lessons,0
5033,AI,UK,desktop,126,29,62,21,,i stopped understanding after few lessons,0
5034,,UK,,144,15,106,2,low,,0
5035,AI,,mobile,39,6,87,5,medium,great start but later became difficult,0
5036,Data Science,,mobile,109,29,35,7,medium,i was enjoying the course but now feeling lost,0
5037,,Germany,mobile,173,1,62,22,low,initially motivated but now skipping videos,0
5038,Python,Germany,,64,11,74,12,low,lectures are boring and repetitive,0
5039,Python,,mobile,175,10,25,23,high,great start but later became difficult,1
5040,Web Development,,tablet,23,7,5,18,high,great start but later became difficult,0
5041,Web Development,USA,mobile,32,0,25,7,high,great start but later became difficult,1
5042,Data Science,USA,tablet,177,25,92,20,low,content is good but explanations are confusing,1
5043,Cyber Security,UK,,123,2,42,22,low,lectures are boring and repetitive,0
5044,Python,Canada,mobile,19,7,0,12,low,platform is good but i am losing interest,0
5045,Web Development,USA,tablet,106,25,8,3,high,great start but later became difficult,1
5046,Python,UK,,67,7,26,2,low,great start but later became difficult,0
5047,Data Science,India,mobile,167,10,70,21,low,content is good but explanations are confusing,1
5048,Data Science,Germany,desktop,89,28,116,24,,great start but later became difficult,0
5049,Cyber Security,Canada,mobile,60,20,117,19,medium,platform is good but i am losing interest,0
5050,Cyber Security,UK,mobile,11,4,2,27,medium,too fast pace for beginners,0
5051,,,mobile,49,7,60,24,low,content is good but explanations are confusing,0
5052,Data Science,India,desktop,143,25,72,2,high,lectures are boring and repetitive,1
5053,Web Development,Germany,tablet,128,20,1,21,,content is good but explanations are confusing,0
5054,Python,India,tablet,61,8,73,11,,i was enjoying the course but now feeling lost,0
5055,AI,UK,desktop,171,16,80,4,medium,not enough support,0
5056,Cyber Security,USA,mobile,143,4,30,24,,i stopped understanding after few lessons,0
5057,AI,Germany,mobile,5,18,64,5,,platform is good but i am losing interest,0
5058,Web Development,India,mobile,29,18,17,17,,not enough support,0
5059,Cyber Security,USA,tablet,69,1,5,19,low,too fast pace for beginners,0
5060,AI,Canada,tablet,150,18,101,13,medium,too fast pace for beginners,0
5061,Web Development,UK,desktop,13,22,104,4,medium,lectures are boring and repetitive,1
5062,Python,UK,,178,14,41,10,high,lectures are boring and repetitive,0
5063,Web Development,Germany,desktop,116,7,110,26,low,need more examples and practice,0
5064,,India,tablet,175,27,67,8,,not enough support,0
5065,Cyber Security,Canada,mobile,110,23,103,28,low,lectures are boring and repetitive,1
5066,Data Science,,mobile,157,26,3,16,,need more examples and practice,0
5067,Python,Germany,mobile,80,7,98,11,,need more examples and practice,1
5068,AI,,mobile,100,0,3,24,high,great start but later became difficult,1
5069,Cyber Security,Germany,,17,13,64,25,high,initially motivated but now skipping videos,1
5070,Data Science,India,desktop,148,10,40,0,high,i stopped understanding after few lessons,1
5071,Web Development,Canada,desktop,114,6,42,0,,i was enjoying the course but now feeling lost,1
5072,Data Science,India,tablet,6,17,94,3,,lectures are boring and repetitive,0
5073,Cyber Security,UK,desktop,22,26,116,28,low,need more examples and practice,1
5074,Cyber Security,,,137,14,54,21,medium,,0
5075,,USA,,160,9,18,29,,i stopped understanding after few lessons,0
5076,,UK,,88,3,20,17,low,great start but later became difficult,1
5077,Data Science,UK,mobile,33,20,57,16,low,too fast pace for beginners,0
5078,Web Development,,tablet,70,27,29,11,,initially motivated but now skipping videos,0
5079,Data Science,Germany,,49,0,115,19,,great start but later became difficult,1
5080,Cyber Security,UK,desktop,104,13,6,23,high,,0
5081,Cyber Security,Canada,desktop,158,19,68,21,high,platform is good but i am losing interest,0
5082,AI,UK,desktop,102,19,63,11,high,platform is good but i am losing interest,0
5083,,Canada,,144,24,1,4,low,great start but later became difficult,1
5084,AI,India,,106,8,114,0,high,i stopped understanding after few lessons,1
5085,Python,Germany,desktop,82,12,119,18,,lectures are boring and repetitive,1
5086,Cyber Security,Canada,,86,28,66,29,high,i stopped understanding after few lessons,0
5087,AI,UK,desktop,14,26,78,6,,too fast pace for beginners,0
5088,Data Science,Germany,mobile,165,25,102,14,,platform is good but i am losing interest,1
5089,,Germany,,49,16,100,13,medium,initially motivated but now skipping videos,1
5090,,Canada,mobile,50,23,118,25,medium,need more examples and practice,0
5091,Web Development,Canada,mobile,164,19,73,2,high,too fast pace for beginners,0
5092,Data Science,USA,,23,3,8,4,,platform is good but i am losing interest,0
5093,Web Development,USA,desktop,66,4,22,5,medium,i was enjoying the course but now feeling lost,1
5094,AI,Germany,tablet,173,17,13,24,low,content is good but explanations are confusing,1
5095,Python,,mobile,115,16,53,10,medium,i stopped understanding after few lessons,0
5096,Data Science,,,28,20,44,18,high,content is good but explanations are confusing,0
5097,Data Science,USA,mobile,20,6,96,21,low,platform is good but i am losing interest,0
5098,Data Science,UK,desktop,177,9,15,26,low,great start but later became difficult,1
5099,Web Development,India,,121,8,83,1,,content is good but explanations are confusing,1
5100,AI,Germany,tablet,97,27,71,24,,,0
5101,Data Science,India,,119,27,112,11,,,0
5102,Data Science,USA,mobile,109,12,101,24,,i stopped understanding after few lessons,0
5103,,Canada,,26,17,97,22,medium,lectures are boring and repetitive,0
5104,Python,Germany,,147,11,94,13,high,content is good but explanations are confusing,1
5105,,USA,mobile,106,7,108,26,high,platform is good but i am losing interest,0
5106,,UK,tablet,141,22,56,8,,too fast pace for beginners,1
5107,Python,Germany,desktop,62,17,7,19,medium,content is good but explanations are confusing,0
5108,AI,Germany,,126,4,24,15,medium,i stopped understanding after few lessons,0
5109,,,tablet,142,6,40,25,medium,initially motivated but now skipping videos,1
5110,AI,Canada,desktop,139,14,61,16,high,i stopped understanding after few lessons,1
5111,,Germany,mobile,67,2,76,16,,too fast pace for beginners,1
5112,Cyber Security,Canada,tablet,12,17,17,1,medium,too fast pace for beginners,1
5113,Python,USA,tablet,35,5,49,9,medium,too fast pace for beginners,0
5114,,UK,,110,25,40,29,,too fast pace for beginners,0
5115,Cyber Security,UK,mobile,167,28,33,10,medium,lectures are boring and repetitive,1
5116,Web Development,Germany,,160,5,99,2,high,i stopped understanding after few lessons,0
5117,Cyber Security,Germany,mobile,14,26,113,29,low,great start but later became difficult,0
5118,Data Science,USA,desktop,155,19,80,1,high,great start but later became difficult,1
5119,,,,101,0,11,3,,i stopped understanding after few lessons,1
5120,Cyber Security,,mobile,60,20,79,7,,i was enjoying the course but now feeling lost,1
5121,AI,,mobile,43,16,76,18,high,platform is good but i am losing interest,0
5122,Web Development,Canada,tablet,55,10,74,19,low,great start but later became difficult,1
5123,,,,109,29,77,17,,lectures are boring and repetitive,1
5124,Data Science,UK,,93,26,41,0,,initially motivated but now skipping videos,1
5125,Cyber Security,Canada,desktop,163,23,54,29,high,platform is good but i am losing interest,0
5126,Web Development,USA,mobile,95,1,91,23,low,platform is good but i am losing interest,0
5127,,UK,tablet,160,24,58,22,low,not enough support,1
5128,Web Development,UK,mobile,147,8,116,25,low,,1
5129,Data Science,India,mobile,95,18,50,1,,lectures are boring and repetitive,0
5130,Cyber Security,USA,mobile,167,5,87,7,low,need more examples and practice,0
5131,Web Development,USA,,148,24,52,28,high,great start but later became difficult,1
5132,Web Development,India,mobile,28,6,80,9,,i was enjoying the course but now feeling lost,1
5133,Python,Canada,desktop,3,3,8,18,low,content is good but explanations are confusing,0
5134,Web Development,,tablet,160,2,109,6,medium,platform is good but i am losing interest,0
5135,Python,,tablet,86,1,93,16,low,not enough support,1
5136,Cyber Security,,mobile,108,9,100,27,low,i stopped understanding after few lessons,0
5137,,,tablet,170,9,2,28,,,0
5138,,,mobile,117,16,117,29,high,too fast pace for beginners,0
5139,Cyber Security,India,,108,26,7,2,medium,content is good but explanations are confusing,0
5140,Cyber Security,USA,tablet,15,15,81,24,,need more examples and practice,1
5141,AI,Canada,,62,25,58,14,low,great start but later became difficult,1
5142,Cyber Security,UK,,31,26,29,3,,platform is good but i am losing interest,1
5143,Web Development,,desktop,26,0,66,16,,too fast pace for beginners,1
5144,,India,desktop,148,11,54,10,medium,i was enjoying the course but now feeling lost,0
5145,Data Science,Canada,tablet,66,19,33,29,low,platform is good but i am losing interest,0
5146,,Canada,mobile,149,19,42,5,,initially motivated but now skipping videos,0
5147,Python,Canada,mobile,115,24,27,16,high,initially motivated but now skipping videos,1
5148,,India,mobile,60,9,36,9,medium,too fast pace for beginners,0
5149,AI,UK,mobile,63,0,88,0,,need more examples and practice,0
5150,Cyber Security,,desktop,179,15,29,17,medium,need more examples and practice,0
5151,Cyber Security,Canada,mobile,101,10,70,13,,i was enjoying the course but now feeling lost,1
5152,,India,mobile,167,3,61,18,,i stopped understanding after few lessons,1
5153,Data Science,USA,,100,2,109,28,,lectures are boring and repetitive,0
5154,Data Science,India,mobile,139,24,28,17,high,platform is good but i am losing interest,1
5155,AI,India,mobile,119,12,114,23,high,content is good but explanations are confusing,1
5156,Python,India,desktop,57,20,1,21,high,great start but later became difficult,0
5157,,Canada,tablet,131,14,89,0,,not enough support,0
5158,Cyber Security,India,,37,24,104,21,high,i was enjoying the course but now feeling lost,0
5159,,USA,,111,9,56,0,medium,not enough support,1
5160,AI,Canada,tablet,153,5,56,8,high,i stopped understanding after few lessons,0
5161,Web Development,USA,,149,10,41,13,medium,not enough support,0
5162,Web Development,Germany,mobile,112,24,114,2,low,,0
5163,AI,India,mobile,170,0,48,11,low,great start but later became difficult,1
5164,Cyber Security,,tablet,1,28,56,16,high,too fast pace for beginners,1
5165,AI,,desktop,23,19,70,16,high,too fast pace for beginners,0
5166,Cyber Security,Canada,desktop,107,3,17,1,medium,i stopped understanding after few lessons,0
5167,Data Science,,,113,29,69,28,,need more examples and practice,1
5168,AI,Canada,desktop,152,25,104,5,medium,too fast pace for beginners,1
5169,Cyber Security,India,desktop,175,9,103,0,low,need more examples and practice,1
5170,AI,UK,desktop,89,21,26,22,,not enough support,1
5171,AI,UK,desktop,135,25,117,26,medium,platform is good but i am losing interest,1
5172,Cyber Security,USA,desktop,38,14,53,11,high,need more examples and practice,0
5173,Cyber Security,India,desktop,47,28,119,3,low,need more examples and practice,0
5174,Python,,desktop,103,0,104,22,low,platform is good but i am losing interest,0
5175,AI,India,,163,25,23,15,high,i stopped understanding after few lessons,1
5176,Web Development,Germany,mobile,62,20,96,19,medium,too fast pace for beginners,0
5177,AI,UK,desktop,73,14,94,10,high,need more examples and practice,0
5178,AI,,mobile,3,2,33,19,medium,i was enjoying the course but now feeling lost,0
5179,Cyber Security,UK,tablet,102,0,21,29,low,not enough support,1
5180,AI,India,mobile,148,5,87,19,high,i was enjoying the course but now feeling lost,0
5181,,,tablet,105,18,62,25,low,i stopped understanding after few lessons,0
5182,AI,USA,,44,3,35,27,low,not enough support,0
5183,,India,mobile,160,11,91,9,,too fast pace for beginners,0
5184,Web Development,USA,tablet,100,24,83,7,high,not enough support,1
5185,Cyber Security,,mobile,26,1,60,1,low,content is good but explanations are confusing,1
5186,AI,UK,,48,16,81,7,medium,platform is good but i am losing interest,0
5187,,Germany,mobile,5,25,41,25,high,initially motivated but now skipping videos,0
5188,,Canada,tablet,59,5,95,26,medium,too fast pace for beginners,1
5189,,UK,desktop,61,11,32,0,medium,platform is good but i am losing interest,0
5190,Data Science,USA,desktop,49,14,73,28,medium,need more examples and practice,0
5191,Python,India,desktop,158,16,8,22,high,i stopped understanding after few lessons,0
5192,Web Development,,,145,0,118,6,medium,not enough support,1
5193,AI,UK,desktop,70,13,24,21,high,initially motivated but now skipping videos,1
5194,Data Science,Germany,,15,22,12,13,,,0
5195,AI,,desktop,1,1,46,3,medium,initially motivated but now skipping videos,1
5196,AI,USA,,141,3,113,20,high,need more examples and practice,1
5197,Cyber Security,,,176,19,44,16,medium,great start but later became difficult,1
5198,Cyber Security,,mobile,128,1,4,1,low,too fast pace for beginners,0
5199,Cyber Security,India,desktop,162,21,30,25,medium,lectures are boring and repetitive,0
5200,Data Science,Canada,mobile,125,25,30,22,low,lectures are boring and repetitive,0
5201,AI,USA,tablet,158,13,97,1,low,content is good but explanations are confusing,1
5202,Python,India,desktop,19,17,89,7,medium,i was enjoying the course but now feeling lost,0
5203,Web Development,Canada,desktop,119,27,70,6,medium,great start but later became difficult,0
5204,Cyber Security,India,desktop,64,7,40,25,low,too fast pace for beginners,0
5205,Cyber Security,Canada,desktop,66,19,114,7,,initially motivated but now skipping videos,0
5206,AI,Canada,mobile,57,0,45,19,high,need more examples and practice,0
5207,AI,Canada,mobile,44,15,112,16,medium,initially motivated but now skipping videos,0
5208,Data Science,India,,12,6,51,22,low,,0
5209,Data Science,,mobile,122,5,83,16,high,initially motivated but now skipping videos,0
5210,Cyber Security,Canada,,168,27,106,6,medium,initially motivated but now skipping videos,0
5211,AI,,tablet,24,29,85,24,high,,0
5212,Python,USA,mobile,139,21,4,4,low,great start but later became difficult,1
5213,Web Development,Germany,,1,26,11,29,medium,content is good but explanations are confusing,0
5214,AI,,desktop,28,18,20,14,,i was enjoying the course but now feeling lost,0
5215,AI,Germany,tablet,68,9,8,1,high,,1
5216,,Canada,,105,22,92,10,medium,i stopped understanding after few lessons,0
5217,Data Science,Germany,tablet,94,5,90,29,high,initially motivated but now skipping videos,1
5218,Web Development,Germany,desktop,124,25,16,16,high,great start but later became difficult,0
5219,Cyber Security,Canada,desktop,124,9,103,23,medium,i was enjoying the course but now feeling lost,1
5220,AI,,,22,24,23,12,medium,platform is good but i am losing interest,0
5221,Cyber Security,Canada,,157,18,26,3,medium,,0
5222,AI,USA,desktop,89,2,7,23,low,not enough support,0
5223,Cyber Security,UK,,45,19,43,17,medium,i stopped understanding after few lessons,0
5224,Web Development,India,desktop,124,2,61,28,high,lectures are boring and repetitive,0
5225,Data Science,Canada,mobile,145,19,28,13,medium,,0
5226,Web Development,Canada,,79,5,82,18,low,i was enjoying the course but now feeling lost,0
5227,,Germany,tablet,39,16,73,2,low,platform is good but i am losing interest,1
5228,Python,USA,desktop,168,17,23,3,medium,i stopped understanding after few lessons,0
5229,Data Science,Germany,mobile,28,9,33,24,high,initially motivated but now skipping videos,0
5230,Web Development,,,130,5,119,8,low,need more examples and practice,0
5231,,Canada,desktop,155,27,59,20,high,lectures are boring and repetitive,1
5232,Python,Canada,mobile,149,12,103,22,,not enough support,0
5233,,Germany,,87,5,30,13,low,too fast pace for beginners,0
5234,AI,Canada,desktop,135,11,109,28,,not enough support,0
5235,AI,,desktop,52,13,114,29,low,need more examples and practice,1
5236,Cyber Security,UK,desktop,176,16,3,24,high,lectures are boring and repetitive,1
5237,Data Science,India,,126,21,104,16,,content is good but explanations are confusing,0
5238,AI,India,mobile,147,29,108,28,high,initially motivated but now skipping videos,0
5239,,India,desktop,73,26,94,1,low,too fast pace for beginners,1
5240,Data Science,UK,mobile,140,27,8,13,high,i stopped understanding after few lessons,0
5241,AI,Canada,mobile,94,24,89,21,,platform is good but i am losing interest,0
5242,Cyber Security,Germany,tablet,2,7,76,15,medium,too fast pace for beginners,0
5243,Web Development,USA,mobile,17,25,111,18,medium,initially motivated but now skipping videos,0
5244,Cyber Security,Canada,mobile,125,4,89,15,low,need more examples and practice,0
5245,Python,UK,mobile,131,28,53,10,medium,platform is good but i am losing interest,1
5246,AI,,mobile,21,3,0,27,low,great start but later became difficult,0
5247,Python,UK,mobile,78,5,103,26,high,,0
5248,Python,India,,79,10,60,13,high,i stopped understanding after few lessons,0
5249,,Canada,tablet,51,29,72,6,,platform is good but i am losing interest,0
5250,Data Science,India,desktop,106,27,30,4,,content is good but explanations are confusing,0
5251,,USA,tablet,105,4,87,25,medium,content is good but explanations are confusing,1
5252,AI,,tablet,10,28,44,7,high,i stopped understanding after few lessons,1
5253,Python,India,desktop,116,21,112,28,,content is good but explanations are confusing,0
5254,Web Development,USA,mobile,55,13,59,16,medium,too fast pace for beginners,1
5255,Python,UK,desktop,36,29,85,29,low,initially motivated but now skipping videos,0
5256,Web Development,India,mobile,51,9,72,24,,too fast pace for beginners,0
5257,,India,desktop,74,10,102,13,,i was enjoying the course but now feeling lost,0
5258,,Germany,,17,2,86,26,medium,,0
5259,Data Science,,tablet,61,22,83,9,,too fast pace for beginners,1
5260,Python,,mobile,91,7,118,21,medium,lectures are boring and repetitive,0
5261,Cyber Security,UK,tablet,141,20,41,11,,too fast pace for beginners,1
5262,,Germany,mobile,95,4,84,4,high,platform is good but i am losing interest,0
5263,,USA,desktop,80,27,26,7,high,too fast pace for beginners,1
5264,Data Science,USA,desktop,103,19,57,27,high,,1
5265,Web Development,UK,desktop,48,25,68,11,,too fast pace for beginners,0
5266,Data Science,,,86,20,80,3,medium,too fast pace for beginners,0
5267,Python,USA,desktop,70,27,97,27,high,initially motivated but now skipping videos,1
5268,AI,UK,desktop,47,9,72,12,low,great start but later became difficult,0
5269,AI,USA,,10,26,33,24,,initially motivated but now skipping videos,0
5270,Web Development,Canada,tablet,80,7,9,20,medium,platform is good but i am losing interest,0
5271,,India,tablet,13,20,107,16,,lectures are boring and repetitive,0
5272,Web Development,,mobile,58,8,65,23,medium,i was enjoying the course but now feeling lost,0
5273,,Canada,tablet,84,28,110,24,medium,platform is good but i am losing interest,1
5274,,UK,mobile,68,27,24,20,,too fast pace for beginners,0
5275,AI,UK,mobile,84,28,2,28,low,need more examples and practice,0
5276,Web Development,Canada,tablet,86,14,33,4,low,too fast pace for beginners,0
5277,Data Science,India,tablet,157,0,70,5,,need more examples and practice,0
5278,,India,,144,22,27,8,high,i stopped understanding after few lessons,1
5279,Cyber Security,Germany,mobile,63,4,8,4,high,i was enjoying the course but now feeling lost,0
5280,Cyber Security,USA,tablet,175,14,10,1,medium,,0
5281,Data Science,Germany,tablet,43,3,92,2,high,lectures are boring and repetitive,0
5282,Cyber Security,India,,151,18,117,10,,great start but later became difficult,1
5283,Python,Canada,tablet,158,27,79,9,,need more examples and practice,1
5284,,USA,desktop,30,9,38,2,low,lectures are boring and repetitive,0
5285,Data Science,Canada,desktop,67,22,92,8,high,i was enjoying the course but now feeling lost,1
5286,Web Development,Germany,mobile,24,27,12,7,high,initially motivated but now skipping videos,0
5287,,UK,,101,1,98,15,medium,platform is good but i am losing interest,0
5288,Data Science,Canada,tablet,106,4,10,28,,too fast pace for beginners,0
5289,AI,Germany,mobile,101,17,34,28,,initially motivated but now skipping videos,1
5290,Web Development,Germany,tablet,8,22,110,21,,lectures are boring and repetitive,1
5291,AI,Germany,desktop,172,5,7,20,low,initially motivated but now skipping videos,0
5292,,UK,tablet,96,28,6,25,low,i stopped understanding after few lessons,1
5293,Web Development,UK,tablet,162,9,68,1,low,content is good but explanations are confusing,0
5294,Cyber Security,UK,tablet,35,14,69,24,,initially motivated but now skipping videos,0
5295,Data Science,USA,desktop,96,22,56,9,,not enough support,1
5296,,UK,desktop,50,27,114,23,high,i was enjoying the course but now feeling lost,1
5297,Python,UK,,145,8,34,13,,i was enjoying the course but now feeling lost,0
5298,Web Development,UK,desktop,2,12,93,4,,need more examples and practice,1
5299,Web Development,Canada,mobile,44,17,10,21,low,i stopped understanding after few lessons,1
5300,,UK,tablet,102,24,37,24,high,i was enjoying the course but now feeling lost,0
5301,,USA,desktop,177,6,90,0,,content is good but explanations are confusing,0
5302,AI,Germany,mobile,130,1,119,12,medium,initially motivated but now skipping videos,0
5303,Cyber Security,Canada,desktop,72,15,84,3,low,great start but later became difficult,1
5304,AI,India,tablet,110,25,77,20,medium,initially motivated but now skipping videos,0
5305,AI,UK,mobile,137,1,48,8,high,,0
5306,Cyber Security,Germany,desktop,129,3,34,15,low,not enough support,0
5307,Python,Germany,desktop,103,1,28,27,high,lectures are boring and repetitive,0
5308,AI,Canada,mobile,137,16,87,20,,great start but later became difficult,1
5309,AI,India,,142,5,99,20,low,too fast pace for beginners,1
5310,Web Development,,mobile,27,9,40,27,high,,0
5311,Cyber Security,USA,mobile,137,13,108,27,high,not enough support,0
5312,Data Science,,mobile,164,26,95,18,high,initially motivated but now skipping videos,0
5313,Python,Germany,mobile,93,14,5,23,medium,need more examples and practice,1
5314,Python,,desktop,100,20,9,13,low,,1
5315,Cyber Security,Germany,mobile,131,11,83,22,high,lectures are boring and repetitive,1
5316,,,mobile,117,18,83,23,low,content is good but explanations are confusing,0
5317,,Germany,tablet,151,10,89,19,,platform is good but i am losing interest,0
5318,Web Development,Germany,desktop,122,0,84,7,,content is good but explanations are confusing,1
5319,Web Development,Canada,tablet,110,24,108,9,high,lectures are boring and repetitive,1
5320,Cyber Security,India,desktop,73,7,22,19,low,,1
5321,Web Development,Germany,,30,21,45,0,high,content is good but explanations are confusing,0
5322,Python,USA,,19,5,11,19,high,not enough support,0
5323,Python,USA,desktop,102,11,54,4,medium,great start but later became difficult,0
5324,Data Science,UK,,67,19,12,25,low,i was enjoying the course but now feeling lost,0
5325,,Germany,,50,15,73,14,medium,i stopped understanding after few lessons,0
5326,Cyber Security,Germany,desktop,48,28,6,7,high,need more examples and practice,0
5327,AI,Germany,mobile,3,17,100,27,medium,platform is good but i am losing interest,1
5328,,,tablet,66,11,11,9,medium,not enough support,0
5329,AI,Germany,desktop,155,19,60,5,medium,too fast pace for beginners,0
5330,Data Science,Germany,desktop,106,29,24,14,,platform is good but i am losing interest,1
5331,Data Science,USA,desktop,111,1,1,14,,need more examples and practice,0
5332,Web Development,India,tablet,40,28,103,26,medium,i stopped understanding after few lessons,0
5333,Data Science,India,desktop,125,6,25,9,low,i was enjoying the course but now feeling lost,1
5334,Data Science,UK,tablet,18,8,103,20,,not enough support,0
5335,AI,USA,tablet,155,28,50,18,medium,initially motivated but now skipping videos,0
5336,Web Development,Germany,,139,17,68,3,high,,1
5337,Data Science,India,mobile,167,8,61,21,,great start but later became difficult,0
5338,,Canada,,19,24,71,5,high,initially motivated but now skipping videos,1
5339,Data Science,Canada,desktop,89,7,105,14,medium,,1
5340,Web Development,Canada,desktop,135,0,108,5,medium,initially motivated but now skipping videos,0
5341,Cyber Security,Germany,tablet,57,4,72,17,medium,initially motivated but now skipping videos,0
5342,Web Development,Germany,,130,15,38,10,high,too fast pace for beginners,0
5343,AI,UK,tablet,38,13,83,11,,lectures are boring and repetitive,0
5344,Cyber Security,UK,,133,25,115,29,medium,,0
5345,,UK,,82,12,114,7,low,i stopped understanding after few lessons,0
5346,Python,,,36,28,10,23,medium,not enough support,1
5347,Web Development,Canada,,88,10,103,21,,content is good but explanations are confusing,0
5348,AI,Germany,,119,19,63,29,,i stopped understanding after few lessons,0
5349,,Canada,mobile,85,22,85,13,low,lectures are boring and repetitive,1
5350,Cyber Security,UK,desktop,148,12,79,3,medium,lectures are boring and repetitive,1
5351,,Germany,,133,26,105,17,,,0
5352,Web Development,USA,,24,14,101,5,,platform is good but i am losing interest,1
5353,Data Science,India,tablet,30,29,41,5,,need more examples and practice,0
5354,Web Development,India,desktop,28,23,9,25,high,initially motivated but now skipping videos,1
5355,Python,UK,desktop,179,29,88,18,,not enough support,0
5356,Web Development,Canada,desktop,109,25,18,1,,too fast pace for beginners,0
5357,Cyber Security,USA,,135,26,3,3,high,i stopped understanding after few lessons,0
5358,Cyber Security,Germany,tablet,170,15,82,23,medium,initially motivated but now skipping videos,0
5359,Web Development,Canada,desktop,35,12,2,4,low,i was enjoying the course but now feeling lost,0
5360,Cyber Security,UK,tablet,119,7,80,14,high,platform is good but i am losing interest,0
5361,Data Science,Canada,mobile,34,17,13,2,high,i stopped understanding after few lessons,0
5362,,UK,mobile,103,18,9,28,high,need more examples and practice,1
5363,Web Development,,tablet,117,28,5,15,,initially motivated but now skipping videos,1
5364,Data Science,India,,76,25,30,29,medium,,0
5365,,India,desktop,54,14,30,12,medium,initially motivated but now skipping videos,1
5366,,Canada,mobile,29,9,47,11,medium,content is good but explanations are confusing,1
5367,Data Science,USA,mobile,138,22,8,20,low,need more examples and practice,0
5368,AI,Germany,tablet,27,3,116,8,medium,,0
5369,Web Development,UK,,13,5,75,10,low,not enough support,1
5370,,Germany,tablet,42,7,107,7,,great start but later became difficult,0
5371,,India,tablet,165,23,109,27,medium,content is good but explanations are confusing,0
5372,Cyber Security,USA,tablet,21,6,25,25,low,,0
5373,,USA,tablet,131,28,1,6,,lectures are boring and repetitive,0
5374,Data Science,Germany,tablet,136,11,105,3,,platform is good but i am losing interest,1
5375,,India,,70,17,3,1,low,need more examples and practice,1
5376,AI,Germany,tablet,145,17,95,27,,not enough support,0
5377,Web Development,Canada,,10,18,91,24,,too fast pace for beginners,1
5378,Web Development,USA,desktop,141,3,5,18,medium,great start but later became difficult,0
5379,,USA,desktop,106,0,29,21,low,i stopped understanding after few lessons,0
5380,Python,Canada,desktop,12,4,54,29,,,0
5381,Python,India,desktop,128,29,27,28,high,i stopped understanding after few lessons,0
5382,Data Science,USA,mobile,151,6,60,22,high,great start but later became difficult,0
5383,Python,,,128,27,76,11,,,1
5384,Data Science,,desktop,61,25,54,2,medium,great start but later became difficult,0
5385,Cyber Security,,mobile,26,10,109,18,high,,1
5386,Data Science,UK,,15,20,35,2,medium,i was enjoying the course but now feeling lost,0
5387,Python,UK,mobile,22,29,73,18,,,0
5388,,India,mobile,89,22,73,18,low,i was enjoying the course but now feeling lost,1
5389,Cyber Security,Canada,tablet,65,20,4,6,,lectures are boring and repetitive,0
5390,Python,Germany,mobile,154,10,28,28,,content is good but explanations are confusing,0
5391,Data Science,India,mobile,21,9,99,13,high,too fast pace for beginners,0
5392,AI,Germany,,152,23,11,20,low,content is good but explanations are confusing,0
5393,Web Development,India,mobile,16,6,21,3,medium,content is good but explanations are confusing,0
5394,Python,UK,tablet,160,15,58,5,medium,need more examples and practice,1
5395,Data Science,,desktop,16,29,109,13,low,need more examples and practice,0
5396,Cyber Security,Canada,desktop,42,0,38,7,medium,lectures are boring and repetitive,0
5397,Python,UK,,160,26,1,17,high,too fast pace for beginners,1
5398,Python,Canada,,178,0,13,27,,initially motivated but now skipping videos,1
5399,Web Development,Germany,mobile,41,11,9,14,medium,great start but later became difficult,0
5400,Data Science,India,,108,15,47,18,high,initially motivated but now skipping videos,1
5401,AI,USA,mobile,125,4,63,17,medium,great start but later became difficult,1
5402,Cyber Security,USA,,152,13,2,29,high,not enough support,0
5403,Data Science,Canada,desktop,13,17,71,14,medium,great start but later became difficult,0
5404,Cyber Security,,desktop,79,8,118,22,medium,i stopped understanding after few lessons,0
5405,Python,,desktop,138,1,59,11,low,not enough support,1
5406,Web Development,Canada,desktop,42,11,80,17,low,not enough support,0
5407,Web Development,UK,mobile,169,24,67,29,high,lectures are boring and repetitive,0
5408,,USA,mobile,121,9,20,4,low,platform is good but i am losing interest,1
5409,AI,UK,mobile,131,1,93,26,,i stopped understanding after few lessons,1
5410,Web Development,Germany,desktop,16,14,18,14,low,not enough support,0
5411,Python,USA,tablet,44,3,78,25,high,i was enjoying the course but now feeling lost,1
5412,AI,Germany,desktop,158,18,19,8,low,need more examples and practice,1
5413,Data Science,India,desktop,121,21,57,7,high,i stopped understanding after few lessons,1
5414,Web Development,UK,tablet,165,3,41,7,,need more examples and practice,1
5415,AI,Canada,tablet,24,24,93,2,high,,1
5416,Python,USA,,26,8,9,12,high,platform is good but i am losing interest,1
5417,,UK,desktop,58,12,22,12,,need more examples and practice,1
5418,Cyber Security,Canada,tablet,9,9,87,11,,i was enjoying the course but now feeling lost,1
5419,Cyber Security,India,,126,13,11,14,high,platform is good but i am losing interest,1
5420,Python,USA,tablet,19,24,8,13,medium,initially motivated but now skipping videos,0
5421,Python,Germany,tablet,28,2,78,0,medium,need more examples and practice,0
5422,Cyber Security,India,,135,2,28,1,high,lectures are boring and repetitive,0
5423,,,desktop,45,19,81,22,low,great start but later became difficult,0
5424,AI,Canada,,128,15,19,3,high,too fast pace for beginners,1
5425,Cyber Security,USA,desktop,94,8,64,12,high,platform is good but i am losing interest,0
5426,Python,USA,tablet,165,13,2,9,low,platform is good but i am losing interest,1
5427,Web Development,India,,16,21,7,20,,not enough support,1
5428,Data Science,USA,mobile,5,15,38,12,high,content is good but explanations are confusing,0
5429,,Canada,tablet,157,8,63,0,medium,i stopped understanding after few lessons,0
5430,,India,,52,23,30,10,,i stopped understanding after few lessons,0
5431,Web Development,Germany,tablet,151,22,110,17,,i was enjoying the course but now feeling lost,0
5432,Web Development,India,,6,28,71,8,high,i stopped understanding after few lessons,0
5433,Python,India,desktop,164,4,78,5,medium,too fast pace for beginners,0
5434,Cyber Security,Germany,mobile,161,12,21,22,low,,1
5435,AI,,tablet,49,14,95,12,low,,0
5436,,Canada,mobile,169,24,4,4,low,content is good but explanations are confusing,0
5437,,,desktop,80,3,107,24,medium,lectures are boring and repetitive,0
5438,Web Development,,,98,13,107,29,,too fast pace for beginners,1
5439,Cyber Security,,mobile,107,19,57,9,,not enough support,0
5440,,UK,,154,23,72,4,high,platform is good but i am losing interest,0
5441,AI,,desktop,37,19,116,21,,platform is good but i am losing interest,0
5442,Web Development,UK,tablet,116,6,104,9,,,1
5443,AI,Germany,desktop,17,3,78,24,low,need more examples and practice,1
5444,Cyber Security,Canada,mobile,32,26,110,4,low,need more examples and practice,0
5445,,,mobile,156,16,62,19,low,content is good but explanations are confusing,1
5446,Data Science,USA,mobile,25,25,60,27,,,0
5447,,Germany,,175,8,51,20,high,lectures are boring and repetitive,1
5448,Cyber Security,UK,tablet,22,3,107,10,,i stopped understanding after few lessons,0
5449,,Canada,mobile,61,2,100,28,high,not enough support,0
5450,,India,mobile,126,18,32,4,,content is good but explanations are confusing,0
5451,Python,Canada,mobile,44,8,21,4,medium,content is good but explanations are confusing,1
5452,,Canada,desktop,102,7,50,16,,not enough support,0
5453,,,mobile,20,25,10,20,medium,great start but later became difficult,1
5454,AI,,desktop,109,6,57,4,high,,0
5455,Data Science,UK,mobile,178,6,49,0,,i was enjoying the course but now feeling lost,0
5456,AI,UK,desktop,88,3,69,12,,need more examples and practice,0
5457,AI,,,175,18,16,3,high,initially motivated but now skipping videos,1
5458,Web Development,,,47,11,45,7,low,not enough support,0
5459,Python,USA,desktop,51,19,43,19,low,need more examples and practice,0
5460,AI,USA,tablet,39,5,56,22,medium,content is good but explanations are confusing,1
5461,Cyber Security,Germany,tablet,14,11,4,5,,i was enjoying the course but now feeling lost,0
5462,Cyber Security,,desktop,175,28,38,14,low,content is good but explanations are confusing,0
5463,,India,,21,29,57,14,high,lectures are boring and repetitive,0
5464,Web Development,USA,desktop,143,19,111,20,high,i stopped understanding after few lessons,1
5465,Python,UK,tablet,100,3,8,15,,need more examples and practice,1
5466,Python,Canada,desktop,97,1,92,8,medium,platform is good but i am losing interest,1
5467,,Germany,,1,14,22,28,high,platform is good but i am losing interest,1
5468,Cyber Security,USA,tablet,109,29,46,23,,initially motivated but now skipping videos,1
5469,Data Science,Canada,tablet,82,22,35,4,medium,lectures are boring and repetitive,0
5470,Web Development,Canada,mobile,138,5,30,29,low,,0
5471,,USA,mobile,151,17,83,25,,,1
5472,Web Development,India,tablet,18,20,22,22,medium,great start but later became difficult,1
5473,Cyber Security,India,tablet,58,21,55,15,high,i stopped understanding after few lessons,0
5474,Cyber Security,Germany,desktop,126,4,70,29,low,not enough support,0
5475,Data Science,India,,73,3,45,26,high,too fast pace for beginners,1
5476,Data Science,Germany,tablet,110,10,57,24,high,content is good but explanations are confusing,0
5477,Python,UK,,52,10,35,6,low,not enough support,1
5478,Web Development,USA,tablet,46,8,67,2,,i stopped understanding after few lessons,0
5479,Web Development,Canada,,107,2,87,9,,platform is good but i am losing interest,0
5480,Cyber Security,Germany,mobile,13,10,59,26,,initially motivated but now skipping videos,0
5481,Python,India,tablet,96,1,13,15,high,i was enjoying the course but now feeling lost,1
5482,,Germany,desktop,17,8,24,20,high,initially motivated but now skipping videos,0
5483,Web Development,,,67,23,70,11,,lectures are boring and repetitive,1
5484,Python,Germany,tablet,61,24,78,8,,not enough support,0
5485,Python,India,mobile,65,9,43,15,low,lectures are boring and repetitive,0
5486,Cyber Security,,mobile,133,10,45,8,high,initially motivated but now skipping videos,0
5487,Python,,mobile,160,2,12,23,medium,need more examples and practice,1
5488,Data Science,India,mobile,89,16,61,28,,initially motivated but now skipping videos,0
5489,Data Science,,tablet,173,10,18,21,,,0
5490,AI,USA,desktop,56,16,11,22,high,not enough support,0
5491,Cyber Security,Canada,,5,18,111,6,,too fast pace for beginners,1
5492,,USA,desktop,101,3,89,10,,too fast pace for beginners,1
5493,AI,USA,,87,1,47,16,high,i stopped understanding after few lessons,0
5494,Data Science,India,desktop,162,23,32,23,,not enough support,1
5495,AI,India,tablet,61,13,78,21,low,need more examples and practice,1
5496,Cyber Security,Canada,tablet,69,28,36,22,medium,platform is good but i am losing interest,1
5497,Cyber Security,Germany,,63,14,5,9,high,great start but later became difficult,0
5498,Python,USA,tablet,44,27,88,14,low,content is good but explanations are confusing,0
5499,Web Development,,,28,2,116,9,high,platform is good but i am losing interest,1
5500,Python,Canada,desktop,13,28,80,26,high,lectures are boring and repetitive,0
5501,Cyber Security,USA,tablet,171,29,42,1,high,lectures are boring and repetitive,0
5502,Data Science,Germany,tablet,30,19,99,15,medium,lectures are boring and repetitive,0
5503,,,,154,21,49,6,low,i was enjoying the course but now feeling lost,1
5504,Data Science,USA,,63,25,115,23,medium,platform is good but i am losing interest,1
5505,Python,UK,,73,12,45,27,high,lectures are boring and repetitive,0
5506,,Canada,,57,21,118,20,,great start but later became difficult,1
5507,Cyber Security,India,mobile,64,12,72,14,medium,i was enjoying the course but now feeling lost,0
5508,Data Science,USA,,177,17,27,16,,initially motivated but now skipping videos,1
5509,Cyber Security,,mobile,52,21,98,21,high,too fast pace for beginners,0
5510,,,desktop,63,19,66,12,,platform is good but i am losing interest,0
5511,,Canada,,141,20,10,18,medium,content is good but explanations are confusing,1
5512,Data Science,Canada,mobile,93,6,19,20,low,i stopped understanding after few lessons,0
5513,Cyber Security,,mobile,107,22,86,24,,too fast pace for beginners,0
5514,AI,,mobile,109,15,117,22,medium,platform is good but i am losing interest,0
5515,Cyber Security,,tablet,88,15,29,7,low,too fast pace for beginners,1
5516,,USA,mobile,45,21,100,21,high,i was enjoying the course but now feeling lost,0
5517,Cyber Security,,,108,25,35,8,low,need more examples and practice,1
5518,Python,India,,46,5,107,18,high,i was enjoying the course but now feeling lost,0
5519,AI,,,77,5,119,16,medium,,0
5520,Web Development,India,mobile,169,3,75,9,medium,i was enjoying the course but now feeling lost,1
5521,Python,USA,mobile,46,2,99,13,low,great start but later became difficult,1
5522,Web Development,Canada,tablet,129,0,98,29,medium,platform is good but i am losing interest,0
5523,Data Science,India,desktop,92,2,118,28,medium,i stopped understanding after few lessons,0
5524,Web Development,USA,tablet,12,18,97,27,high,not enough support,1
5525,Cyber Security,,,88,8,67,27,medium,i stopped understanding after few lessons,0
5526,Web Development,USA,,73,13,87,11,,initially motivated but now skipping videos,1
5527,,,,163,18,35,26,high,initially motivated but now skipping videos,0
5528,Python,USA,tablet,102,23,57,19,,content is good but explanations are confusing,0
5529,Python,Canada,,99,23,27,23,low,platform is good but i am losing interest,0
5530,Web Development,India,,161,18,38,21,,not enough support,0
5531,Python,Canada,,58,25,65,6,medium,platform is good but i am losing interest,0
5532,,UK,mobile,128,25,42,29,low,platform is good but i am losing interest,1
5533,Python,,desktop,117,27,4,28,medium,platform is good but i am losing interest,0
5534,Web Development,India,mobile,35,12,91,8,low,i was enjoying the course but now feeling lost,1
5535,AI,Canada,mobile,174,21,12,17,low,need more examples and practice,1
5536,AI,India,desktop,84,15,99,6,high,need more examples and practice,1
5537,Data Science,UK,desktop,66,27,8,27,,i stopped understanding after few lessons,0
5538,Python,Germany,tablet,172,7,102,3,medium,not enough support,0
5539,Web Development,,desktop,26,23,93,22,low,i was enjoying the course but now feeling lost,0
5540,Python,,tablet,42,25,56,7,high,i was enjoying the course but now feeling lost,1
5541,Cyber Security,USA,tablet,77,15,26,27,low,i was enjoying the course but now feeling lost,1
5542,,,mobile,30,25,60,17,,too fast pace for beginners,0
5543,Python,,,116,8,76,28,low,not enough support,1
5544,Python,Canada,mobile,160,8,105,14,,too fast pace for beginners,0
5545,AI,,mobile,36,23,102,6,low,i stopped understanding after few lessons,0
5546,,,desktop,19,22,49,7,,,0
5547,Web Development,UK,desktop,22,25,91,27,medium,content is good but explanations are confusing,0
5548,Python,UK,tablet,65,2,81,0,,,0
5549,AI,India,tablet,57,6,33,10,,,0
5550,Data Science,India,tablet,11,19,84,9,medium,platform is good but i am losing interest,1
5551,,,desktop,26,17,64,4,,not enough support,1
5552,AI,,tablet,176,29,44,29,low,platform is good but i am losing interest,0
5553,AI,USA,tablet,19,23,86,24,low,not enough support,0
5554,AI,India,desktop,83,1,33,1,low,great start but later became difficult,0
5555,Python,Canada,,140,0,99,21,medium,content is good but explanations are confusing,0
5556,Python,,mobile,67,11,72,1,,too fast pace for beginners,0
5557,Data Science,Canada,desktop,56,15,7,18,,need more examples and practice,0
5558,Cyber Security,,tablet,18,11,113,15,low,platform is good but i am losing interest,0
5559,Cyber Security,Canada,mobile,113,20,93,10,,i stopped understanding after few lessons,0
5560,Cyber Security,Germany,desktop,5,9,47,13,low,platform is good but i am losing interest,1
5561,,Canada,mobile,112,28,35,21,low,i stopped understanding after few lessons,0
5562,,India,mobile,152,8,99,4,low,content is good but explanations are confusing,0
5563,Data Science,,,115,20,81,3,medium,great start but later became difficult,1
5564,,India,tablet,166,26,65,22,high,platform is good but i am losing interest,1
5565,Cyber Security,Canada,desktop,67,17,116,29,high,content is good but explanations are confusing,1
5566,Cyber Security,UK,tablet,70,25,10,18,,need more examples and practice,0
5567,AI,UK,,52,3,51,28,low,lectures are boring and repetitive,1
5568,,UK,,127,7,119,9,high,platform is good but i am losing interest,1
5569,Python,,desktop,167,22,35,22,high,initially motivated but now skipping videos,1
5570,Python,USA,desktop,154,20,94,27,,i was enjoying the course but now feeling lost,0
5571,AI,Germany,,65,3,30,8,medium,initially motivated but now skipping videos,0
5572,AI,Canada,desktop,80,29,23,17,,not enough support,1
5573,AI,USA,mobile,176,15,109,4,,great start but later became difficult,1
5574,Python,UK,mobile,113,20,20,16,low,,0
5575,Cyber Security,Canada,,111,22,95,22,medium,great start but later became difficult,0
5576,AI,USA,tablet,53,20,112,17,,i stopped understanding after few lessons,0
5577,Data Science,India,desktop,137,7,29,26,high,not enough support,0
5578,AI,UK,desktop,133,6,71,20,high,lectures are boring and repetitive,0
5579,Web Development,USA,mobile,116,22,96,0,,lectures are boring and repetitive,1
5580,AI,,desktop,72,24,114,13,low,,0
5581,Python,India,tablet,21,23,63,26,low,not enough support,0
5582,,UK,desktop,103,12,114,13,,not enough support,1
5583,AI,Germany,desktop,107,27,116,13,medium,i was enjoying the course but now feeling lost,0
5584,,UK,mobile,63,7,38,0,low,initially motivated but now skipping videos,0
5585,Web Development,,desktop,148,21,0,3,high,great start but later became difficult,0
5586,Data Science,Germany,,173,6,96,22,medium,initially motivated but now skipping videos,1
5587,,Germany,,150,23,41,6,,need more examples and practice,1
5588,Cyber Security,Germany,tablet,77,28,76,23,medium,i was enjoying the course but now feeling lost,1
5589,AI,Canada,tablet,75,4,85,11,low,platform is good but i am losing interest,0
5590,Web Development,Canada,tablet,158,25,4,12,low,content is good but explanations are confusing,0
5591,Web Development,Germany,tablet,63,17,11,24,high,need more examples and practice,0
5592,,India,mobile,172,29,28,14,,initially motivated but now skipping videos,1
5593,Data Science,Germany,desktop,67,22,2,19,medium,not enough support,0
5594,Python,USA,mobile,36,25,60,1,medium,great start but later became difficult,1
5595,AI,Germany,tablet,134,18,50,25,medium,,0
5596,Web Development,Canada,desktop,37,9,35,27,medium,,0
5597,Data Science,Canada,,93,10,110,13,high,great start but later became difficult,0
5598,Cyber Security,USA,mobile,75,7,108,29,high,i was enjoying the course but now feeling lost,0
5599,Web Development,USA,desktop,166,5,74,11,high,need more examples and practice,1
5600,Data Science,UK,,115,10,89,12,low,too fast pace for beginners,0
5601,Python,India,,153,15,1,13,high,i stopped understanding after few lessons,1
5602,Python,India,tablet,77,29,28,28,high,too fast pace for beginners,0
5603,Web Development,India,,161,3,40,25,,,0
5604,Web Development,,,13,1,28,2,,content is good but explanations are confusing,0
5605,,Canada,tablet,38,12,107,24,,great start but later became difficult,1
5606,AI,India,desktop,148,6,99,26,,not enough support,0
5607,Data Science,UK,desktop,17,16,63,12,high,initially motivated but now skipping videos,1
5608,Web Development,UK,tablet,123,22,57,7,high,great start but later became difficult,0
5609,AI,India,mobile,114,12,82,15,low,i was enjoying the course but now feeling lost,1
5610,,USA,tablet,152,9,9,5,medium,not enough support,0
5611,AI,UK,desktop,26,12,10,10,medium,content is good but explanations are confusing,0
5612,Web Development,USA,mobile,168,9,6,28,,lectures are boring and repetitive,1
5613,Python,Canada,tablet,32,6,76,14,low,lectures are boring and repetitive,0
5614,Data Science,,desktop,165,9,104,18,high,too fast pace for beginners,0
5615,Data Science,UK,desktop,86,28,107,25,medium,not enough support,0
5616,Python,USA,desktop,98,15,60,23,,i was enjoying the course but now feeling lost,1
5617,Web Development,India,,91,2,65,28,,too fast pace for beginners,0
5618,Data Science,Canada,,121,3,93,1,medium,i stopped understanding after few lessons,0
5619,Web Development,Germany,mobile,57,27,85,10,medium,i was enjoying the course but now feeling lost,0
5620,,Germany,mobile,107,3,52,19,medium,great start but later became difficult,0
5621,Web Development,India,mobile,22,3,64,19,high,too fast pace for beginners,1
5622,AI,Canada,,112,15,26,8,medium,need more examples and practice,0
5623,Python,Canada,mobile,85,8,6,23,low,great start but later became difficult,0
5624,Web Development,Canada,desktop,80,5,64,22,low,lectures are boring and repetitive,0
5625,,Canada,desktop,73,9,57,3,medium,need more examples and practice,1
5626,Cyber Security,Germany,mobile,77,24,24,22,high,platform is good but i am losing interest,0
5627,Python,USA,mobile,74,27,47,16,,content is good but explanations are confusing,1
5628,Data Science,Canada,,127,3,3,26,medium,not enough support,1
5629,AI,USA,desktop,177,22,93,23,medium,platform is good but i am losing interest,0
5630,Data Science,Canada,tablet,121,28,7,7,medium,not enough support,0
5631,,UK,tablet,85,11,112,24,low,initially motivated but now skipping videos,0
5632,,,,177,9,84,24,low,i was enjoying the course but now feeling lost,1
5633,Data Science,UK,,170,11,114,15,,i was enjoying the course but now feeling lost,1
5634,Python,,,168,27,67,0,high,great start but later became difficult,1
5635,Data Science,UK,desktop,174,24,59,9,medium,lectures are boring and repetitive,0
5636,Web Development,Canada,mobile,150,25,3,6,medium,not enough support,1
5637,Data Science,USA,mobile,82,18,7,14,medium,platform is good but i am losing interest,0
5638,AI,,,21,28,105,0,,i was enjoying the course but now feeling lost,1
5639,AI,Germany,desktop,179,18,89,21,medium,not enough support,0
5640,Cyber Security,India,tablet,142,21,92,15,low,not enough support,0
5641,AI,,,74,23,15,20,high,not enough support,0
5642,Data Science,,desktop,9,0,18,26,low,not enough support,0
5643,AI,Germany,,146,3,0,1,medium,great start but later became difficult,0
5644,Python,Canada,desktop,13,12,100,28,,need more examples and practice,0
5645,AI,UK,desktop,17,7,33,2,low,not enough support,0
5646,Web Development,UK,,126,21,92,14,high,i stopped understanding after few lessons,0
5647,Python,USA,mobile,87,13,90,23,,i was enjoying the course but now feeling lost,0
5648,Cyber Security,Canada,,153,15,111,17,medium,,0
5649,Web Development,Germany,mobile,16,1,44,14,medium,,1
5650,Data Science,Canada,mobile,24,7,62,26,,too fast pace for beginners,0
5651,Data Science,Canada,tablet,75,12,93,3,low,content is good but explanations are confusing,0
5652,Data Science,UK,desktop,151,29,5,2,low,too fast pace for beginners,0
5653,Web Development,Germany,,169,0,35,27,,lectures are boring and repetitive,1
5654,Web Development,India,desktop,103,11,102,6,low,not enough support,0
5655,Web Development,,tablet,86,16,65,23,high,too fast pace for beginners,0
5656,Python,UK,mobile,161,6,118,19,,not enough support,1
5657,,Germany,,105,15,105,21,high,i stopped understanding after few lessons,0
5658,Python,USA,desktop,42,13,77,18,,i was enjoying the course but now feeling lost,0
5659,Data Science,,tablet,176,9,7,22,high,lectures are boring and repetitive,0
5660,,,mobile,18,2,66,7,medium,content is good but explanations are confusing,0
5661,AI,UK,mobile,78,27,98,6,medium,i stopped understanding after few lessons,0
5662,Data Science,USA,desktop,92,11,26,3,low,initially motivated but now skipping videos,0
5663,Cyber Security,UK,mobile,11,7,33,29,,initially motivated but now skipping videos,1
5664,Python,Canada,tablet,152,15,27,9,medium,i stopped understanding after few lessons,0
5665,Web Development,Germany,mobile,164,24,30,27,,too fast pace for beginners,0
5666,Python,USA,,126,23,16,24,,i stopped understanding after few lessons,0
5667,Web Development,,,97,0,82,9,high,too fast pace for beginners,0
5668,,UK,desktop,53,16,105,14,medium,too fast pace for beginners,0
5669,Cyber Security,,tablet,83,5,107,23,low,i stopped understanding after few lessons,1
5670,,USA,mobile,47,27,54,21,low,platform is good but i am losing interest,0
5671,Cyber Security,,mobile,52,0,74,17,low,platform is good but i am losing interest,0
5672,Python,UK,mobile,57,23,8,9,,need more examples and practice,1
5673,Web Development,UK,,75,14,93,22,low,i stopped understanding after few lessons,0
5674,,India,tablet,151,12,56,8,,content is good but explanations are confusing,1
5675,Cyber Security,,mobile,59,29,44,24,medium,platform is good but i am losing interest,0
5676,Data Science,India,desktop,69,5,5,24,,lectures are boring and repetitive,0
5677,Data Science,India,tablet,86,20,13,8,low,need more examples and practice,0
5678,,,tablet,170,12,30,21,medium,i stopped understanding after few lessons,0
5679,Web Development,USA,mobile,146,21,53,15,low,need more examples and practice,0
5680,,Canada,,71,3,10,16,,lectures are boring and repetitive,1
5681,Python,UK,tablet,33,0,68,15,,lectures are boring and repetitive,0
5682,Cyber Security,Germany,desktop,3,22,94,29,low,lectures are boring and repetitive,1
5683,Python,India,tablet,28,9,1,5,medium,platform is good but i am losing interest,0
5684,Data Science,USA,,1,24,102,4,,i was enjoying the course but now feeling lost,1
5685,Cyber Security,,desktop,126,3,16,6,high,i was enjoying the course but now feeling lost,0
5686,,USA,,113,12,101,12,high,initially motivated but now skipping videos,0
5687,Python,USA,mobile,47,3,109,7,high,i was enjoying the course but now feeling lost,0
5688,AI,,tablet,37,15,35,0,high,not enough support,1
5689,Web Development,Germany,desktop,86,8,2,29,low,platform is good but i am losing interest,0
5690,Web Development,,,48,3,62,9,,i stopped understanding after few lessons,0
5691,AI,Germany,mobile,108,25,42,19,medium,content is good but explanations are confusing,0
5692,Data Science,,desktop,19,19,92,19,high,too fast pace for beginners,0
5693,Cyber Security,India,tablet,142,7,32,28,low,platform is good but i am losing interest,0
5694,Web Development,Germany,tablet,83,26,77,0,medium,,0
5695,AI,India,,65,3,101,26,low,need more examples and practice,0
5696,,Germany,desktop,26,8,28,19,,too fast pace for beginners,1
5697,AI,Germany,mobile,138,10,22,22,high,need more examples and practice,0
5698,Data Science,,mobile,99,23,58,13,medium,i stopped understanding after few lessons,0
5699,Data Science,Germany,mobile,77,4,80,14,medium,lectures are boring and repetitive,1
5700,Python,India,,70,8,48,5,low,i stopped understanding after few lessons,0
5701,Web Development,,mobile,43,7,54,19,low,,0
5702,Python,UK,desktop,70,29,74,1,,initially motivated but now skipping videos,1
5703,AI,India,,59,25,27,27,medium,not enough support,0
5704,Cyber Security,UK,tablet,3,3,117,28,high,platform is good but i am losing interest,0
5705,Cyber Security,USA,,133,19,70,6,high,content is good but explanations are confusing,1
5706,Data Science,,,85,0,108,23,medium,platform is good but i am losing interest,1
5707,Cyber Security,USA,,95,19,103,24,medium,too fast pace for beginners,0
5708,Cyber Security,,desktop,78,27,71,24,,initially motivated but now skipping videos,1
5709,Cyber Security,,tablet,101,12,104,29,high,great start but later became difficult,0
5710,AI,India,tablet,83,23,92,19,high,content is good but explanations are confusing,0
5711,Cyber Security,UK,,165,27,24,18,low,i stopped understanding after few lessons,1
5712,,,,84,27,6,4,low,i was enjoying the course but now feeling lost,1
5713,Cyber Security,UK,,121,4,85,21,high,,0
5714,Cyber Security,,desktop,135,21,72,27,medium,too fast pace for beginners,0
5715,Python,UK,desktop,53,19,74,28,medium,lectures are boring and repetitive,1
5716,AI,USA,mobile,114,29,33,7,low,content is good but explanations are confusing,0
5717,Data Science,India,tablet,6,20,90,2,medium,need more examples and practice,0
5718,Python,,mobile,135,9,113,29,,great start but later became difficult,1
5719,Web Development,Canada,mobile,172,15,21,12,medium,too fast pace for beginners,0
5720,AI,UK,,18,7,66,5,medium,i was enjoying the course but now feeling lost,0
5721,,UK,desktop,54,11,49,20,medium,not enough support,0
5722,AI,Canada,mobile,127,24,47,28,low,i stopped understanding after few lessons,0
5723,Web Development,India,mobile,157,2,103,22,medium,i stopped understanding after few lessons,0
5724,Web Development,UK,mobile,25,25,118,13,high,,0
5725,Web Development,India,,63,3,71,24,low,initially motivated but now skipping videos,0
5726,Data Science,UK,,115,16,69,6,medium,too fast pace for beginners,1
5727,Cyber Security,Germany,desktop,141,26,56,10,medium,,1
5728,AI,UK,mobile,160,20,24,21,,content is good but explanations are confusing,1
5729,Cyber Security,Germany,mobile,155,19,65,8,medium,content is good but explanations are confusing,1
5730,Cyber Security,,desktop,51,21,15,9,low,need more examples and practice,0
5731,,India,desktop,162,21,57,19,medium,great start but later became difficult,1
5732,Web Development,UK,desktop,28,12,116,29,low,i was enjoying the course but now feeling lost,0
5733,Data Science,USA,tablet,73,25,40,16,high,platform is good but i am losing interest,0
5734,,USA,desktop,72,5,50,7,medium,too fast pace for beginners,1
5735,Python,Canada,,85,2,20,21,low,too fast pace for beginners,0
5736,Data Science,USA,tablet,110,13,78,5,high,i was enjoying the course but now feeling lost,0
5737,Cyber Security,Germany,desktop,30,6,55,29,low,,1
5738,Data Science,USA,,9,2,97,20,medium,i stopped understanding after few lessons,0
5739,Web Development,USA,desktop,141,5,46,25,low,not enough support,1
5740,Python,USA,desktop,82,28,117,10,medium,,1
5741,Web Development,UK,tablet,64,12,42,2,low,content is good but explanations are confusing,1
5742,Python,Canada,,38,13,83,5,high,too fast pace for beginners,0
5743,,India,mobile,119,14,107,16,medium,,0
5744,Cyber Security,Canada,desktop,22,25,30,6,high,i was enjoying the course but now feeling lost,1
5745,Python,Germany,tablet,159,15,14,5,medium,too fast pace for beginners,0
5746,Python,UK,,99,0,47,20,low,i stopped understanding after few lessons,0
5747,Python,,desktop,170,14,61,12,high,lectures are boring and repetitive,0
5748,Data Science,UK,mobile,106,29,91,13,medium,too fast pace for beginners,0
5749,,USA,,64,23,69,18,high,,0
5750,Data Science,USA,,9,6,2,7,,lectures are boring and repetitive,1
5751,Cyber Security,Germany,tablet,126,27,37,12,high,content is good but explanations are confusing,0
5752,Python,,desktop,95,8,86,19,medium,,0
5753,,UK,desktop,172,14,57,8,low,need more examples and practice,0
5754,,,,168,13,66,24,,initially motivated but now skipping videos,0
5755,AI,India,desktop,88,18,116,4,,i was enjoying the course but now feeling lost,0
5756,Cyber Security,Canada,,169,27,44,10,,lectures are boring and repetitive,0
5757,,UK,mobile,113,23,43,6,high,too fast pace for beginners,1
5758,Python,,tablet,72,17,7,5,medium,i stopped understanding after few lessons,1
5759,Python,India,desktop,50,8,65,11,high,not enough support,0
5760,,India,desktop,148,0,70,11,,need more examples and practice,1
5761,Data Science,Canada,tablet,81,11,60,5,,need more examples and practice,0
5762,Cyber Security,India,mobile,170,9,16,3,,,1
5763,Python,Germany,mobile,33,6,70,25,high,need more examples and practice,1
5764,,India,mobile,63,13,96,12,,initially motivated but now skipping videos,0
5765,Python,,mobile,105,25,35,11,low,i was enjoying the course but now feeling lost,0
5766,,Germany,mobile,99,29,110,14,medium,platform is good but i am losing interest,0
5767,Cyber Security,India,,6,0,67,7,,,0
5768,,USA,desktop,135,14,107,12,medium,platform is good but i am losing interest,0
5769,AI,India,desktop,9,21,79,10,high,need more examples and practice,0
5770,,Germany,desktop,101,0,20,10,,,0
5771,,India,,61,12,81,29,low,too fast pace for beginners,0
5772,Cyber Security,India,tablet,162,19,45,10,,lectures are boring and repetitive,1
5773,,India,mobile,163,22,45,25,low,great start but later became difficult,0
5774,Cyber Security,Germany,tablet,99,1,91,18,low,i stopped understanding after few lessons,0
5775,AI,India,mobile,148,2,106,20,medium,not enough support,0
5776,Cyber Security,Canada,mobile,58,3,15,16,medium,great start but later became difficult,0
5777,Python,,tablet,60,15,110,0,high,platform is good but i am losing interest,0
5778,Cyber Security,Canada,desktop,35,21,21,12,low,lectures are boring and repetitive,1
5779,AI,Germany,,47,28,5,24,low,content is good but explanations are confusing,0
5780,Web Development,USA,tablet,46,11,93,19,medium,lectures are boring and repetitive,0
5781,,Canada,desktop,87,24,55,8,high,too fast pace for beginners,0
5782,Cyber Security,,mobile,4,3,44,22,medium,great start but later became difficult,1
5783,,UK,desktop,10,21,57,25,medium,too fast pace for beginners,0
5784,Data Science,,mobile,107,11,27,23,high,need more examples and practice,1
5785,Python,Canada,mobile,75,6,16,10,low,,1
5786,Python,UK,desktop,40,19,35,8,low,,1
5787,Data Science,Germany,mobile,127,21,11,16,high,initially motivated but now skipping videos,0
5788,Data Science,,,119,2,49,6,low,too fast pace for beginners,0
5789,Cyber Security,USA,desktop,73,4,58,7,high,i was enjoying the course but now feeling lost,1
5790,Data Science,UK,tablet,40,11,103,29,high,initially motivated but now skipping videos,0
5791,Web Development,UK,mobile,96,11,11,1,medium,not enough support,1
5792,,,mobile,23,26,99,13,low,not enough support,0
5793,,Canada,,143,25,61,9,low,,0
5794,AI,UK,,115,19,39,8,high,too fast pace for beginners,1
5795,Data Science,Germany,tablet,116,22,92,27,medium,i stopped understanding after few lessons,1
5796,Data Science,,mobile,133,21,1,0,medium,not enough support,0
5797,Web Development,Germany,tablet,168,6,92,11,low,i stopped understanding after few lessons,0
5798,Python,,tablet,146,21,93,13,,too fast pace for beginners,0
5799,Python,Germany,mobile,21,11,99,18,high,lectures are boring and repetitive,0
5800,,Canada,tablet,3,1,107,28,low,lectures are boring and repetitive,0
5801,,,tablet,46,13,24,10,low,i was enjoying the course but now feeling lost,0
5802,Cyber Security,USA,,90,22,84,8,,i stopped understanding after few lessons,1
5803,Web Development,Canada,,79,15,85,16,,i was enjoying the course but now feeling lost,0
5804,AI,Germany,tablet,127,23,73,19,medium,great start but later became difficult,1
5805,AI,,mobile,53,6,30,25,medium,great start but later became difficult,0
5806,Web Development,Canada,,148,3,46,5,medium,lectures are boring and repetitive,0
5807,AI,Germany,tablet,21,19,59,5,medium,,0
5808,Python,India,desktop,90,27,72,29,high,content is good but explanations are confusing,0
5809,AI,India,desktop,113,4,104,19,,i stopped understanding after few lessons,1
5810,AI,UK,tablet,51,13,102,9,low,too fast pace for beginners,1
5811,Web Development,USA,desktop,153,8,97,9,medium,,0
5812,Web Development,India,,68,4,102,25,low,need more examples and practice,0
5813,AI,Germany,mobile,116,1,40,25,high,content is good but explanations are confusing,0
5814,Data Science,Canada,tablet,138,4,49,16,medium,not enough support,0
5815,Web Development,,,83,28,22,20,high,content is good but explanations are confusing,0
5816,Cyber Security,Canada,mobile,95,2,11,13,medium,i was enjoying the course but now feeling lost,1
5817,Cyber Security,UK,desktop,137,9,70,4,low,platform is good but i am losing interest,0
5818,Python,Canada,desktop,29,7,95,2,high,too fast pace for beginners,0
5819,AI,India,desktop,165,25,82,10,medium,need more examples and practice,1
5820,Data Science,Canada,desktop,110,9,21,18,low,great start but later became difficult,0
5821,Python,India,,71,28,55,19,low,i was enjoying the course but now feeling lost,0
5822,AI,India,,38,1,15,18,low,,1
5823,Web Development,USA,mobile,127,13,57,13,medium,lectures are boring and repetitive,0
5824,Cyber Security,UK,tablet,72,26,71,14,low,need more examples and practice,0
5825,,Germany,mobile,59,3,93,2,low,lectures are boring and repetitive,0
5826,Data Science,India,tablet,28,20,50,2,medium,platform is good but i am losing interest,1
5827,,,desktop,156,11,5,22,high,not enough support,0
5828,Cyber Security,UK,desktop,46,19,1,8,low,too fast pace for beginners,0
5829,,Germany,desktop,71,28,61,10,medium,lectures are boring and repetitive,0
5830,Web Development,,desktop,38,13,97,14,high,not enough support,0
5831,AI,Canada,,117,15,92,28,low,i stopped understanding after few lessons,1
5832,Web Development,UK,mobile,108,4,103,16,medium,not enough support,0
5833,,,tablet,146,25,41,23,,too fast pace for beginners,0
5834,Web Development,UK,tablet,95,15,116,25,medium,need more examples and practice,0
5835,Cyber Security,UK,,63,26,116,11,low,great start but later became difficult,1
5836,Data Science,Canada,desktop,103,28,42,16,high,great start but later became difficult,0
5837,Web Development,Canada,mobile,5,3,51,8,high,initially motivated but now skipping videos,0
5838,Cyber Security,UK,desktop,172,28,57,12,high,i was enjoying the course but now feeling lost,1
5839,Data Science,,,157,2,19,7,low,lectures are boring and repetitive,1
5840,AI,USA,tablet,107,0,55,21,low,lectures are boring and repetitive,1
5841,,India,,142,29,66,5,high,too fast pace for beginners,0
5842,AI,Canada,tablet,58,3,58,26,high,initially motivated but now skipping videos,0
5843,Python,USA,mobile,172,8,47,25,high,platform is good but i am losing interest,0
5844,Cyber Security,Canada,tablet,146,0,34,22,high,great start but later became difficult,0
5845,Data Science,UK,mobile,7,15,7,23,medium,need more examples and practice,0
5846,Web Development,USA,desktop,87,22,114,28,low,platform is good but i am losing interest,0
5847,AI,,desktop,97,2,75,6,,lectures are boring and repetitive,0
5848,Data Science,,,45,23,113,28,high,initially motivated but now skipping videos,1
5849,Cyber Security,Germany,mobile,16,5,108,0,medium,not enough support,1
5850,Python,India,desktop,64,12,106,9,,initially motivated but now skipping videos,0
5851,AI,India,mobile,37,16,31,14,,initially motivated but now skipping videos,0
5852,,Canada,desktop,153,14,92,28,high,i stopped understanding after few lessons,0
5853,Data Science,India,desktop,9,25,44,13,high,content is good but explanations are confusing,0
5854,,Germany,tablet,156,20,84,3,medium,great start but later became difficult,1
5855,Data Science,,,137,29,66,3,high,great start but later became difficult,1
5856,Data Science,USA,tablet,140,11,101,28,,need more examples and practice,1
5857,Cyber Security,USA,mobile,146,28,26,8,high,need more examples and practice,1
5858,Cyber Security,,desktop,90,7,118,14,medium,,0
5859,Cyber Security,UK,,74,26,2,11,medium,need more examples and practice,1
5860,Web Development,,desktop,125,15,56,8,medium,platform is good but i am losing interest,1
5861,Data Science,USA,desktop,51,2,64,2,medium,lectures are boring and repetitive,0
5862,AI,Canada,tablet,32,27,109,26,medium,i stopped understanding after few lessons,1
5863,,Germany,mobile,88,27,118,14,high,content is good but explanations are confusing,1
5864,Cyber Security,,,176,3,19,24,low,initially motivated but now skipping videos,1
5865,Cyber Security,UK,,136,6,70,20,medium,lectures are boring and repetitive,0
5866,,Canada,,158,14,40,10,low,great start but later became difficult,0
5867,,,mobile,26,10,0,5,high,lectures are boring and repetitive,1
5868,Data Science,Canada,,152,15,73,14,medium,i stopped understanding after few lessons,0
5869,Cyber Security,,mobile,155,21,108,6,low,i stopped understanding after few lessons,1
5870,,Canada,,167,13,75,18,low,great start but later became difficult,1
5871,Web Development,India,desktop,66,22,3,13,,i was enjoying the course but now feeling lost,1
5872,Web Development,Canada,mobile,179,12,70,3,low,too fast pace for beginners,0
5873,Cyber Security,India,tablet,73,8,9,20,,not enough support,0
5874,,USA,,50,24,85,0,,content is good but explanations are confusing,1
5875,Data Science,India,tablet,45,17,88,23,low,content is good but explanations are confusing,0
5876,Data Science,Canada,mobile,87,2,28,26,,great start but later became difficult,1
5877,Data Science,Germany,desktop,33,19,102,22,low,initially motivated but now skipping videos,1
5878,Python,Germany,tablet,19,21,14,12,,too fast pace for beginners,0
5879,Cyber Security,USA,tablet,141,4,18,10,medium,platform is good but i am losing interest,0
5880,Data Science,Canada,desktop,113,21,102,27,medium,platform is good but i am losing interest,1
5881,Web Development,India,desktop,22,26,57,28,medium,too fast pace for beginners,0
5882,,Germany,mobile,148,23,109,17,low,content is good but explanations are confusing,0
5883,AI,,,97,1,52,22,low,too fast pace for beginners,1
5884,AI,UK,tablet,5,21,45,27,high,platform is good but i am losing interest,0
5885,Data Science,Canada,tablet,126,24,17,8,low,need more examples and practice,1
5886,AI,,mobile,78,20,105,20,high,too fast pace for beginners,0
5887,AI,,,160,16,2,29,high,i stopped understanding after few lessons,0
5888,Python,Canada,mobile,30,15,69,10,medium,initially motivated but now skipping videos,0
5889,Web Development,UK,tablet,91,28,21,5,low,i stopped understanding after few lessons,0
5890,Web Development,Germany,tablet,154,23,54,15,low,,1
5891,Python,UK,desktop,82,19,117,4,high,content is good but explanations are confusing,0
5892,Python,USA,desktop,88,23,63,0,high,,0
5893,AI,India,,132,12,40,21,low,platform is good but i am losing interest,1
5894,Cyber Security,India,tablet,105,19,109,13,high,content is good but explanations are confusing,1
5895,,,tablet,67,10,116,29,low,initially motivated but now skipping videos,1
5896,,Germany,desktop,118,7,94,22,low,,0
5897,AI,UK,mobile,171,24,84,20,,platform is good but i am losing interest,0
5898,,,mobile,30,20,119,18,high,need more examples and practice,0
5899,Python,Canada,tablet,111,4,7,5,medium,i was enjoying the course but now feeling lost,0
5900,Web Development,,tablet,144,1,64,27,low,too fast pace for beginners,0
5901,,Canada,,39,24,2,11,high,not enough support,0
5902,AI,Canada,,86,26,28,26,high,platform is good but i am losing interest,1
5903,Cyber Security,USA,desktop,41,3,117,6,high,too fast pace for beginners,1
5904,AI,USA,tablet,31,2,69,9,low,,0
5905,Data Science,Canada,mobile,177,1,96,9,low,i stopped understanding after few lessons,1
5906,AI,Germany,,141,2,17,27,low,too fast pace for beginners,0
5907,Python,USA,desktop,169,15,105,29,high,great start but later became difficult,1
5908,Web Development,USA,desktop,156,19,118,24,medium,platform is good but i am losing interest,1
5909,Web Development,India,mobile,127,8,112,12,,i stopped understanding after few lessons,0
5910,,,,64,5,57,6,medium,platform is good but i am losing interest,0
5911,Python,India,mobile,117,25,116,18,low,content is good but explanations are confusing,0
5912,Data Science,Germany,desktop,19,14,0,0,low,content is good but explanations are confusing,1
5913,Python,USA,tablet,111,4,21,14,low,platform is good but i am losing interest,0
5914,AI,USA,mobile,114,28,94,13,medium,great start but later became difficult,0
5915,Python,UK,desktop,25,8,22,12,medium,initially motivated but now skipping videos,0
5916,Python,Germany,tablet,166,23,7,6,low,initially motivated but now skipping videos,0
5917,Data Science,,tablet,121,5,28,11,,platform is good but i am losing interest,1
5918,AI,,,99,2,43,7,,,1
5919,Cyber Security,,,90,22,114,14,high,i stopped understanding after few lessons,0
5920,Cyber Security,Germany,desktop,3,12,109,26,medium,,0
5921,Web Development,UK,mobile,130,25,61,16,,i was enjoying the course but now feeling lost,0
5922,,UK,tablet,5,21,18,20,low,lectures are boring and repetitive,1
5923,Python,India,,20,27,58,11,medium,too fast pace for beginners,0
5924,Web Development,Germany,,38,14,112,27,high,content is good but explanations are confusing,1
5925,Data Science,Germany,mobile,101,10,79,12,high,i stopped understanding after few lessons,0
5926,Cyber Security,UK,,128,29,18,7,medium,platform is good but i am losing interest,0
5927,Python,Canada,desktop,102,15,100,9,low,need more examples and practice,1
5928,Data Science,Canada,mobile,36,14,21,6,,great start but later became difficult,0
5929,,India,tablet,174,23,82,1,medium,content is good but explanations are confusing,1
5930,Data Science,Canada,desktop,99,27,67,28,low,i was enjoying the course but now feeling lost,0
5931,Python,Canada,tablet,113,5,4,28,medium,great start but later became difficult,1
5932,,Canada,tablet,37,13,4,15,high,not enough support,1
5933,Data Science,USA,,54,10,24,28,medium,initially motivated but now skipping videos,1
5934,,India,desktop,149,25,23,3,low,,0
5935,Python,UK,desktop,149,19,0,5,low,need more examples and practice,0
5936,Python,Canada,mobile,92,9,113,6,high,initially motivated but now skipping videos,0
5937,,,desktop,70,15,27,29,low,not enough support,1
5938,AI,USA,mobile,84,11,46,22,low,initially motivated but now skipping videos,0
5939,Web Development,Canada,desktop,164,6,84,18,high,need more examples and practice,0
5940,Data Science,USA,tablet,11,6,59,27,low,platform is good but i am losing interest,1
5941,Data Science,India,mobile,88,26,18,23,low,content is good but explanations are confusing,0
5942,AI,,desktop,87,23,86,22,medium,need more examples and practice,0
5943,AI,,mobile,31,17,13,3,medium,great start but later became difficult,0
5944,AI,,,101,14,69,9,medium,need more examples and practice,1
5945,Cyber Security,Canada,,165,26,95,28,medium,too fast pace for beginners,0
5946,Cyber Security,USA,mobile,60,5,113,3,,i stopped understanding after few lessons,1
5947,,,mobile,61,29,95,19,medium,great start but later became difficult,0
5948,Cyber Security,Germany,tablet,67,18,7,4,medium,initially motivated but now skipping videos,1
5949,Python,Germany,desktop,157,7,36,13,medium,great start but later became difficult,0
5950,,USA,,79,19,85,10,high,lectures are boring and repetitive,0
5951,Data Science,Canada,,71,14,71,1,medium,i stopped understanding after few lessons,1
5952,Web Development,Canada,desktop,67,29,101,8,,content is good but explanations are confusing,0
5953,Python,India,,128,3,9,21,,lectures are boring and repetitive,0
5954,Data Science,India,,111,17,66,11,,lectures are boring and repetitive,0
5955,Data Science,,mobile,16,12,12,23,low,lectures are boring and repetitive,0
5956,,UK,,45,21,38,26,high,i was enjoying the course but now feeling lost,0
5957,AI,India,,34,21,63,0,medium,lectures are boring and repetitive,0
5958,AI,Canada,,44,0,29,21,medium,content is good but explanations are confusing,0
5959,Python,UK,desktop,117,27,3,14,low,not enough support,0
5960,AI,India,tablet,125,7,44,5,high,initially motivated but now skipping videos,0
5961,Data Science,USA,mobile,103,18,5,23,low,great start but later became difficult,1
5962,AI,Germany,tablet,120,16,15,28,,not enough support,1
5963,Cyber Security,India,,170,9,21,16,low,i was enjoying the course but now feeling lost,0
5964,AI,India,,35,0,90,20,high,initially motivated but now skipping videos,0
5965,Data Science,USA,,126,0,20,14,low,platform is good but i am losing interest,0
5966,,Canada,tablet,75,20,92,29,high,too fast pace for beginners,1
5967,Python,,desktop,84,4,64,13,low,content is good but explanations are confusing,0
5968,Web Development,USA,desktop,158,0,29,29,high,not enough support,0
5969,AI,,mobile,53,20,23,18,medium,content is good but explanations are confusing,0
5970,Data Science,India,tablet,58,22,63,21,,too fast pace for beginners,1
5971,Web Development,Canada,desktop,156,20,12,8,high,i was enjoying the course but now feeling lost,0
5972,Web Development,UK,mobile,143,24,93,25,low,content is good but explanations are confusing,0
5973,Cyber Security,India,,166,19,25,2,low,lectures are boring and repetitive,0
5974,Web Development,USA,,50,12,97,24,,need more examples and practice,1
5975,,UK,mobile,141,8,19,27,medium,i stopped understanding after few lessons,0
5976,Data Science,Germany,desktop,111,15,60,24,medium,content is good but explanations are confusing,0
5977,Data Science,UK,tablet,163,27,114,14,medium,initially motivated but now skipping videos,0
5978,AI,USA,mobile,111,7,5,16,high,too fast pace for beginners,0
5979,AI,UK,desktop,152,13,42,1,,initially motivated but now skipping videos,0
5980,AI,USA,mobile,120,28,48,26,high,too fast pace for beginners,1
5981,,India,desktop,65,16,8,3,high,,0
5982,Web Development,Canada,,106,28,100,13,high,i stopped understanding after few lessons,1
5983,Web Development,Germany,mobile,91,3,36,10,high,initially motivated but now skipping videos,1
5984,Cyber Security,Canada,tablet,146,6,15,26,low,great start but later became difficult,0
5985,,Canada,mobile,26,16,3,11,low,content is good but explanations are confusing,1
5986,AI,Canada,,157,27,31,22,low,lectures are boring and repetitive,1
5987,Python,USA,,72,23,83,15,high,lectures are boring and repetitive,0
5988,Cyber Security,USA,desktop,44,15,92,11,medium,lectures are boring and repetitive,0
5989,Python,Germany,,90,13,94,1,low,great start but later became difficult,0
5990,Web Development,USA,desktop,133,15,108,6,,,1
5991,Cyber Security,,,161,26,16,20,low,too fast pace for beginners,1
5992,Cyber Security,USA,desktop,124,1,40,25,high,initially motivated but now skipping videos,1
5993,Data Science,USA,tablet,5,23,88,22,high,platform is good but i am losing interest,0
5994,Web Development,USA,desktop,127,14,44,29,high,platform is good but i am losing interest,1
5995,Web Development,India,desktop,113,10,15,27,low,great start but later became difficult,0
5996,,Germany,tablet,111,12,19,24,medium,platform is good but i am losing interest,0
5997,Cyber Security,,desktop,164,3,41,24,high,too fast pace for beginners,1
5998,Web Development,USA,desktop,77,23,9,2,,great start but later became difficult,1
5999,Cyber Security,Germany,tablet,13,0,51,2,high,i was enjoying the course but now feeling lost,0
6000,,UK,,153,14,59,12,medium,great start but later became difficult,0
6001,,India,mobile,58,11,47,6,medium,too fast pace for beginners,0
6002,Data Science,USA,desktop,130,20,22,4,medium,too fast pace for beginners,1
6003,Cyber Security,,,88,8,115,20,high,great start but later became difficult,1
6004,Web Development,India,mobile,36,6,32,4,,need more examples and practice,1
6005,Web Development,,tablet,25,2,106,24,,i stopped understanding after few lessons,0
6006,Cyber Security,India,desktop,34,15,76,19,high,i was enjoying the course but now feeling lost,0
6007,Cyber Security,UK,desktop,140,3,24,21,low,initially motivated but now skipping videos,0
6008,Cyber Security,Germany,tablet,19,25,49,5,low,not enough support,0
6009,AI,India,desktop,114,22,100,12,,i stopped understanding after few lessons,1
6010,Web Development,Canada,mobile,106,13,99,6,low,platform is good but i am losing interest,0
6011,,UK,mobile,37,21,87,1,low,too fast pace for beginners,0
6012,Web Development,Canada,tablet,107,12,69,21,,i stopped understanding after few lessons,0
6013,AI,UK,desktop,129,28,78,28,low,not enough support,0
6014,Cyber Security,Canada,,60,19,54,8,low,too fast pace for beginners,0
6015,Data Science,Canada,desktop,67,18,97,18,high,too fast pace for beginners,0
6016,Cyber Security,,tablet,177,26,67,1,low,great start but later became difficult,1
6017,Cyber Security,India,,79,1,77,12,,initially motivated but now skipping videos,0
6018,AI,India,mobile,174,9,3,7,high,initially motivated but now skipping videos,0
6019,Web Development,UK,mobile,111,27,27,15,,i stopped understanding after few lessons,1
6020,Cyber Security,Germany,,48,24,28,0,high,not enough support,1
6021,Web Development,,,147,18,81,10,,need more examples and practice,0
6022,Python,India,tablet,88,14,83,7,medium,i was enjoying the course but now feeling lost,0
6023,,India,desktop,40,6,47,20,high,,1
6024,Web Development,,mobile,134,14,104,24,high,platform is good but i am losing interest,0
6025,Data Science,USA,desktop,96,16,95,24,high,,1
6026,,,mobile,163,23,71,19,,platform is good but i am losing interest,1
6027,Data Science,India,desktop,61,15,106,0,medium,,0
6028,Cyber Security,Germany,mobile,5,16,109,20,high,initially motivated but now skipping videos,0
6029,,USA,desktop,37,27,112,6,medium,i was enjoying the course but now feeling lost,0
6030,Web Development,Canada,tablet,139,15,12,24,low,content is good but explanations are confusing,0
6031,,,mobile,106,17,103,25,high,content is good but explanations are confusing,0
6032,Cyber Security,Canada,tablet,99,16,109,24,low,lectures are boring and repetitive,0
6033,AI,USA,mobile,168,3,42,8,high,not enough support,1
6034,Data Science,USA,mobile,8,1,8,21,medium,platform is good but i am losing interest,1
6035,Cyber Security,USA,mobile,87,16,39,1,low,too fast pace for beginners,0
6036,AI,UK,desktop,84,16,45,20,,need more examples and practice,1
6037,,,mobile,11,1,110,18,high,content is good but explanations are confusing,0
6038,,Germany,tablet,71,21,57,27,high,initially motivated but now skipping videos,0
6039,Cyber Security,Germany,desktop,94,1,96,5,medium,i stopped understanding after few lessons,0
6040,Web Development,Canada,desktop,123,28,55,26,,initially motivated but now skipping videos,1
6041,,Canada,mobile,176,14,11,4,high,i stopped understanding after few lessons,1
6042,Web Development,Canada,,141,28,100,12,low,i was enjoying the course but now feeling lost,1
6043,Web Development,,desktop,106,27,24,29,,i was enjoying the course but now feeling lost,0
6044,Web Development,India,mobile,49,27,109,9,,lectures are boring and repetitive,0
6045,Python,Canada,tablet,7,15,88,26,medium,need more examples and practice,0
6046,AI,USA,,101,10,117,0,low,great start but later became difficult,0
6047,AI,Canada,desktop,153,28,15,25,low,i stopped understanding after few lessons,0
6048,,USA,,151,1,50,25,high,initially motivated but now skipping videos,0
6049,,UK,desktop,51,7,79,27,high,need more examples and practice,0
6050,Web Development,India,,175,20,102,17,,lectures are boring and repetitive,0
6051,Python,India,,5,29,98,26,,need more examples and practice,0
6052,Web Development,,tablet,13,23,86,20,medium,lectures are boring and repetitive,1
6053,Python,,,42,11,71,13,,need more examples and practice,0
6054,Web Development,Germany,tablet,125,13,116,11,medium,i stopped understanding after few lessons,1
6055,Data Science,UK,mobile,133,27,52,5,medium,not enough support,0
6056,Data Science,,desktop,151,13,109,13,low,content is good but explanations are confusing,0
6057,Cyber Security,USA,tablet,62,23,51,16,low,too fast pace for beginners,0
6058,Web Development,UK,desktop,129,11,66,6,,initially motivated but now skipping videos,0
6059,,India,tablet,74,1,23,2,,i stopped understanding after few lessons,1
6060,AI,USA,desktop,114,13,106,16,low,initially motivated but now skipping videos,0
6061,Cyber Security,UK,tablet,54,22,85,22,,i was enjoying the course but now feeling lost,1
6062,,India,desktop,116,24,13,22,low,i was enjoying the course but now feeling lost,1
6063,Data Science,,mobile,131,11,21,9,high,content is good but explanations are confusing,1
6064,Web Development,USA,desktop,83,23,97,2,,,1
6065,Cyber Security,USA,mobile,179,28,99,15,medium,content is good but explanations are confusing,1
6066,Web Development,India,mobile,130,8,30,5,high,need more examples and practice,0
6067,Data Science,USA,mobile,49,28,84,3,high,not enough support,1
6068,Cyber Security,,,31,7,57,29,,i stopped understanding after few lessons,0
6069,Data Science,,desktop,74,19,68,19,low,lectures are boring and repetitive,0
6070,Python,,,117,15,18,8,medium,content is good but explanations are confusing,0
6071,Data Science,India,,3,9,105,28,low,i was enjoying the course but now feeling lost,0
6072,Web Development,Canada,desktop,124,6,52,6,,great start but later became difficult,0
6073,AI,Canada,mobile,163,14,84,15,low,i stopped understanding after few lessons,1
6074,Data Science,USA,,85,24,1,5,,i stopped understanding after few lessons,0
6075,,,,164,8,52,11,,content is good but explanations are confusing,0
6076,AI,USA,tablet,64,3,66,24,medium,platform is good but i am losing interest,0
6077,Python,India,desktop,160,22,46,28,,content is good but explanations are confusing,1
6078,Cyber Security,USA,,18,5,114,2,medium,initially motivated but now skipping videos,0
6079,Cyber Security,Germany,desktop,34,27,52,11,high,lectures are boring and repetitive,0
6080,AI,Canada,desktop,56,11,56,19,low,too fast pace for beginners,0
6081,Cyber Security,USA,,67,14,93,13,,,0
6082,Data Science,USA,desktop,91,18,97,13,low,too fast pace for beginners,1
6083,AI,UK,mobile,67,25,24,8,low,lectures are boring and repetitive,1
6084,Web Development,USA,,110,21,34,3,medium,initially motivated but now skipping videos,1
6085,Data Science,Germany,,167,23,28,22,low,initially motivated but now skipping videos,0
6086,Data Science,Canada,,166,1,75,24,low,initially motivated but now skipping videos,0
6087,Data Science,UK,tablet,40,27,86,19,low,platform is good but i am losing interest,1
6088,Web Development,India,tablet,147,18,91,24,,need more examples and practice,0
6089,Python,India,tablet,133,23,109,14,low,i stopped understanding after few lessons,0
6090,,Canada,tablet,142,19,16,6,high,lectures are boring and repetitive,1
6091,Cyber Security,India,,91,19,79,19,medium,initially motivated but now skipping videos,0
6092,AI,Germany,mobile,49,1,48,18,high,,0
6093,Python,USA,desktop,64,14,55,5,medium,lectures are boring and repetitive,0
6094,AI,Canada,desktop,112,26,72,18,low,,0
6095,Cyber Security,UK,,100,25,2,6,medium,need more examples and practice,1
6096,Web Development,USA,mobile,104,11,21,0,,lectures are boring and repetitive,0
6097,Data Science,India,desktop,163,28,94,6,,lectures are boring and repetitive,0
6098,Data Science,India,mobile,5,0,13,2,high,content is good but explanations are confusing,1
6099,Web Development,UK,,119,22,2,24,,great start but later became difficult,1
6100,Python,Germany,tablet,88,13,37,5,low,too fast pace for beginners,1
6101,Python,UK,mobile,167,3,86,22,high,great start but later became difficult,1
6102,AI,Canada,desktop,127,21,20,24,high,initially motivated but now skipping videos,0
6103,Web Development,UK,desktop,24,23,50,5,high,i stopped understanding after few lessons,1
6104,Python,India,desktop,168,10,23,25,,not enough support,1
6105,Web Development,Germany,tablet,107,6,95,10,medium,i was enjoying the course but now feeling lost,1
6106,Cyber Security,Germany,mobile,50,12,44,1,,need more examples and practice,0
6107,Data Science,,mobile,58,13,68,5,high,content is good but explanations are confusing,0
6108,Data Science,UK,desktop,1,6,96,21,medium,not enough support,0
6109,Data Science,Canada,mobile,171,21,43,17,high,need more examples and practice,1
6110,Web Development,India,desktop,167,10,46,22,high,great start but later became difficult,0
6111,Web Development,USA,mobile,138,19,56,13,medium,too fast pace for beginners,1
6112,AI,Germany,tablet,2,19,18,11,medium,,0
6113,Data Science,UK,tablet,63,24,33,8,high,great start but later became difficult,0
6114,AI,,,16,10,2,12,high,i was enjoying the course but now feeling lost,1
6115,Data Science,Canada,,37,20,38,25,,initially motivated but now skipping videos,0
6116,AI,Canada,,16,8,91,19,,content is good but explanations are confusing,0
6117,AI,India,mobile,87,26,74,26,,content is good but explanations are confusing,1
6118,Cyber Security,Germany,tablet,90,27,59,20,low,too fast pace for beginners,1
6119,AI,India,tablet,80,24,9,21,high,great start but later became difficult,0
6120,Web Development,,tablet,27,3,39,0,,content is good but explanations are confusing,1
6121,AI,USA,desktop,111,1,1,7,high,i stopped understanding after few lessons,0
6122,Data Science,USA,mobile,64,1,109,27,low,i stopped understanding after few lessons,0
6123,AI,USA,mobile,97,24,44,28,,i was enjoying the course but now feeling lost,0
6124,Python,Canada,,160,8,102,8,,great start but later became difficult,0
6125,,Germany,desktop,137,18,26,16,high,i stopped understanding after few lessons,0
6126,Data Science,India,desktop,11,14,52,12,high,i was enjoying the course but now feeling lost,0
6127,Python,India,tablet,70,20,8,3,medium,too fast pace for beginners,0
6128,Data Science,,,158,20,102,5,medium,need more examples and practice,0
6129,Web Development,USA,mobile,143,17,0,12,,i stopped understanding after few lessons,0
6130,,Germany,desktop,48,15,32,25,medium,i was enjoying the course but now feeling lost,0
6131,,Germany,tablet,94,1,37,16,,great start but later became difficult,0
6132,Web Development,,mobile,76,25,56,18,high,need more examples and practice,0
6133,,UK,tablet,60,11,32,29,medium,initially motivated but now skipping videos,0
6134,Web Development,Germany,mobile,68,28,47,22,,platform is good but i am losing interest,0
6135,Python,Germany,tablet,57,0,2,23,high,great start but later became difficult,0
6136,Cyber Security,India,mobile,64,1,31,28,,i stopped understanding after few lessons,1
6137,Data Science,,,80,13,76,7,low,platform is good but i am losing interest,0
6138,Web Development,Germany,mobile,87,26,20,20,medium,lectures are boring and repetitive,0
6139,Data Science,Germany,mobile,167,6,67,16,low,,0
6140,Python,India,mobile,120,16,16,16,high,need more examples and practice,0
6141,Cyber Security,Germany,tablet,143,14,41,23,,content is good but explanations are confusing,0
6142,Python,India,desktop,79,16,67,20,,initially motivated but now skipping videos,1
6143,,UK,mobile,156,8,83,14,high,too fast pace for beginners,0
6144,Data Science,Canada,mobile,36,12,11,26,low,initially motivated but now skipping videos,0
6145,Cyber Security,India,,54,1,89,24,,need more examples and practice,0
6146,,India,mobile,145,26,44,0,low,lectures are boring and repetitive,0
6147,Cyber Security,Germany,,100,14,35,1,low,i was enjoying the course but now feeling lost,0
6148,,India,mobile,86,19,79,19,low,great start but later became difficult,0
6149,Python,,tablet,22,10,50,9,medium,not enough support,1
6150,Web Development,USA,desktop,75,18,6,26,low,i was enjoying the course but now feeling lost,1
6151,Data Science,USA,desktop,36,13,32,15,medium,i was enjoying the course but now feeling lost,1
6152,AI,UK,desktop,29,26,47,22,low,i stopped understanding after few lessons,0
6153,AI,India,tablet,170,3,65,3,low,platform is good but i am losing interest,0
6154,Python,,,160,26,32,7,medium,need more examples and practice,0
6155,Data Science,Germany,desktop,142,29,77,15,,not enough support,1
6156,Data Science,Germany,tablet,18,10,83,6,,too fast pace for beginners,0
6157,Python,Canada,tablet,38,15,100,4,high,lectures are boring and repetitive,0
6158,Data Science,UK,mobile,101,22,26,22,high,i was enjoying the course but now feeling lost,0
6159,Web Development,,,34,25,46,7,,not enough support,0
6160,Python,,tablet,121,29,105,2,high,i was enjoying the course but now feeling lost,1
6161,Web Development,Germany,,173,1,84,2,,lectures are boring and repetitive,0
6162,Data Science,Canada,desktop,87,1,65,17,high,initially motivated but now skipping videos,0
6163,Python,Germany,desktop,160,8,42,3,,lectures are boring and repetitive,1
6164,Data Science,Canada,desktop,110,21,79,26,medium,platform is good but i am losing interest,1
6165,Python,USA,mobile,67,26,18,3,high,initially motivated but now skipping videos,1
6166,Data Science,,mobile,43,22,67,14,medium,content is good but explanations are confusing,0
6167,Web Development,USA,,123,20,9,29,medium,i was enjoying the course but now feeling lost,0
6168,Web Development,Germany,,22,28,117,14,medium,,0
6169,Data Science,UK,mobile,87,20,21,28,medium,content is good but explanations are confusing,0
6170,Python,India,tablet,77,3,75,3,medium,need more examples and practice,1
6171,AI,UK,,125,7,65,1,low,i was enjoying the course but now feeling lost,1
6172,Web Development,UK,,96,22,1,22,medium,lectures are boring and repetitive,0
6173,Web Development,India,desktop,122,25,104,25,high,initially motivated but now skipping videos,0
6174,,,,157,17,107,2,medium,not enough support,1
6175,AI,USA,,40,14,97,27,high,,0
6176,Data Science,USA,tablet,104,1,17,9,medium,platform is good but i am losing interest,0
6177,Python,,,173,21,79,0,high,i stopped understanding after few lessons,1
6178,,India,tablet,119,27,18,17,medium,initially motivated but now skipping videos,0
6179,Data Science,Canada,desktop,138,10,110,4,,initially motivated but now skipping videos,1
6180,Cyber Security,UK,mobile,173,16,88,8,low,,1
6181,Web Development,Germany,desktop,120,6,29,19,high,content is good but explanations are confusing,1
6182,Cyber Security,USA,tablet,17,7,111,5,high,,0
6183,Web Development,,tablet,102,29,5,18,medium,content is good but explanations are confusing,1
6184,Web Development,Germany,,130,9,26,8,high,platform is good but i am losing interest,0
6185,Cyber Security,India,,145,23,14,17,medium,too fast pace for beginners,0
6186,Cyber Security,Germany,mobile,108,2,30,23,low,lectures are boring and repetitive,0
6187,Data Science,Germany,tablet,90,12,43,14,,i stopped understanding after few lessons,0
6188,,UK,tablet,119,22,85,14,,i stopped understanding after few lessons,1
6189,,India,desktop,166,16,75,26,low,initially motivated but now skipping videos,1
6190,Cyber Security,Germany,mobile,165,12,9,13,medium,initially motivated but now skipping videos,0
6191,Data Science,USA,desktop,63,26,20,29,medium,great start but later became difficult,0
6192,,India,,5,18,46,2,low,great start but later became difficult,0
6193,Data Science,USA,,25,28,54,7,high,i was enjoying the course but now feeling lost,0
6194,Data Science,,desktop,73,21,94,18,high,lectures are boring and repetitive,0
6195,Web Development,,,124,8,35,10,high,i stopped understanding after few lessons,0
6196,,Canada,desktop,22,20,73,27,low,content is good but explanations are confusing,1
6197,,,tablet,93,28,57,27,,lectures are boring and repetitive,0
6198,Web Development,Germany,tablet,35,15,18,3,,great start but later became difficult,0
6199,Cyber Security,India,,55,29,86,14,,content is good but explanations are confusing,1
6200,Web Development,,mobile,128,4,63,23,medium,content is good but explanations are confusing,0
6201,,USA,tablet,20,8,109,9,low,not enough support,1
6202,,Germany,,5,27,9,19,high,,1
6203,Cyber Security,,mobile,167,8,48,10,,great start but later became difficult,0
6204,Web Development,UK,,63,5,53,24,,platform is good but i am losing interest,0
6205,Python,USA,desktop,32,20,60,8,,too fast pace for beginners,0
6206,Python,USA,,74,9,58,21,medium,too fast pace for beginners,0
6207,Cyber Security,Canada,desktop,168,17,90,16,medium,need more examples and practice,1
6208,Web Development,UK,tablet,145,10,106,8,high,content is good but explanations are confusing,0
6209,Web Development,Canada,tablet,101,23,113,24,,platform is good but i am losing interest,0
6210,Data Science,,,79,27,1,29,,great start but later became difficult,1
6211,,UK,mobile,160,23,74,28,,need more examples and practice,0
6212,AI,USA,,23,14,7,22,medium,platform is good but i am losing interest,1
6213,Cyber Security,Canada,,56,6,18,8,high,too fast pace for beginners,0
6214,AI,Germany,tablet,137,13,79,23,low,lectures are boring and repetitive,0
6215,AI,UK,tablet,106,7,67,24,medium,need more examples and practice,0
6216,Cyber Security,USA,,69,18,13,8,,i was enjoying the course but now feeling lost,1
6217,Web Development,India,tablet,22,14,21,22,high,lectures are boring and repetitive,1
6218,Cyber Security,UK,desktop,32,18,16,21,high,too fast pace for beginners,0
6219,AI,UK,,175,17,106,1,low,need more examples and practice,0
6220,,,tablet,2,16,62,12,,platform is good but i am losing interest,1
6221,,Germany,,123,2,25,22,medium,initially motivated but now skipping videos,1
6222,,,tablet,85,2,98,0,medium,content is good but explanations are confusing,1
6223,Web Development,UK,desktop,14,6,35,5,medium,great start but later became difficult,1
6224,Python,UK,desktop,37,27,116,5,,lectures are boring and repetitive,1
6225,Cyber Security,Germany,,27,9,44,15,,lectures are boring and repetitive,0
6226,,Germany,desktop,152,24,112,11,,i was enjoying the course but now feeling lost,0
6227,Cyber Security,Canada,desktop,64,27,29,14,medium,i was enjoying the course but now feeling lost,0
6228,,USA,tablet,70,16,115,6,,lectures are boring and repetitive,1
6229,Web Development,USA,,154,14,20,1,,lectures are boring and repetitive,1
6230,Python,Canada,tablet,15,7,19,29,,i stopped understanding after few lessons,0
6231,Python,USA,tablet,29,16,41,29,low,need more examples and practice,0
6232,,UK,mobile,74,2,89,28,low,platform is good but i am losing interest,0
6233,Web Development,Canada,desktop,28,3,118,11,,lectures are boring and repetitive,1
6234,Data Science,Canada,tablet,59,26,55,19,,not enough support,0
6235,Cyber Security,USA,tablet,73,7,11,1,medium,need more examples and practice,1
6236,Cyber Security,India,tablet,149,12,7,29,high,need more examples and practice,0
6237,AI,USA,desktop,10,0,98,3,,content is good but explanations are confusing,1
6238,Web Development,,desktop,132,27,92,2,medium,i stopped understanding after few lessons,0
6239,AI,India,desktop,62,17,116,1,medium,i was enjoying the course but now feeling lost,0
6240,,Canada,,132,10,105,17,high,i was enjoying the course but now feeling lost,0
6241,AI,India,tablet,127,20,62,2,medium,lectures are boring and repetitive,0
6242,Python,UK,desktop,6,5,55,9,high,great start but later became difficult,0
6243,Cyber Security,Germany,tablet,80,15,6,11,,initially motivated but now skipping videos,0
6244,AI,India,,72,20,61,3,low,need more examples and practice,1
6245,Python,,mobile,16,28,60,22,high,platform is good but i am losing interest,0
6246,Web Development,Germany,,38,18,9,19,,i stopped understanding after few lessons,0
6247,AI,UK,desktop,177,25,102,26,,i was enjoying the course but now feeling lost,1
6248,,,desktop,65,22,49,6,low,lectures are boring and repetitive,0
6249,,Germany,,126,27,19,19,medium,i was enjoying the course but now feeling lost,1
6250,,UK,tablet,83,16,27,18,high,content is good but explanations are confusing,1
6251,Cyber Security,Germany,desktop,178,17,13,7,high,,1
6252,AI,Germany,desktop,17,10,75,2,medium,i stopped understanding after few lessons,0
6253,Web Development,USA,,113,13,7,26,low,i stopped understanding after few lessons,1
6254,AI,,tablet,156,11,6,14,high,lectures are boring and repetitive,1
6255,Cyber Security,,,172,24,4,7,high,need more examples and practice,0
6256,Python,India,,140,29,0,17,medium,too fast pace for beginners,0
6257,Cyber Security,,tablet,70,19,110,28,,lectures are boring and repetitive,0
6258,,,tablet,71,23,72,13,low,too fast pace for beginners,0
6259,Python,Germany,mobile,131,24,107,18,,content is good but explanations are confusing,0
6260,,Canada,,49,6,117,3,,i stopped understanding after few lessons,0
6261,Data Science,USA,tablet,21,16,81,2,medium,i stopped understanding after few lessons,0
6262,Cyber Security,India,desktop,136,4,106,21,high,content is good but explanations are confusing,0
6263,Cyber Security,USA,mobile,64,21,105,8,medium,,0
6264,Web Development,India,,158,13,9,9,,too fast pace for beginners,0
6265,AI,UK,tablet,32,26,113,7,medium,platform is good but i am losing interest,1
6266,Python,Germany,mobile,20,23,57,19,low,not enough support,0
6267,Python,,mobile,16,25,64,1,,platform is good but i am losing interest,1
6268,Web Development,,desktop,153,12,59,25,,not enough support,0
6269,Web Development,Canada,mobile,60,23,19,0,low,great start but later became difficult,0
6270,AI,USA,,173,28,57,26,medium,content is good but explanations are confusing,1
6271,,USA,tablet,137,11,42,3,medium,initially motivated but now skipping videos,0
6272,AI,USA,mobile,179,13,28,15,medium,need more examples and practice,0
6273,Cyber Security,,mobile,103,24,1,4,high,i was enjoying the course but now feeling lost,0
6274,,USA,,61,8,25,17,,i was enjoying the course but now feeling lost,0
6275,Data Science,Germany,desktop,168,3,74,13,low,,1
6276,AI,India,desktop,104,21,88,12,,,0
6277,Web Development,,tablet,61,18,97,15,high,lectures are boring and repetitive,1
6278,,Germany,,76,0,58,28,,great start but later became difficult,0
6279,AI,UK,desktop,15,28,104,14,low,great start but later became difficult,0
6280,Python,Germany,tablet,132,12,0,18,low,too fast pace for beginners,1
6281,Data Science,Germany,tablet,151,5,118,28,,not enough support,0
6282,Cyber Security,UK,desktop,155,0,30,3,high,i stopped understanding after few lessons,0
6283,Python,Germany,,103,24,37,18,,platform is good but i am losing interest,0
6284,Python,India,mobile,165,26,21,23,high,,0
6285,Data Science,,desktop,171,21,65,29,medium,not enough support,1
6286,Cyber Security,Canada,mobile,165,16,46,12,low,i stopped understanding after few lessons,0
6287,Web Development,UK,mobile,157,26,0,10,,initially motivated but now skipping videos,0
6288,,,,157,28,119,27,low,lectures are boring and repetitive,1
6289,Cyber Security,USA,,177,2,87,17,low,great start but later became difficult,0
6290,AI,India,tablet,75,16,49,24,,initially motivated but now skipping videos,1
6291,Python,Canada,,179,1,35,10,medium,great start but later became difficult,0
6292,AI,India,tablet,178,21,44,21,low,content is good but explanations are confusing,1
6293,Web Development,India,desktop,28,6,35,0,low,great start but later became difficult,0
6294,AI,USA,mobile,74,0,110,14,high,initially motivated but now skipping videos,1
6295,Cyber Security,Canada,,133,25,33,23,high,not enough support,0
6296,AI,India,desktop,125,20,8,9,medium,initially motivated but now skipping videos,0
6297,Web Development,USA,tablet,56,21,75,21,,,0
6298,Web Development,UK,,64,14,109,3,low,lectures are boring and repetitive,0
6299,Web Development,USA,mobile,127,3,83,5,medium,platform is good but i am losing interest,0
6300,Cyber Security,Germany,desktop,121,5,3,1,,i stopped understanding after few lessons,0
6301,Web Development,,,89,20,78,16,high,initially motivated but now skipping videos,1
6302,Python,USA,,17,12,62,11,low,initially motivated but now skipping videos,0
6303,Web Development,USA,desktop,97,28,3,21,low,too fast pace for beginners,1
6304,AI,USA,tablet,55,26,4,23,,too fast pace for beginners,0
6305,,India,tablet,137,22,9,28,medium,i was enjoying the course but now feeling lost,0
6306,AI,Canada,,110,12,107,4,low,i stopped understanding after few lessons,0
6307,,USA,tablet,16,19,43,23,low,platform is good but i am losing interest,0
6308,AI,USA,tablet,144,0,39,18,high,content is good but explanations are confusing,0
6309,Cyber Security,Germany,desktop,13,1,35,28,medium,not enough support,1
6310,AI,Germany,tablet,78,5,34,5,high,i stopped understanding after few lessons,1
6311,Cyber Security,UK,tablet,85,29,58,16,,platform is good but i am losing interest,0
6312,Cyber Security,UK,desktop,73,28,64,28,,platform is good but i am losing interest,0
6313,Web Development,Germany,,119,25,81,18,medium,need more examples and practice,0
6314,Python,Canada,,169,28,115,19,high,content is good but explanations are confusing,0
6315,,UK,desktop,68,10,30,20,,,0
6316,Web Development,,mobile,74,17,45,2,medium,too fast pace for beginners,1
6317,Web Development,,desktop,99,12,48,7,,lectures are boring and repetitive,1
6318,Cyber Security,Canada,mobile,117,20,5,4,low,content is good but explanations are confusing,1
6319,Cyber Security,Germany,tablet,137,11,69,22,low,too fast pace for beginners,0
6320,,UK,,179,19,105,4,medium,i was enjoying the course but now feeling lost,0
6321,AI,USA,mobile,176,6,18,29,,i stopped understanding after few lessons,0
6322,AI,Germany,mobile,177,19,95,23,medium,,0
6323,Web Development,UK,tablet,146,6,41,16,medium,lectures are boring and repetitive,1
6324,Data Science,Canada,,138,26,29,18,medium,i was enjoying the course but now feeling lost,1
6325,Data Science,,tablet,115,23,25,18,low,i was enjoying the course but now feeling lost,0
6326,AI,Canada,,54,6,2,25,medium,need more examples and practice,0
6327,Data Science,UK,,79,1,32,9,low,great start but later became difficult,0
6328,AI,Canada,tablet,15,10,49,2,low,great start but later became difficult,1
6329,Cyber Security,UK,mobile,139,0,30,21,,great start but later became difficult,0
6330,Web Development,UK,desktop,168,20,110,24,medium,initially motivated but now skipping videos,0
6331,Python,Canada,,118,28,83,12,,i stopped understanding after few lessons,0
6332,Web Development,India,,112,12,67,15,low,great start but later became difficult,1
6333,AI,USA,desktop,106,11,95,11,medium,,1
6334,AI,Germany,desktop,105,12,81,21,low,too fast pace for beginners,0
6335,Web Development,,tablet,47,6,9,20,medium,platform is good but i am losing interest,0
6336,,USA,,118,11,21,27,medium,content is good but explanations are confusing,0
6337,AI,Germany,tablet,126,16,62,16,high,i was enjoying the course but now feeling lost,0
6338,Data Science,Germany,desktop,148,26,53,1,,need more examples and practice,0
6339,Data Science,,tablet,98,7,50,15,high,lectures are boring and repetitive,1
6340,AI,USA,,150,2,80,10,medium,i stopped understanding after few lessons,0
6341,AI,,mobile,48,6,105,0,high,not enough support,0
6342,,UK,mobile,82,18,3,11,low,platform is good but i am losing interest,0
6343,Data Science,,,16,19,36,5,medium,initially motivated but now skipping videos,0
6344,AI,Canada,tablet,133,7,70,18,medium,,0
6345,AI,India,desktop,74,13,114,27,medium,i was enjoying the course but now feeling lost,0
6346,,India,desktop,21,13,62,28,high,i was enjoying the course but now feeling lost,0
6347,,India,mobile,61,1,50,4,,great start but later became difficult,0
6348,Web Development,USA,tablet,24,5,7,21,,i was enjoying the course but now feeling lost,1
6349,,USA,desktop,23,15,0,20,,lectures are boring and repetitive,1
6350,Python,UK,desktop,87,25,119,2,high,great start but later became difficult,0
6351,Data Science,India,,139,8,7,17,low,,0
6352,Web Development,UK,tablet,175,25,82,17,high,not enough support,0
6353,Python,India,tablet,2,24,80,11,,initially motivated but now skipping videos,0
6354,AI,USA,desktop,53,20,104,17,high,too fast pace for beginners,0
6355,AI,Canada,tablet,139,14,115,9,low,too fast pace for beginners,0
6356,Web Development,Canada,tablet,15,18,54,3,medium,content is good but explanations are confusing,0
6357,,Canada,tablet,140,14,111,19,medium,,1
6358,AI,,,122,21,8,27,,i was enjoying the course but now feeling lost,0
6359,Cyber Security,Canada,desktop,123,11,50,18,,,1
6360,Web Development,Germany,mobile,164,8,15,23,low,need more examples and practice,0
6361,Python,India,tablet,92,15,52,3,high,platform is good but i am losing interest,1
6362,Web Development,Canada,desktop,23,5,58,23,low,content is good but explanations are confusing,0
6363,Data Science,Germany,mobile,155,19,44,10,low,i stopped understanding after few lessons,0
6364,,Germany,,88,27,114,2,medium,too fast pace for beginners,1
6365,,Germany,desktop,142,26,36,26,high,i stopped understanding after few lessons,0
6366,Web Development,UK,,99,14,90,14,medium,i stopped understanding after few lessons,0
6367,AI,UK,desktop,27,12,65,15,medium,need more examples and practice,0
6368,AI,Germany,,21,20,63,11,low,,0
6369,Cyber Security,,desktop,49,22,35,17,medium,too fast pace for beginners,1
6370,Cyber Security,Canada,,44,9,75,29,,too fast pace for beginners,0
6371,,India,mobile,44,13,49,23,,lectures are boring and repetitive,1
6372,Cyber Security,,desktop,128,28,98,5,medium,,0
6373,Python,USA,mobile,170,2,94,14,medium,too fast pace for beginners,0
6374,Cyber Security,UK,tablet,23,29,52,1,high,initially motivated but now skipping videos,0
6375,Python,Canada,mobile,129,11,56,22,,i stopped understanding after few lessons,0
6376,Cyber Security,Canada,desktop,125,24,18,11,high,,0
6377,,USA,mobile,36,0,25,9,medium,i stopped understanding after few lessons,1
6378,,USA,desktop,55,23,117,22,,content is good but explanations are confusing,0
6379,Python,Canada,,110,20,99,3,low,platform is good but i am losing interest,1
6380,Web Development,USA,tablet,16,15,67,7,low,initially motivated but now skipping videos,1
6381,,Canada,mobile,89,9,111,14,medium,initially motivated but now skipping videos,0
6382,Web Development,,tablet,18,8,42,18,high,great start but later became difficult,1
6383,AI,USA,mobile,38,17,94,15,low,too fast pace for beginners,1
6384,Python,,desktop,20,0,57,12,low,lectures are boring and repetitive,0
6385,,,mobile,19,9,76,24,,i was enjoying the course but now feeling lost,0
6386,Data Science,USA,tablet,13,6,116,14,high,initially motivated but now skipping videos,0
6387,AI,Canada,mobile,17,9,106,13,high,initially motivated but now skipping videos,1
6388,Web Development,Germany,tablet,30,11,102,14,low,platform is good but i am losing interest,0
6389,,Canada,tablet,43,10,58,11,medium,initially motivated but now skipping videos,0
6390,Python,India,desktop,48,8,45,10,low,need more examples and practice,0
6391,Cyber Security,USA,,43,29,67,20,high,too fast pace for beginners,0
6392,Data Science,UK,,93,4,39,2,,,0
6393,Web Development,USA,mobile,114,26,107,24,high,lectures are boring and repetitive,0
6394,AI,India,tablet,66,3,12,13,,content is good but explanations are confusing,0
6395,Python,,desktop,119,19,104,1,,platform is good but i am losing interest,0
6396,Data Science,UK,,53,27,8,17,,lectures are boring and repetitive,0
6397,Python,UK,desktop,72,12,65,2,high,initially motivated but now skipping videos,0
6398,,Canada,desktop,78,7,98,8,high,platform is good but i am losing interest,1
6399,Cyber Security,Germany,tablet,162,15,52,10,medium,i was enjoying the course but now feeling lost,0
6400,AI,Canada,mobile,74,0,75,25,low,too fast pace for beginners,0
6401,Python,UK,tablet,72,16,80,2,high,content is good but explanations are confusing,0
6402,Web Development,UK,,13,14,3,4,,platform is good but i am losing interest,1
6403,,Germany,,59,23,13,8,high,,0
6404,,USA,desktop,32,14,84,9,high,lectures are boring and repetitive,0
6405,AI,Germany,tablet,83,17,104,5,low,,1
6406,,,tablet,120,25,7,5,high,lectures are boring and repetitive,0
6407,Web Development,Canada,desktop,54,5,96,10,,initially motivated but now skipping videos,0
6408,Python,USA,mobile,2,1,61,16,low,i stopped understanding after few lessons,0
6409,AI,Canada,desktop,118,4,44,26,medium,i stopped understanding after few lessons,0
6410,,Germany,desktop,37,18,91,1,,content is good but explanations are confusing,0
6411,,USA,,97,6,66,8,,great start but later became difficult,0
6412,Web Development,Germany,tablet,103,8,61,23,high,lectures are boring and repetitive,1
6413,Cyber Security,,,114,1,77,17,medium,too fast pace for beginners,0
6414,Cyber Security,India,desktop,161,6,82,4,low,great start but later became difficult,0
6415,,UK,tablet,1,28,69,20,medium,platform is good but i am losing interest,0
6416,Python,USA,desktop,128,28,35,5,high,not enough support,0
6417,AI,UK,desktop,103,23,83,3,medium,i was enjoying the course but now feeling lost,0
6418,,India,mobile,156,13,0,8,,,1
6419,Data Science,USA,,145,25,59,4,,not enough support,1
6420,AI,UK,,57,23,73,3,medium,need more examples and practice,0
6421,Cyber Security,UK,desktop,70,22,12,29,medium,content is good but explanations are confusing,0
6422,,USA,mobile,44,29,11,8,,i was enjoying the course but now feeling lost,0
6423,Web Development,UK,desktop,175,14,74,17,medium,platform is good but i am losing interest,1
6424,Data Science,UK,desktop,141,11,99,26,,content is good but explanations are confusing,1
6425,,USA,desktop,76,19,16,10,medium,great start but later became difficult,1
6426,Python,UK,mobile,158,3,46,15,low,great start but later became difficult,0
6427,Data Science,UK,tablet,85,25,52,1,low,i was enjoying the course but now feeling lost,1
6428,,Canada,mobile,66,12,92,28,high,not enough support,0
6429,Python,,desktop,53,28,66,15,,i was enjoying the course but now feeling lost,0
6430,Data Science,Canada,tablet,18,8,92,18,low,great start but later became difficult,0
6431,Python,India,desktop,28,11,9,9,,lectures are boring and repetitive,1
6432,Python,Canada,mobile,132,9,116,3,low,i stopped understanding after few lessons,1
6433,Data Science,Canada,mobile,42,8,45,11,high,too fast pace for beginners,1
6434,Data Science,India,tablet,126,20,82,25,,initially motivated but now skipping videos,1
6435,Python,UK,mobile,117,22,116,8,low,initially motivated but now skipping videos,0
6436,Cyber Security,UK,desktop,134,6,3,12,,,1
6437,Data Science,Canada,tablet,102,24,56,4,high,too fast pace for beginners,0
6438,,India,,137,11,109,1,high,lectures are boring and repetitive,0
6439,AI,UK,desktop,148,15,37,2,low,too fast pace for beginners,0
6440,Web Development,Germany,,38,14,11,7,medium,i stopped understanding after few lessons,1
6441,Python,USA,tablet,50,6,30,5,high,too fast pace for beginners,1
6442,Python,USA,tablet,60,7,1,28,medium,lectures are boring and repetitive,0
6443,Web Development,,desktop,141,6,112,4,high,platform is good but i am losing interest,0
6444,Cyber Security,USA,mobile,119,10,0,3,low,too fast pace for beginners,0
6445,Web Development,Canada,desktop,99,3,80,19,medium,i was enjoying the course but now feeling lost,0
6446,Data Science,USA,mobile,94,27,24,15,,great start but later became difficult,0
6447,Web Development,USA,mobile,170,17,4,7,high,initially motivated but now skipping videos,0
6448,Python,Germany,desktop,68,18,47,11,low,i stopped understanding after few lessons,0
6449,Web Development,UK,tablet,153,6,13,21,,too fast pace for beginners,0
6450,AI,Germany,desktop,159,29,51,4,medium,great start but later became difficult,0
6451,,Canada,,140,26,73,4,low,content is good but explanations are confusing,0
6452,Data Science,USA,tablet,64,26,20,21,,,0
6453,Web Development,UK,mobile,79,12,24,12,low,i stopped understanding after few lessons,1
6454,Python,,tablet,53,8,98,10,medium,content is good but explanations are confusing,0
6455,,,desktop,26,28,66,10,,not enough support,1
6456,Data Science,USA,tablet,138,29,81,18,high,need more examples and practice,0
6457,Python,USA,mobile,140,26,119,6,high,too fast pace for beginners,0
6458,Cyber Security,,mobile,150,17,118,16,low,initially motivated but now skipping videos,1
6459,AI,,tablet,21,29,49,4,high,,0
6460,Cyber Security,Canada,,163,6,99,5,medium,i stopped understanding after few lessons,0
6461,AI,USA,mobile,71,19,102,28,medium,initially motivated but now skipping videos,1
6462,Web Development,,,82,15,32,29,,i stopped understanding after few lessons,0
6463,Data Science,India,mobile,155,22,111,17,,need more examples and practice,0
6464,Web Development,,tablet,60,27,16,17,,lectures are boring and repetitive,0
6465,AI,UK,mobile,99,4,103,8,low,i was enjoying the course but now feeling lost,0
6466,AI,UK,,47,6,69,17,low,initially motivated but now skipping videos,0
6467,AI,India,,143,5,33,18,medium,i was enjoying the course but now feeling lost,0
6468,,Canada,tablet,24,28,25,16,medium,too fast pace for beginners,0
6469,Python,USA,,10,1,41,8,low,,1
6470,Data Science,USA,,120,27,30,0,,lectures are boring and repetitive,1
6471,Web Development,,tablet,152,6,112,19,low,platform is good but i am losing interest,0
6472,Web Development,UK,mobile,88,20,50,22,,too fast pace for beginners,0
6473,Cyber Security,Canada,tablet,104,8,91,17,medium,i stopped understanding after few lessons,1
6474,AI,Canada,mobile,124,12,35,23,,not enough support,0
6475,AI,Canada,mobile,34,28,12,12,low,i was enjoying the course but now feeling lost,0
6476,AI,,mobile,41,26,84,7,high,not enough support,0
6477,Web Development,USA,desktop,168,16,89,27,medium,content is good but explanations are confusing,1
6478,Cyber Security,Canada,mobile,11,16,114,13,medium,great start but later became difficult,0
6479,Python,,tablet,1,14,94,2,low,need more examples and practice,1
6480,,,tablet,158,17,79,3,low,i was enjoying the course but now feeling lost,1
6481,Data Science,India,tablet,171,23,94,10,medium,platform is good but i am losing interest,0
6482,Python,Germany,desktop,82,14,12,6,low,lectures are boring and repetitive,1
6483,Web Development,Canada,,26,10,93,20,,i was enjoying the course but now feeling lost,0
6484,,Germany,desktop,53,24,31,4,,i stopped understanding after few lessons,0
6485,,USA,tablet,125,26,4,1,,i stopped understanding after few lessons,0
6486,,,tablet,175,26,11,5,high,great start but later became difficult,1
6487,AI,Canada,,9,11,102,19,low,i was enjoying the course but now feeling lost,1
6488,Data Science,UK,desktop,9,22,58,4,,not enough support,0
6489,Web Development,USA,tablet,129,16,40,14,medium,platform is good but i am losing interest,0
6490,Web Development,India,mobile,172,11,36,10,,i was enjoying the course but now feeling lost,0
6491,,India,mobile,59,6,67,4,,not enough support,0
6492,Web Development,Germany,tablet,106,28,105,17,low,too fast pace for beginners,1
6493,Data Science,,mobile,179,23,47,7,medium,i was enjoying the course but now feeling lost,1
6494,Data Science,Germany,,125,6,42,10,high,i was enjoying the course but now feeling lost,1
6495,Cyber Security,UK,tablet,16,28,92,16,medium,i stopped understanding after few lessons,1
6496,Cyber Security,UK,desktop,38,27,40,13,,content is good but explanations are confusing,0
6497,Python,India,tablet,139,20,55,1,high,platform is good but i am losing interest,0
6498,Data Science,Canada,,153,27,68,6,high,i was enjoying the course but now feeling lost,0
6499,Data Science,India,desktop,59,22,10,22,high,too fast pace for beginners,0
6500,Data Science,India,,29,9,93,17,high,content is good but explanations are confusing,1
6501,Cyber Security,UK,mobile,168,15,8,0,high,i was enjoying the course but now feeling lost,0
6502,,Germany,mobile,8,10,112,29,low,,1
6503,,UK,mobile,98,15,27,14,,platform is good but i am losing interest,1
6504,Web Development,,,134,1,21,28,high,initially motivated but now skipping videos,1
6505,,UK,,173,24,74,25,,,0
6506,AI,UK,tablet,109,1,84,0,low,lectures are boring and repetitive,0
6507,Cyber Security,India,desktop,108,17,5,29,low,need more examples and practice,0
6508,Data Science,Canada,desktop,149,4,25,16,low,great start but later became difficult,1
6509,,India,,57,13,15,21,medium,great start but later became difficult,1
6510,Cyber Security,USA,,76,7,114,25,medium,platform is good but i am losing interest,0
6511,,UK,mobile,113,5,13,27,high,too fast pace for beginners,0
6512,Python,UK,,6,27,34,6,low,not enough support,1
6513,Data Science,USA,mobile,124,8,41,15,medium,need more examples and practice,0
6514,Python,UK,,134,5,52,1,low,lectures are boring and repetitive,1
6515,Data Science,UK,desktop,53,20,118,14,medium,need more examples and practice,0
6516,Cyber Security,,tablet,132,16,99,21,low,i stopped understanding after few lessons,1
6517,Web Development,UK,,9,7,21,19,medium,i was enjoying the course but now feeling lost,0
6518,,USA,mobile,69,2,52,28,,,0
6519,,India,tablet,74,11,65,24,high,too fast pace for beginners,0
6520,AI,UK,mobile,111,12,12,10,high,not enough support,1
6521,Python,Canada,mobile,87,17,10,23,,too fast pace for beginners,0
6522,,USA,tablet,4,22,11,23,high,i was enjoying the course but now feeling lost,1
6523,Cyber Security,Germany,tablet,37,10,96,1,low,initially motivated but now skipping videos,0
6524,Web Development,,tablet,71,1,85,10,high,lectures are boring and repetitive,1
6525,Cyber Security,USA,,6,13,52,20,high,platform is good but i am losing interest,0
6526,Python,India,tablet,51,0,8,15,medium,need more examples and practice,0
6527,AI,USA,,99,26,107,1,medium,i stopped understanding after few lessons,0
6528,,Germany,desktop,178,14,70,18,,lectures are boring and repetitive,0
6529,Cyber Security,,desktop,96,28,16,15,medium,too fast pace for beginners,0
6530,Data Science,Canada,mobile,142,17,60,7,,i was enjoying the course but now feeling lost,0
6531,Web Development,Germany,mobile,11,21,9,20,high,platform is good but i am losing interest,1
6532,Cyber Security,USA,,10,17,37,19,medium,need more examples and practice,0
6533,Web Development,Germany,mobile,13,16,38,4,medium,lectures are boring and repetitive,0
6534,,USA,desktop,121,0,114,7,high,too fast pace for beginners,0
6535,Data Science,Canada,,162,13,109,25,medium,,0
6536,AI,Canada,,60,19,88,13,low,initially motivated but now skipping videos,0
6537,AI,India,tablet,179,23,90,13,medium,platform is good but i am losing interest,1
6538,Data Science,Canada,,5,21,93,22,low,great start but later became difficult,0
6539,Web Development,UK,mobile,160,15,29,21,,content is good but explanations are confusing,1
6540,,Germany,desktop,12,3,106,17,medium,lectures are boring and repetitive,0
6541,Cyber Security,Germany,mobile,141,21,33,25,medium,platform is good but i am losing interest,0
6542,Data Science,USA,desktop,85,5,32,4,low,,1
6543,Python,Canada,tablet,117,24,31,9,high,,0
6544,Web Development,India,desktop,122,15,105,14,,not enough support,0
6545,AI,India,tablet,41,19,11,12,,i was enjoying the course but now feeling lost,0
6546,Data Science,India,mobile,48,5,104,29,low,initially motivated but now skipping videos,1
6547,AI,,tablet,51,14,86,8,high,platform is good but i am losing interest,0
6548,Web Development,UK,,175,25,92,24,medium,too fast pace for beginners,1
6549,AI,Canada,,178,0,106,8,high,too fast pace for beginners,0
6550,Data Science,India,desktop,118,6,64,18,high,not enough support,0
6551,Web Development,UK,mobile,96,22,83,24,low,platform is good but i am losing interest,0
6552,Python,Germany,mobile,76,10,9,8,high,too fast pace for beginners,0
6553,Data Science,USA,desktop,46,0,18,4,high,,0
6554,Cyber Security,Canada,,100,7,22,28,low,platform is good but i am losing interest,1
6555,,Canada,tablet,38,13,84,5,high,not enough support,1
6556,Data Science,,desktop,92,4,56,22,high,too fast pace for beginners,0
6557,Web Development,Germany,tablet,141,12,106,9,,need more examples and practice,1
6558,,Canada,tablet,150,14,98,25,low,not enough support,1
6559,Data Science,,mobile,130,8,58,9,low,platform is good but i am losing interest,0
6560,Python,,,93,7,111,5,low,too fast pace for beginners,0
6561,Python,,tablet,77,18,95,20,high,i was enjoying the course but now feeling lost,0
6562,Cyber Security,Canada,,13,16,53,28,,platform is good but i am losing interest,0
6563,AI,Canada,mobile,57,18,73,0,,great start but later became difficult,1
6564,,Canada,desktop,162,29,1,19,medium,lectures are boring and repetitive,0
6565,Web Development,UK,desktop,147,17,114,12,low,i stopped understanding after few lessons,0
6566,Web Development,,mobile,137,17,99,29,,initially motivated but now skipping videos,1
6567,AI,UK,mobile,116,26,47,7,,great start but later became difficult,0
6568,Python,USA,tablet,95,3,5,23,,platform is good but i am losing interest,0
6569,Python,Canada,mobile,161,1,42,27,low,lectures are boring and repetitive,0
6570,Data Science,Germany,desktop,155,23,16,12,high,i stopped understanding after few lessons,0
6571,Cyber Security,India,,173,4,78,5,medium,i stopped understanding after few lessons,1
6572,,USA,,130,16,117,28,medium,not enough support,0
6573,Cyber Security,India,,79,21,35,18,high,too fast pace for beginners,1
6574,Cyber Security,India,,57,27,23,11,low,content is good but explanations are confusing,1
6575,Data Science,Canada,mobile,95,6,103,14,,i stopped understanding after few lessons,0
6576,Cyber Security,Germany,mobile,57,28,119,7,high,lectures are boring and repetitive,0
6577,AI,India,,144,15,60,22,medium,i was enjoying the course but now feeling lost,0
6578,Data Science,,mobile,107,0,28,10,low,content is good but explanations are confusing,0
6579,AI,India,tablet,79,28,113,8,,need more examples and practice,1
6580,Data Science,USA,mobile,134,11,77,18,medium,too fast pace for beginners,0
6581,Cyber Security,Germany,tablet,14,18,57,10,medium,i was enjoying the course but now feeling lost,0
6582,AI,Germany,tablet,27,8,65,5,medium,content is good but explanations are confusing,1
6583,AI,India,mobile,38,15,111,14,,too fast pace for beginners,0
6584,AI,Germany,,147,28,85,16,medium,content is good but explanations are confusing,0
6585,Data Science,USA,tablet,165,29,110,11,low,i stopped understanding after few lessons,0
6586,Web Development,USA,mobile,127,6,52,23,low,i stopped understanding after few lessons,0
6587,Cyber Security,USA,desktop,4,29,69,1,,,0
6588,AI,,,58,28,8,20,low,not enough support,0
6589,,Canada,desktop,137,14,75,21,high,content is good but explanations are confusing,1
6590,Web Development,India,tablet,113,11,41,3,low,i was enjoying the course but now feeling lost,0
6591,,Germany,desktop,168,3,38,24,medium,too fast pace for beginners,0
6592,Cyber Security,USA,mobile,143,5,68,2,medium,i stopped understanding after few lessons,0
6593,Cyber Security,India,,4,5,118,1,low,,0
6594,AI,India,tablet,52,14,39,18,low,lectures are boring and repetitive,1
6595,AI,Canada,mobile,146,27,58,4,,initially motivated but now skipping videos,0
6596,Data Science,,,99,2,43,16,,content is good but explanations are confusing,0
6597,Web Development,Germany,tablet,169,1,64,15,high,i stopped understanding after few lessons,0
6598,Web Development,,tablet,93,4,73,15,low,lectures are boring and repetitive,0
6599,AI,Germany,tablet,117,7,10,25,high,i stopped understanding after few lessons,0
6600,Cyber Security,USA,tablet,4,18,90,11,low,,0
6601,AI,USA,desktop,85,20,86,3,high,,1
6602,Cyber Security,India,desktop,167,29,83,16,low,great start but later became difficult,0
6603,Cyber Security,Germany,desktop,7,15,4,24,low,lectures are boring and repetitive,0
6604,AI,Germany,tablet,125,18,76,29,low,lectures are boring and repetitive,1
6605,Python,,desktop,151,29,113,18,high,not enough support,0
6606,Web Development,USA,,85,22,73,1,medium,content is good but explanations are confusing,0
6607,,UK,tablet,63,15,116,4,,,0
6608,Cyber Security,India,,123,5,48,0,,great start but later became difficult,0
6609,Cyber Security,Germany,,169,21,50,25,high,platform is good but i am losing interest,0
6610,Python,Canada,desktop,89,0,35,13,low,lectures are boring and repetitive,0
6611,,Canada,tablet,95,17,104,22,medium,need more examples and practice,0
6612,Data Science,UK,desktop,119,21,113,8,high,lectures are boring and repetitive,0
6613,Python,USA,desktop,44,7,15,16,high,lectures are boring and repetitive,0
6614,,USA,desktop,102,4,6,11,,i stopped understanding after few lessons,1
6615,Python,USA,tablet,45,11,95,23,,lectures are boring and repetitive,0
6616,Cyber Security,,tablet,117,17,88,23,medium,not enough support,0
6617,Web Development,Canada,desktop,51,4,43,22,low,i stopped understanding after few lessons,0
6618,Python,USA,,65,24,25,25,medium,not enough support,1
6619,Data Science,Canada,,54,21,35,19,,lectures are boring and repetitive,1
6620,AI,UK,tablet,72,28,52,29,low,i was enjoying the course but now feeling lost,1
6621,,India,mobile,120,12,91,11,medium,great start but later became difficult,1
6622,Python,,desktop,168,20,43,14,high,content is good but explanations are confusing,1
6623,Python,Germany,desktop,143,25,11,15,high,lectures are boring and repetitive,1
6624,Data Science,UK,mobile,19,21,89,29,high,platform is good but i am losing interest,1
6625,Web Development,Canada,tablet,10,28,67,22,low,not enough support,0
6626,Python,UK,,16,11,107,17,low,too fast pace for beginners,1
6627,Python,Germany,tablet,171,15,22,21,,i stopped understanding after few lessons,0
6628,Web Development,,,159,13,103,13,medium,initially motivated but now skipping videos,0
6629,Data Science,India,,108,10,87,11,low,need more examples and practice,0
6630,,Germany,tablet,16,27,94,10,low,not enough support,1
6631,,,desktop,80,8,29,14,medium,lectures are boring and repetitive,0
6632,Python,Canada,desktop,28,22,62,20,,need more examples and practice,0
6633,Web Development,Germany,desktop,148,9,2,20,low,too fast pace for beginners,0
6634,Python,UK,,163,15,79,26,medium,too fast pace for beginners,1
6635,AI,USA,desktop,9,18,33,7,low,platform is good but i am losing interest,0
6636,,UK,,104,9,101,16,low,lectures are boring and repetitive,1
6637,Cyber Security,Canada,desktop,138,25,91,7,,need more examples and practice,1
6638,AI,India,tablet,45,20,48,3,high,i stopped understanding after few lessons,1
6639,Python,Germany,mobile,109,3,43,28,low,initially motivated but now skipping videos,0
6640,Data Science,India,,143,26,40,9,,platform is good but i am losing interest,1
6641,,Canada,tablet,30,20,47,5,medium,great start but later became difficult,0
6642,Cyber Security,Germany,,48,7,70,5,medium,initially motivated but now skipping videos,0
6643,AI,,,168,10,7,16,high,great start but later became difficult,0
6644,,,tablet,91,29,6,7,medium,,0
6645,Web Development,UK,desktop,91,5,116,12,high,platform is good but i am losing interest,0
6646,Data Science,UK,,74,3,36,14,low,too fast pace for beginners,0
6647,AI,Canada,mobile,44,20,54,3,high,too fast pace for beginners,0
6648,Web Development,,mobile,174,26,70,28,low,i stopped understanding after few lessons,1
6649,Python,Germany,tablet,134,22,49,27,medium,,0
6650,Web Development,,mobile,117,29,81,24,high,not enough support,0
6651,AI,UK,tablet,24,23,111,14,,great start but later became difficult,0
6652,AI,Canada,tablet,7,4,102,22,medium,initially motivated but now skipping videos,0
6653,Python,,,6,17,20,13,medium,initially motivated but now skipping videos,0
6654,Web Development,Canada,tablet,118,21,33,10,medium,i stopped understanding after few lessons,0
6655,Web Development,,tablet,161,24,48,29,medium,need more examples and practice,0
6656,Python,India,desktop,85,2,26,19,medium,too fast pace for beginners,0
6657,Web Development,,,110,6,7,27,,content is good but explanations are confusing,0
6658,,UK,mobile,166,23,33,16,,i stopped understanding after few lessons,0
6659,Python,Germany,desktop,172,21,17,24,,need more examples and practice,0
6660,Data Science,UK,desktop,145,11,50,9,high,i stopped understanding after few lessons,1
6661,AI,UK,,31,2,115,5,medium,need more examples and practice,1
6662,Data Science,UK,,165,16,104,5,high,initially motivated but now skipping videos,0
6663,,Canada,desktop,139,2,11,0,high,platform is good but i am losing interest,0
6664,,USA,,133,10,85,4,high,content is good but explanations are confusing,1
6665,Cyber Security,USA,,64,5,50,3,medium,need more examples and practice,1
6666,Cyber Security,India,tablet,76,10,62,10,medium,great start but later became difficult,0
6667,Cyber Security,UK,,131,3,39,16,high,content is good but explanations are confusing,0
6668,Python,USA,tablet,56,16,21,6,medium,initially motivated but now skipping videos,0
6669,Web Development,India,desktop,63,21,7,19,high,lectures are boring and repetitive,1
6670,,Canada,desktop,105,0,105,2,medium,platform is good but i am losing interest,0
6671,Data Science,UK,mobile,38,11,27,1,medium,,0
6672,Data Science,Germany,,54,23,49,7,high,need more examples and practice,1
6673,Data Science,Canada,desktop,130,2,46,4,,great start but later became difficult,1
6674,Data Science,India,tablet,2,15,55,25,medium,,0
6675,Cyber Security,Canada,desktop,140,2,31,24,high,i was enjoying the course but now feeling lost,0
6676,Data Science,Germany,,40,13,10,4,high,not enough support,1
6677,Web Development,Canada,mobile,2,16,20,9,medium,too fast pace for beginners,0
6678,Cyber Security,India,mobile,105,18,25,11,medium,i was enjoying the course but now feeling lost,1
6679,Data Science,Germany,desktop,125,6,13,16,high,not enough support,0
6680,Python,Germany,mobile,80,25,78,13,high,lectures are boring and repetitive,1
6681,AI,Canada,,47,23,13,25,high,too fast pace for beginners,0
6682,AI,Germany,,164,10,75,4,low,content is good but explanations are confusing,0
6683,AI,Canada,mobile,132,15,99,4,medium,not enough support,0
6684,Cyber Security,UK,tablet,152,23,2,23,low,content is good but explanations are confusing,1
6685,Data Science,Germany,mobile,91,18,107,5,high,need more examples and practice,0
6686,,Canada,mobile,101,4,56,14,low,i was enjoying the course but now feeling lost,0
6687,,UK,desktop,130,0,6,26,,platform is good but i am losing interest,0
6688,,Germany,tablet,15,24,38,4,high,great start but later became difficult,1
6689,Cyber Security,UK,mobile,49,23,117,28,,i was enjoying the course but now feeling lost,0
6690,Web Development,,desktop,112,9,56,7,low,initially motivated but now skipping videos,0
6691,Python,Germany,desktop,35,17,114,0,,initially motivated but now skipping videos,0
6692,Python,,desktop,116,9,109,20,low,content is good but explanations are confusing,0
6693,AI,India,,94,0,64,2,medium,i was enjoying the course but now feeling lost,0
6694,AI,India,desktop,175,28,102,20,medium,great start but later became difficult,0
6695,,Canada,desktop,24,12,24,18,low,platform is good but i am losing interest,1
6696,,USA,,60,3,30,14,high,need more examples and practice,1
6697,AI,,,77,24,85,3,medium,great start but later became difficult,0
6698,Data Science,,desktop,48,11,9,26,low,i stopped understanding after few lessons,0
6699,Web Development,India,mobile,151,23,81,24,high,not enough support,1
6700,Web Development,,tablet,140,15,76,1,medium,great start but later became difficult,0
6701,Web Development,USA,,41,18,71,29,low,need more examples and practice,1
6702,Web Development,UK,tablet,157,25,8,25,high,platform is good but i am losing interest,0
6703,AI,UK,,179,11,78,27,high,platform is good but i am losing interest,0
6704,Python,USA,desktop,128,5,7,16,low,initially motivated but now skipping videos,0
6705,AI,,,151,15,96,11,,initially motivated but now skipping videos,0
6706,Web Development,,desktop,31,11,98,19,,lectures are boring and repetitive,1
6707,AI,,tablet,149,24,18,7,,need more examples and practice,1
6708,Web Development,Canada,mobile,24,25,29,28,,too fast pace for beginners,1
6709,Cyber Security,Germany,desktop,9,23,8,4,high,too fast pace for beginners,1
6710,,USA,tablet,150,9,82,24,,,0
6711,Python,USA,tablet,132,4,46,9,low,initially motivated but now skipping videos,0
6712,Cyber Security,USA,,77,27,45,18,high,,1
6713,Data Science,USA,desktop,131,28,89,28,,i was enjoying the course but now feeling lost,0
6714,AI,USA,tablet,120,27,0,8,low,initially motivated but now skipping videos,1
6715,Data Science,,mobile,156,24,2,15,medium,platform is good but i am losing interest,1
6716,AI,Canada,,90,24,33,0,high,initially motivated but now skipping videos,0
6717,,India,,117,18,24,14,low,great start but later became difficult,0
6718,Cyber Security,,tablet,110,11,29,1,,not enough support,1
6719,,,desktop,121,7,0,24,low,platform is good but i am losing interest,0
6720,Web Development,Germany,,98,3,17,13,high,need more examples and practice,0
6721,,India,desktop,15,25,32,24,medium,initially motivated but now skipping videos,0
6722,,USA,tablet,136,6,8,25,,content is good but explanations are confusing,1
6723,Web Development,India,tablet,176,25,6,20,low,initially motivated but now skipping videos,1
6724,AI,Canada,desktop,52,23,29,15,medium,not enough support,0
6725,Web Development,UK,mobile,55,22,76,9,high,need more examples and practice,1
6726,Cyber Security,,,37,4,80,11,,,0
6727,,India,tablet,132,10,12,12,medium,i was enjoying the course but now feeling lost,1
6728,Web Development,Germany,mobile,55,16,12,19,high,not enough support,0
6729,,Canada,mobile,12,27,41,8,,i stopped understanding after few lessons,0
6730,Cyber Security,UK,desktop,147,23,101,27,low,i was enjoying the course but now feeling lost,1
6731,Data Science,Canada,desktop,37,20,100,25,medium,initially motivated but now skipping videos,0
6732,Cyber Security,USA,desktop,7,2,73,1,high,content is good but explanations are confusing,0
6733,Python,UK,mobile,55,1,77,18,low,content is good but explanations are confusing,0
6734,Python,Germany,,28,18,62,14,,great start but later became difficult,0
6735,Python,UK,desktop,37,28,106,29,medium,i stopped understanding after few lessons,0
6736,,Germany,,75,24,68,14,high,content is good but explanations are confusing,1
6737,AI,USA,desktop,114,1,35,23,medium,,0
6738,AI,Germany,mobile,167,13,34,0,low,too fast pace for beginners,0
6739,AI,Canada,,106,25,45,17,low,too fast pace for beginners,1
6740,,India,,151,0,44,20,high,content is good but explanations are confusing,0
6741,Cyber Security,Canada,mobile,110,15,55,6,medium,great start but later became difficult,1
6742,AI,,,84,14,86,9,medium,i was enjoying the course but now feeling lost,0
6743,Data Science,Canada,mobile,11,17,4,28,low,platform is good but i am losing interest,0
6744,Python,UK,mobile,66,28,43,8,medium,initially motivated but now skipping videos,0
6745,Cyber Security,USA,tablet,13,1,27,29,medium,i stopped understanding after few lessons,1
6746,Python,,desktop,169,27,86,18,medium,too fast pace for beginners,1
6747,AI,,tablet,177,10,41,10,high,too fast pace for beginners,0
6748,Cyber Security,,mobile,15,20,97,3,low,too fast pace for beginners,0
6749,Web Development,India,mobile,56,16,30,25,,i was enjoying the course but now feeling lost,1
6750,Data Science,Germany,,159,12,6,0,high,content is good but explanations are confusing,1
6751,AI,UK,mobile,53,11,6,11,low,,1
6752,AI,USA,mobile,61,25,3,0,high,great start but later became difficult,0
6753,Data Science,India,mobile,128,23,107,16,,too fast pace for beginners,0
6754,Data Science,Canada,desktop,42,1,31,19,high,lectures are boring and repetitive,0
6755,Web Development,USA,tablet,29,21,27,8,high,i stopped understanding after few lessons,0
6756,AI,,tablet,155,20,55,7,,not enough support,0
6757,,USA,desktop,44,17,3,3,medium,initially motivated but now skipping videos,0
6758,AI,USA,desktop,133,9,102,7,low,need more examples and practice,0
6759,Python,Canada,desktop,113,11,115,22,,content is good but explanations are confusing,0
6760,Cyber Security,Germany,tablet,106,16,108,21,high,not enough support,0
6761,Cyber Security,UK,tablet,38,21,7,9,medium,initially motivated but now skipping videos,1
6762,Python,,mobile,172,13,13,27,high,content is good but explanations are confusing,0
6763,Cyber Security,Germany,tablet,115,21,29,17,medium,platform is good but i am losing interest,0
6764,Data Science,India,,130,18,2,14,high,content is good but explanations are confusing,0
6765,Cyber Security,,tablet,109,12,1,18,low,i was enjoying the course but now feeling lost,0
6766,Cyber Security,UK,desktop,84,23,9,19,low,i stopped understanding after few lessons,0
6767,Python,India,tablet,163,24,69,22,high,great start but later became difficult,0
6768,Web Development,Canada,mobile,46,2,118,23,,content is good but explanations are confusing,0
6769,Cyber Security,Germany,tablet,92,24,70,29,high,,0
6770,,,desktop,105,7,15,10,high,not enough support,0
6771,Cyber Security,USA,,72,4,69,23,,platform is good but i am losing interest,1
6772,Web Development,UK,desktop,139,21,79,3,,i was enjoying the course but now feeling lost,0
6773,Python,,,29,27,90,8,high,i was enjoying the course but now feeling lost,0
6774,Web Development,USA,mobile,47,27,119,7,medium,need more examples and practice,0
6775,Python,,mobile,111,11,75,15,low,initially motivated but now skipping videos,1
6776,Data Science,India,tablet,7,0,85,26,medium,platform is good but i am losing interest,0
6777,Python,USA,mobile,117,20,78,12,,need more examples and practice,0
6778,Data Science,USA,mobile,64,25,21,4,low,lectures are boring and repetitive,0
6779,Data Science,,desktop,82,15,34,12,high,i stopped understanding after few lessons,1
6780,Python,Canada,desktop,64,25,111,18,low,lectures are boring and repetitive,1
6781,,Canada,tablet,92,11,113,1,high,content is good but explanations are confusing,1
6782,AI,Germany,tablet,12,22,78,11,high,initially motivated but now skipping videos,0
6783,Python,India,tablet,12,16,86,8,,not enough support,1
6784,Cyber Security,Canada,tablet,36,25,101,0,medium,too fast pace for beginners,1
6785,,,desktop,29,8,48,22,,too fast pace for beginners,0
6786,,Canada,tablet,139,12,1,26,,i was enjoying the course but now feeling lost,0
6787,Cyber Security,Germany,tablet,85,22,65,28,low,,0
6788,AI,UK,mobile,74,3,112,13,medium,need more examples and practice,1
6789,,Germany,tablet,47,26,18,6,medium,not enough support,0
6790,Data Science,USA,,161,3,68,16,medium,too fast pace for beginners,0
6791,AI,USA,mobile,81,26,3,29,medium,i was enjoying the course but now feeling lost,0
6792,Cyber Security,Canada,desktop,121,14,91,22,low,i stopped understanding after few lessons,0
6793,AI,Canada,,43,9,81,13,low,i was enjoying the course but now feeling lost,0
6794,Python,Germany,tablet,146,22,103,16,,i was enjoying the course but now feeling lost,1
6795,AI,Germany,mobile,74,5,40,1,,i was enjoying the course but now feeling lost,0
6796,Data Science,,tablet,53,2,55,8,medium,content is good but explanations are confusing,0
6797,Python,India,mobile,39,29,54,14,,i was enjoying the course but now feeling lost,0
6798,Web Development,,tablet,107,24,113,23,low,lectures are boring and repetitive,1
6799,Cyber Security,USA,,162,14,30,15,,great start but later became difficult,1
6800,Cyber Security,,desktop,37,5,21,8,high,i was enjoying the course but now feeling lost,0
6801,AI,Germany,,169,10,74,27,,not enough support,0
6802,,,,97,1,47,24,low,i was enjoying the course but now feeling lost,0
6803,Python,UK,desktop,49,25,79,3,medium,,0
6804,Web Development,India,mobile,128,27,3,14,high,not enough support,0
6805,Python,Germany,mobile,10,1,20,20,high,platform is good but i am losing interest,0
6806,Cyber Security,Canada,desktop,40,0,40,9,high,platform is good but i am losing interest,0
6807,Python,,tablet,146,10,44,6,,i was enjoying the course but now feeling lost,1
6808,Web Development,Germany,mobile,153,4,88,5,,,0
6809,,Canada,,106,25,83,14,high,need more examples and practice,0
6810,AI,Canada,desktop,41,5,7,24,high,too fast pace for beginners,0
6811,Data Science,USA,,164,2,106,1,medium,great start but later became difficult,0
6812,Python,USA,mobile,2,19,116,23,medium,i was enjoying the course but now feeling lost,0
6813,Data Science,Germany,desktop,177,4,8,29,high,great start but later became difficult,1
6814,Cyber Security,Germany,desktop,53,19,17,14,medium,,1
6815,AI,UK,mobile,147,8,30,17,low,i was enjoying the course but now feeling lost,0
6816,AI,India,mobile,26,27,115,13,,too fast pace for beginners,0
6817,Python,India,desktop,54,18,34,29,medium,great start but later became difficult,0
6818,,Germany,tablet,51,4,118,17,low,i was enjoying the course but now feeling lost,1
6819,AI,USA,desktop,153,22,29,2,,platform is good but i am losing interest,0
6820,Python,,tablet,114,11,17,19,medium,initially motivated but now skipping videos,0
6821,Python,UK,,17,11,82,21,,content is good but explanations are confusing,0
6822,Data Science,India,tablet,120,15,40,13,low,i stopped understanding after few lessons,0
6823,AI,Germany,tablet,46,6,23,5,low,need more examples and practice,0
6824,Python,USA,mobile,55,13,113,13,,i stopped understanding after few lessons,1
6825,Data Science,USA,desktop,50,21,85,1,high,not enough support,0
6826,Web Development,USA,,75,8,47,21,medium,initially motivated but now skipping videos,0
6827,Data Science,,desktop,11,14,13,15,high,content is good but explanations are confusing,0
6828,Data Science,Canada,tablet,140,22,18,23,low,initially motivated but now skipping videos,1
6829,Python,,tablet,168,10,59,15,,great start but later became difficult,1
6830,Cyber Security,USA,tablet,48,3,92,20,medium,platform is good but i am losing interest,0
6831,Cyber Security,Germany,desktop,121,10,21,16,medium,need more examples and practice,0
6832,,UK,tablet,56,25,29,15,high,not enough support,0
6833,Cyber Security,,desktop,8,8,14,15,medium,,1
6834,Data Science,Germany,,14,5,20,7,medium,lectures are boring and repetitive,1
6835,,USA,,114,16,25,5,medium,platform is good but i am losing interest,0
6836,Python,UK,desktop,54,8,99,17,low,great start but later became difficult,0
6837,AI,India,,17,26,11,22,high,too fast pace for beginners,0
6838,Data Science,India,mobile,173,22,6,13,low,,1
6839,Data Science,Germany,tablet,133,5,74,15,,i was enjoying the course but now feeling lost,1
6840,,UK,tablet,131,5,102,7,,initially motivated but now skipping videos,0
6841,Python,Germany,tablet,9,3,83,17,high,platform is good but i am losing interest,1
6842,Web Development,UK,mobile,122,19,34,13,,need more examples and practice,0
6843,Data Science,UK,tablet,114,10,67,16,low,lectures are boring and repetitive,0
6844,Web Development,Germany,desktop,20,2,1,21,low,need more examples and practice,1
6845,Web Development,UK,tablet,83,23,19,28,low,need more examples and practice,0
6846,Cyber Security,,desktop,21,23,46,21,low,too fast pace for beginners,1
6847,Python,USA,,33,17,83,7,high,lectures are boring and repetitive,1
6848,Web Development,UK,desktop,133,15,11,29,medium,great start but later became difficult,0
6849,Python,,desktop,152,20,52,15,,content is good but explanations are confusing,0
6850,Cyber Security,UK,desktop,26,15,16,22,high,,1
6851,Python,,tablet,108,28,17,23,medium,great start but later became difficult,0
6852,Data Science,Germany,mobile,89,24,103,9,high,not enough support,1
6853,Web Development,India,mobile,92,11,23,9,,lectures are boring and repetitive,0
6854,Python,Canada,desktop,33,13,71,29,high,content is good but explanations are confusing,1
6855,AI,UK,tablet,18,8,36,20,,content is good but explanations are confusing,1
6856,Python,Canada,mobile,18,6,119,17,high,lectures are boring and repetitive,1
6857,Web Development,UK,,166,13,104,20,high,too fast pace for beginners,1
6858,Cyber Security,Germany,,33,19,29,17,low,lectures are boring and repetitive,0
6859,Cyber Security,Germany,tablet,27,19,83,8,high,platform is good but i am losing interest,0
6860,Web Development,,,49,9,51,20,high,not enough support,1
6861,Data Science,UK,,178,10,22,0,medium,i was enjoying the course but now feeling lost,0
6862,Data Science,Germany,,143,6,36,24,low,too fast pace for beginners,1
6863,Cyber Security,Germany,mobile,108,18,73,15,,content is good but explanations are confusing,0
6864,Cyber Security,UK,,68,18,96,9,low,,0
6865,Web Development,,desktop,99,20,23,14,high,too fast pace for beginners,1
6866,Data Science,,desktop,19,10,99,4,,content is good but explanations are confusing,1
6867,Cyber Security,,,25,28,119,26,high,too fast pace for beginners,0
6868,Data Science,,desktop,104,5,79,16,low,i stopped understanding after few lessons,0
6869,Cyber Security,India,mobile,76,7,49,8,low,great start but later became difficult,0
6870,Python,UK,tablet,76,0,91,24,high,content is good but explanations are confusing,0
6871,AI,India,desktop,106,22,75,25,high,content is good but explanations are confusing,0
6872,,Germany,,153,7,19,25,high,content is good but explanations are confusing,0
6873,Python,India,tablet,33,4,46,24,medium,lectures are boring and repetitive,1
6874,,,tablet,37,27,17,5,low,need more examples and practice,1
6875,Cyber Security,Germany,,92,9,100,25,medium,i stopped understanding after few lessons,0
6876,AI,India,desktop,124,1,25,25,low,not enough support,0
6877,AI,India,mobile,43,3,109,1,low,too fast pace for beginners,0
6878,Cyber Security,UK,desktop,126,21,119,27,,platform is good but i am losing interest,0
6879,Cyber Security,India,desktop,9,24,70,12,,i was enjoying the course but now feeling lost,0
6880,Data Science,Germany,mobile,14,1,42,22,low,not enough support,0
6881,Cyber Security,,tablet,131,14,46,17,,content is good but explanations are confusing,0
6882,Web Development,UK,mobile,69,19,84,19,low,great start but later became difficult,0
6883,Cyber Security,India,mobile,26,9,42,3,low,too fast pace for beginners,0
6884,Web Development,UK,,127,20,31,9,high,platform is good but i am losing interest,0
6885,Cyber Security,Canada,,53,29,6,22,,i was enjoying the course but now feeling lost,1
6886,Data Science,UK,desktop,41,23,116,21,medium,platform is good but i am losing interest,1
6887,Web Development,,,82,23,86,27,medium,lectures are boring and repetitive,0
6888,Python,Canada,mobile,102,1,83,10,,i was enjoying the course but now feeling lost,0
6889,Web Development,Canada,mobile,21,5,83,27,low,platform is good but i am losing interest,0
6890,Data Science,UK,,121,21,31,12,medium,platform is good but i am losing interest,0
6891,,Germany,,39,28,89,27,,not enough support,1
6892,Web Development,,,151,13,99,25,medium,,0
6893,Cyber Security,Germany,mobile,69,4,87,22,high,initially motivated but now skipping videos,0
6894,Cyber Security,,tablet,75,23,64,21,low,great start but later became difficult,0
6895,,,tablet,157,25,57,16,high,too fast pace for beginners,0
6896,Data Science,Germany,,62,1,52,10,medium,need more examples and practice,1
6897,AI,USA,desktop,45,13,91,3,low,too fast pace for beginners,1
6898,Cyber Security,Canada,desktop,27,12,89,13,low,not enough support,1
6899,Python,UK,tablet,116,1,33,2,low,great start but later became difficult,1
6900,Data Science,Germany,,162,29,89,22,,i stopped understanding after few lessons,0
6901,Web Development,Germany,mobile,142,22,99,28,,initially motivated but now skipping videos,0
6902,Web Development,UK,desktop,41,8,68,22,low,great start but later became difficult,1
6903,Python,Canada,desktop,106,2,55,11,low,content is good but explanations are confusing,1
6904,Cyber Security,UK,mobile,74,14,65,27,low,i stopped understanding after few lessons,0
6905,Data Science,,mobile,60,22,31,26,high,great start but later became difficult,0
6906,Python,USA,,42,2,97,3,high,too fast pace for beginners,0
6907,Cyber Security,,mobile,122,11,49,15,medium,i stopped understanding after few lessons,1
6908,Data Science,USA,mobile,179,5,93,6,low,not enough support,0
6909,Web Development,UK,mobile,11,18,23,19,low,need more examples and practice,1
6910,Data Science,,tablet,163,16,91,24,high,too fast pace for beginners,0
6911,,Canada,mobile,147,5,45,18,medium,platform is good but i am losing interest,1
6912,AI,,desktop,118,26,2,25,medium,initially motivated but now skipping videos,0
6913,Data Science,Germany,,65,18,116,17,low,content is good but explanations are confusing,0
6914,AI,USA,,47,16,113,20,,need more examples and practice,0
6915,Data Science,USA,,14,15,117,8,medium,not enough support,0
6916,AI,Canada,tablet,67,20,9,10,medium,need more examples and practice,0
6917,,USA,desktop,109,7,5,18,low,i was enjoying the course but now feeling lost,0
6918,Web Development,USA,mobile,160,23,97,16,low,platform is good but i am losing interest,1
6919,Cyber Security,Canada,desktop,10,23,94,24,low,content is good but explanations are confusing,1
6920,AI,,,124,18,51,20,high,i stopped understanding after few lessons,0
6921,,UK,mobile,17,7,106,17,low,lectures are boring and repetitive,0
6922,AI,,,168,19,49,5,,platform is good but i am losing interest,0
6923,Web Development,Germany,,143,14,109,2,,i was enjoying the course but now feeling lost,0
6924,AI,Germany,,97,7,57,13,medium,platform is good but i am losing interest,1
6925,,USA,desktop,167,2,51,8,high,need more examples and practice,0
6926,,Germany,desktop,57,15,12,2,medium,great start but later became difficult,0
6927,Python,UK,,138,2,58,1,high,content is good but explanations are confusing,0
6928,Web Development,USA,,71,0,38,18,low,great start but later became difficult,0
6929,Python,Germany,mobile,97,7,52,5,medium,content is good but explanations are confusing,0
6930,Web Development,India,,17,23,57,2,,platform is good but i am losing interest,0
6931,AI,India,,76,8,19,24,high,i stopped understanding after few lessons,0
6932,,India,,17,21,62,24,medium,content is good but explanations are confusing,0
6933,Python,India,,111,11,95,8,,initially motivated but now skipping videos,1
6934,AI,,desktop,120,17,9,17,,platform is good but i am losing interest,0
6935,,India,,144,16,25,6,low,i stopped understanding after few lessons,1
6936,Web Development,USA,tablet,119,7,18,27,high,initially motivated but now skipping videos,0
6937,,Canada,,78,25,92,1,medium,need more examples and practice,0
6938,AI,,desktop,3,19,60,0,,too fast pace for beginners,0
6939,Python,Canada,tablet,108,10,76,4,high,lectures are boring and repetitive,0
6940,Python,USA,tablet,51,29,117,26,low,i was enjoying the course but now feeling lost,0
6941,,USA,,114,26,33,26,high,too fast pace for beginners,0
6942,AI,UK,,94,6,83,23,high,need more examples and practice,0
6943,Data Science,,desktop,174,13,43,29,medium,not enough support,0
6944,Web Development,Canada,tablet,116,9,103,2,high,not enough support,0
6945,Web Development,India,tablet,105,14,17,6,low,lectures are boring and repetitive,0
6946,AI,USA,desktop,99,11,97,5,,not enough support,0
6947,Data Science,India,,154,19,111,26,medium,i stopped understanding after few lessons,1
6948,Python,Canada,mobile,76,16,71,28,,need more examples and practice,1
6949,Cyber Security,,mobile,159,7,15,29,high,too fast pace for beginners,1
6950,Cyber Security,Germany,tablet,81,25,103,0,low,content is good but explanations are confusing,0
6951,AI,Germany,tablet,72,13,86,27,,not enough support,0
6952,Data Science,USA,,147,24,95,22,low,need more examples and practice,1
6953,Data Science,UK,mobile,143,25,76,18,high,i stopped understanding after few lessons,0
6954,Web Development,India,tablet,111,14,25,29,high,platform is good but i am losing interest,1
6955,Python,USA,,58,24,101,19,,,0
6956,,UK,mobile,78,24,64,13,medium,too fast pace for beginners,0
6957,Data Science,India,desktop,158,27,65,9,low,platform is good but i am losing interest,1
6958,,Canada,tablet,48,27,102,1,low,not enough support,0
6959,Cyber Security,Germany,desktop,56,26,76,10,low,lectures are boring and repetitive,0
6960,,UK,mobile,42,10,26,15,high,initially motivated but now skipping videos,1
6961,Python,India,,24,11,3,16,high,content is good but explanations are confusing,0
6962,Python,USA,,110,19,104,4,,,0
6963,,India,mobile,52,15,50,21,,lectures are boring and repetitive,1
6964,AI,USA,desktop,171,24,83,26,high,i stopped understanding after few lessons,0
6965,Data Science,Germany,,34,26,2,17,medium,initially motivated but now skipping videos,0
6966,AI,Germany,tablet,3,19,86,15,low,,0
6967,,India,desktop,68,17,65,9,low,lectures are boring and repetitive,0
6968,Data Science,India,desktop,139,9,15,5,high,great start but later became difficult,0
6969,Web Development,USA,tablet,141,18,73,21,medium,i stopped understanding after few lessons,0
6970,AI,USA,mobile,50,17,27,23,medium,,0
6971,AI,UK,,82,29,43,7,medium,need more examples and practice,0
6972,,UK,desktop,19,0,17,5,medium,initially motivated but now skipping videos,0
6973,Cyber Security,UK,,44,26,1,22,medium,great start but later became difficult,0
6974,,India,,161,21,77,3,,lectures are boring and repetitive,0
6975,AI,,desktop,166,3,43,4,high,,0
6976,Data Science,,mobile,3,22,19,5,high,,0
6977,Cyber Security,,desktop,113,6,55,14,high,initially motivated but now skipping videos,0
6978,,,mobile,65,29,119,5,low,great start but later became difficult,0
6979,,UK,tablet,163,25,119,18,medium,,0
6980,AI,India,mobile,164,0,103,24,medium,i stopped understanding after few lessons,0
6981,AI,,mobile,166,27,22,19,low,great start but later became difficult,0
6982,Web Development,Germany,desktop,39,28,117,7,medium,too fast pace for beginners,1
6983,,Canada,,153,24,59,12,medium,need more examples and practice,0
6984,AI,Germany,,64,7,70,3,medium,not enough support,1
6985,Python,India,mobile,104,25,44,21,medium,i stopped understanding after few lessons,1
6986,Cyber Security,India,mobile,13,16,46,16,medium,i stopped understanding after few lessons,1
6987,Python,Canada,desktop,68,28,77,13,,i was enjoying the course but now feeling lost,0
6988,Cyber Security,USA,mobile,70,7,36,17,high,need more examples and practice,1
6989,,USA,desktop,75,4,7,14,,initially motivated but now skipping videos,1
6990,Web Development,USA,tablet,1,0,113,21,medium,platform is good but i am losing interest,1
6991,AI,UK,mobile,98,14,4,18,high,too fast pace for beginners,0
6992,AI,USA,tablet,104,3,22,10,high,initially motivated but now skipping videos,0
6993,AI,UK,mobile,116,6,104,6,high,i stopped understanding after few lessons,0
6994,,UK,mobile,137,13,9,0,high,,0
6995,Cyber Security,USA,tablet,164,11,112,29,low,great start but later became difficult,0
6996,AI,USA,tablet,113,20,26,2,high,not enough support,0
6997,Python,Canada,desktop,103,26,98,18,low,initially motivated but now skipping videos,0
6998,AI,,desktop,37,2,0,29,low,content is good but explanations are confusing,1
6999,,Canada,tablet,106,27,70,27,high,lectures are boring and repetitive,0
7000,Web Development,UK,mobile,108,26,110,0,medium,i stopped understanding after few lessons,0
7001,Python,Canada,desktop,21,19,114,3,medium,lectures are boring and repetitive,1
7002,AI,UK,mobile,148,17,7,23,high,i was enjoying the course but now feeling lost,0
7003,AI,India,,129,7,10,10,high,,1
7004,Data Science,UK,desktop,28,27,97,6,low,i was enjoying the course but now feeling lost,0
7005,Cyber Security,UK,desktop,108,1,115,6,,i stopped understanding after few lessons,1
7006,Python,Canada,desktop,9,29,27,13,low,great start but later became difficult,1
7007,Data Science,,,164,28,33,14,medium,,1
7008,Web Development,India,tablet,162,26,42,4,,great start but later became difficult,0
7009,Cyber Security,Germany,mobile,32,5,83,13,,i was enjoying the course but now feeling lost,1
7010,Python,Germany,,66,29,27,12,,initially motivated but now skipping videos,0
7011,AI,,tablet,100,6,48,19,low,lectures are boring and repetitive,0
7012,Python,Germany,desktop,153,6,60,25,low,initially motivated but now skipping videos,1
7013,AI,India,tablet,179,12,105,21,high,great start but later became difficult,0
7014,Cyber Security,USA,tablet,173,0,36,17,low,lectures are boring and repetitive,0
7015,AI,India,tablet,154,7,2,0,low,initially motivated but now skipping videos,1
7016,Web Development,Canada,mobile,21,24,8,12,,initially motivated but now skipping videos,0
7017,,UK,tablet,82,29,115,22,,platform is good but i am losing interest,1
7018,AI,UK,tablet,179,29,85,28,low,too fast pace for beginners,1
7019,Web Development,Canada,tablet,24,22,88,19,medium,platform is good but i am losing interest,0
7020,,Canada,tablet,111,12,1,6,,,0
7021,Cyber Security,UK,,92,23,22,5,high,content is good but explanations are confusing,0
7022,Cyber Security,,,12,19,50,26,medium,not enough support,0
7023,Python,USA,tablet,139,27,16,8,,great start but later became difficult,0
7024,Web Development,USA,tablet,155,23,24,27,high,lectures are boring and repetitive,0
7025,Web Development,USA,tablet,23,18,75,9,,need more examples and practice,1
7026,Data Science,Canada,desktop,161,28,26,21,high,platform is good but i am losing interest,1
7027,Data Science,UK,tablet,92,16,19,2,,lectures are boring and repetitive,0
7028,,,tablet,166,12,72,6,,content is good but explanations are confusing,0
7029,,UK,,170,28,86,24,low,not enough support,0
7030,Data Science,UK,,123,15,35,29,medium,i stopped understanding after few lessons,0
7031,,,,157,23,27,10,medium,too fast pace for beginners,0
7032,AI,India,mobile,34,14,113,25,low,too fast pace for beginners,1
7033,Data Science,,desktop,125,10,111,11,,initially motivated but now skipping videos,0
7034,Web Development,India,tablet,57,11,28,11,medium,not enough support,0
7035,AI,Germany,,3,21,116,12,high,i was enjoying the course but now feeling lost,0
7036,,India,mobile,6,24,119,21,high,platform is good but i am losing interest,0
7037,Cyber Security,USA,tablet,48,2,41,22,,i stopped understanding after few lessons,0
7038,Python,USA,tablet,102,23,57,7,,great start but later became difficult,1
7039,Data Science,,,120,24,117,3,high,great start but later became difficult,0
7040,Cyber Security,USA,tablet,13,8,31,20,,great start but later became difficult,0
7041,,USA,tablet,36,27,11,19,low,,0
7042,Web Development,Germany,tablet,70,13,29,0,medium,initially motivated but now skipping videos,1
7043,Python,USA,,33,29,59,5,high,i stopped understanding after few lessons,0
7044,Cyber Security,Canada,mobile,105,6,10,22,low,i stopped understanding after few lessons,0
7045,Python,Canada,tablet,57,27,100,1,high,initially motivated but now skipping videos,0
7046,Data Science,Canada,mobile,55,10,83,21,high,lectures are boring and repetitive,0
7047,,India,tablet,107,9,10,13,,not enough support,1
7048,Web Development,,,141,2,111,26,medium,great start but later became difficult,0
7049,,,mobile,51,18,110,17,low,initially motivated but now skipping videos,1
7050,Python,UK,,92,1,101,9,high,platform is good but i am losing interest,1
7051,Cyber Security,Germany,desktop,53,16,108,28,high,platform is good but i am losing interest,0
7052,Data Science,Canada,tablet,36,28,79,20,,i was enjoying the course but now feeling lost,1
7053,Data Science,Canada,desktop,133,1,98,0,low,initially motivated but now skipping videos,1
7054,,USA,desktop,119,20,49,2,,content is good but explanations are confusing,0
7055,Cyber Security,Canada,desktop,25,15,0,19,,i stopped understanding after few lessons,1
7056,Cyber Security,USA,tablet,81,16,88,3,low,,0
7057,Python,USA,,37,9,112,17,medium,great start but later became difficult,0
7058,,UK,desktop,19,3,26,7,,not enough support,0
7059,,India,mobile,35,10,115,21,high,lectures are boring and repetitive,1
7060,AI,USA,tablet,107,25,31,8,medium,great start but later became difficult,0
7061,,USA,,162,25,5,21,high,too fast pace for beginners,1
7062,Data Science,,,54,16,40,18,medium,initially motivated but now skipping videos,0
7063,Python,UK,desktop,174,27,35,27,high,lectures are boring and repetitive,1
7064,Cyber Security,USA,tablet,6,25,38,1,,,1
7065,,Germany,desktop,129,23,86,8,,lectures are boring and repetitive,1
7066,Python,India,mobile,34,11,92,2,,lectures are boring and repetitive,0
7067,,Germany,,56,20,29,21,low,platform is good but i am losing interest,0
7068,Cyber Security,Canada,,97,9,85,25,,lectures are boring and repetitive,1
7069,Web Development,India,tablet,26,15,56,1,medium,content is good but explanations are confusing,1
7070,Cyber Security,Canada,,170,3,10,6,,platform is good but i am losing interest,0
7071,Cyber Security,,tablet,91,2,89,29,low,i stopped understanding after few lessons,0
7072,Cyber Security,USA,desktop,38,8,86,16,high,great start but later became difficult,0
7073,,UK,mobile,154,5,2,24,low,lectures are boring and repetitive,1
7074,AI,Germany,tablet,59,11,47,16,medium,platform is good but i am losing interest,1
7075,Cyber Security,Canada,desktop,127,0,5,8,medium,not enough support,1
7076,Data Science,USA,mobile,24,13,6,26,low,too fast pace for beginners,0
7077,Data Science,Germany,,111,23,43,0,high,need more examples and practice,0
7078,Python,Germany,mobile,21,9,102,0,,initially motivated but now skipping videos,0
7079,AI,,mobile,60,17,60,7,medium,lectures are boring and repetitive,1
7080,Python,,mobile,90,12,53,16,,too fast pace for beginners,1
7081,Data Science,Canada,,148,8,50,7,high,too fast pace for beginners,0
7082,Data Science,USA,tablet,6,26,85,18,medium,great start but later became difficult,0
7083,Web Development,UK,tablet,10,22,47,3,high,lectures are boring and repetitive,0
7084,Cyber Security,Canada,mobile,140,18,113,17,high,content is good but explanations are confusing,1
7085,Data Science,Germany,desktop,97,3,105,12,low,not enough support,0
7086,,Germany,desktop,150,2,60,21,high,need more examples and practice,1
7087,,India,mobile,80,5,96,6,medium,initially motivated but now skipping videos,0
7088,Python,USA,mobile,17,8,39,25,low,great start but later became difficult,0
7089,Python,India,desktop,138,9,2,2,medium,too fast pace for beginners,1
7090,Cyber Security,,mobile,140,8,29,13,low,not enough support,1
7091,Cyber Security,UK,mobile,83,16,111,8,low,initially motivated but now skipping videos,0
7092,Web Development,Canada,tablet,40,9,23,2,high,too fast pace for beginners,0
7093,AI,Germany,tablet,151,5,66,6,high,too fast pace for beginners,1
7094,Python,USA,mobile,168,15,1,14,,i was enjoying the course but now feeling lost,0
7095,Cyber Security,Germany,mobile,74,16,43,3,medium,,1
7096,Python,,,74,10,39,4,medium,too fast pace for beginners,0
7097,Cyber Security,India,tablet,50,19,18,27,,great start but later became difficult,1
7098,Data Science,India,mobile,10,6,62,8,high,,0
7099,Python,Canada,,103,3,23,2,medium,platform is good but i am losing interest,0
7100,Data Science,USA,,94,24,49,15,medium,i was enjoying the course but now feeling lost,1
7101,Python,,,132,29,19,15,high,i stopped understanding after few lessons,0
7102,AI,USA,,129,9,56,18,low,not enough support,0
7103,Web Development,Canada,tablet,43,20,110,24,high,great start but later became difficult,0
7104,,,,83,13,112,8,,lectures are boring and repetitive,0
7105,,,tablet,133,24,49,28,medium,i stopped understanding after few lessons,0
7106,,India,,104,16,94,19,low,,0
7107,Data Science,India,,34,28,113,0,,too fast pace for beginners,0
7108,Cyber Security,India,desktop,24,27,104,16,high,lectures are boring and repetitive,0
7109,,Germany,tablet,142,13,57,11,low,i stopped understanding after few lessons,1
7110,AI,UK,desktop,41,19,30,8,medium,initially motivated but now skipping videos,0
7111,,India,desktop,170,22,36,21,low,content is good but explanations are confusing,0
7112,Python,UK,,13,12,106,4,medium,platform is good but i am losing interest,0
7113,Data Science,UK,tablet,157,1,92,28,high,content is good but explanations are confusing,0
7114,Python,USA,mobile,174,8,3,27,low,i stopped understanding after few lessons,1
7115,Python,Canada,,162,2,57,14,low,need more examples and practice,0
7116,Python,Germany,tablet,132,3,9,25,low,great start but later became difficult,0
7117,Web Development,UK,desktop,28,11,62,12,medium,i stopped understanding after few lessons,0
7118,Web Development,Germany,tablet,83,29,35,18,high,need more examples and practice,0
7119,Cyber Security,USA,,129,14,54,2,high,,1
7120,Data Science,India,tablet,164,19,98,1,medium,lectures are boring and repetitive,1
7121,AI,,desktop,107,7,56,12,low,need more examples and practice,0
7122,AI,UK,tablet,13,17,111,6,medium,i stopped understanding after few lessons,0
7123,AI,Canada,tablet,114,4,84,8,medium,initially motivated but now skipping videos,0
7124,Python,,desktop,106,1,42,21,,i stopped understanding after few lessons,1
7125,Web Development,USA,,5,27,104,9,high,great start but later became difficult,0
7126,Data Science,Germany,mobile,97,21,64,0,medium,i stopped understanding after few lessons,0
7127,Python,India,desktop,14,8,105,21,low,initially motivated but now skipping videos,1
7128,Web Development,Germany,desktop,80,27,11,15,medium,platform is good but i am losing interest,0
7129,Web Development,Canada,,120,24,61,10,medium,need more examples and practice,0
7130,,UK,,160,13,23,23,medium,content is good but explanations are confusing,1
7131,,Canada,tablet,178,0,1,7,low,great start but later became difficult,1
7132,Data Science,Germany,desktop,155,19,46,29,,content is good but explanations are confusing,0
7133,Data Science,Germany,tablet,35,3,55,25,medium,not enough support,0
7134,Data Science,,tablet,3,16,83,12,high,too fast pace for beginners,1
7135,Python,Canada,,4,9,15,15,medium,i was enjoying the course but now feeling lost,0
7136,Cyber Security,Canada,,135,1,33,2,,content is good but explanations are confusing,1
7137,Data Science,Canada,tablet,131,5,76,12,medium,too fast pace for beginners,1
7138,,India,desktop,81,25,17,16,high,initially motivated but now skipping videos,0
7139,Cyber Security,Germany,desktop,111,18,28,20,,lectures are boring and repetitive,0
7140,Python,USA,tablet,59,8,53,5,high,great start but later became difficult,0
7141,Cyber Security,India,mobile,74,18,50,9,high,initially motivated but now skipping videos,0
7142,AI,India,mobile,129,18,106,8,high,initially motivated but now skipping videos,1
7143,Cyber Security,India,,156,8,13,17,,,1
7144,Data Science,,desktop,59,2,93,29,,need more examples and practice,0
7145,Python,USA,tablet,118,5,57,16,high,i was enjoying the course but now feeling lost,1
7146,Data Science,Canada,tablet,138,5,34,6,high,platform is good but i am losing interest,1
7147,,,desktop,103,16,8,1,low,too fast pace for beginners,0
7148,AI,Germany,,131,12,36,10,,,0
7149,,UK,,135,12,109,17,medium,lectures are boring and repetitive,0
7150,Data Science,,mobile,9,6,102,2,,i stopped understanding after few lessons,1
7151,Data Science,UK,desktop,99,8,11,13,low,content is good but explanations are confusing,0
7152,Data Science,Germany,desktop,141,24,84,19,low,lectures are boring and repetitive,0
7153,Web Development,USA,tablet,168,24,81,12,high,not enough support,1
7154,AI,UK,desktop,114,17,10,22,,need more examples and practice,1
7155,Data Science,India,mobile,62,0,26,16,medium,i stopped understanding after few lessons,1
7156,Data Science,,desktop,62,21,87,28,,need more examples and practice,0
7157,,UK,tablet,10,21,104,21,low,great start but later became difficult,1
7158,,Germany,mobile,87,19,42,10,medium,i was enjoying the course but now feeling lost,0
7159,Data Science,India,tablet,11,12,49,6,medium,initially motivated but now skipping videos,1
7160,Python,UK,desktop,62,7,97,2,high,need more examples and practice,0
7161,Web Development,Germany,,77,20,19,2,,lectures are boring and repetitive,1
7162,,USA,desktop,104,22,12,1,,platform is good but i am losing interest,1
7163,Python,Germany,desktop,56,8,46,20,,,0
7164,Web Development,USA,tablet,110,28,7,15,medium,great start but later became difficult,1
7165,Data Science,India,,49,0,100,22,low,content is good but explanations are confusing,1
7166,AI,Germany,desktop,16,8,68,10,low,i was enjoying the course but now feeling lost,0
7167,Cyber Security,Canada,mobile,73,28,70,27,high,platform is good but i am losing interest,0
7168,Cyber Security,,mobile,116,28,63,13,low,initially motivated but now skipping videos,1
7169,Data Science,Canada,tablet,93,19,43,2,,content is good but explanations are confusing,1
7170,,Canada,tablet,137,22,115,6,high,,1
7171,Python,Canada,,33,10,11,7,low,i stopped understanding after few lessons,0
7172,AI,,tablet,88,19,104,12,low,not enough support,1
7173,Web Development,Canada,,163,3,3,18,high,lectures are boring and repetitive,0
7174,Data Science,USA,desktop,39,28,39,10,medium,platform is good but i am losing interest,0
7175,AI,Germany,mobile,114,15,18,0,high,need more examples and practice,1
7176,AI,India,mobile,77,13,53,18,medium,lectures are boring and repetitive,0
7177,,Canada,mobile,87,19,0,12,,i stopped understanding after few lessons,0
7178,Web Development,Canada,tablet,153,21,118,21,medium,not enough support,1
7179,AI,India,tablet,114,20,106,16,high,initially motivated but now skipping videos,0
7180,,India,desktop,56,17,118,8,,,0
7181,Python,Canada,tablet,176,24,12,18,high,,0
7182,,USA,,138,26,49,18,high,i stopped understanding after few lessons,0
7183,Python,India,mobile,41,21,52,27,medium,i stopped understanding after few lessons,1
7184,Python,Germany,desktop,104,25,115,22,medium,need more examples and practice,1
7185,AI,Germany,,99,21,41,22,medium,i stopped understanding after few lessons,0
7186,,USA,,59,8,108,28,,,0
7187,Python,,tablet,156,0,24,5,medium,too fast pace for beginners,1
7188,Web Development,UK,tablet,122,22,43,6,,content is good but explanations are confusing,0
7189,AI,USA,mobile,120,2,108,4,high,not enough support,0
7190,,Canada,desktop,41,19,97,7,high,i was enjoying the course but now feeling lost,0
7191,,UK,,66,0,98,25,medium,initially motivated but now skipping videos,0
7192,Cyber Security,Canada,tablet,179,2,60,13,low,i stopped understanding after few lessons,1
7193,,Germany,tablet,62,13,80,17,high,not enough support,1
7194,AI,India,desktop,158,29,89,20,low,platform is good but i am losing interest,0
7195,Web Development,Canada,desktop,40,13,20,26,low,platform is good but i am losing interest,0
7196,,Germany,tablet,40,22,50,24,low,,0
7197,Cyber Security,USA,tablet,102,29,75,19,medium,initially motivated but now skipping videos,0
7198,AI,Canada,mobile,15,21,79,23,,initially motivated but now skipping videos,0
7199,Python,Germany,desktop,124,12,51,2,high,lectures are boring and repetitive,0
7200,Data Science,India,,131,0,62,21,low,i stopped understanding after few lessons,1
7201,Data Science,Canada,tablet,24,14,83,7,,lectures are boring and repetitive,1
7202,Python,,tablet,169,24,53,13,medium,need more examples and practice,0
7203,,Germany,tablet,48,19,9,24,high,initially motivated but now skipping videos,0
7204,Data Science,Canada,tablet,48,6,86,13,,need more examples and practice,1
7205,Data Science,India,mobile,47,15,118,28,medium,need more examples and practice,0
7206,Python,Canada,desktop,105,19,110,6,high,too fast pace for beginners,0
7207,,Canada,tablet,113,22,93,5,high,lectures are boring and repetitive,0
7208,,,desktop,8,20,58,26,medium,i was enjoying the course but now feeling lost,0
7209,Python,Germany,,18,0,7,5,low,initially motivated but now skipping videos,0
7210,,UK,,108,14,50,11,high,great start but later became difficult,1
7211,,Canada,,84,19,4,21,high,initially motivated but now skipping videos,0
7212,AI,UK,,151,14,75,14,low,too fast pace for beginners,0
7213,AI,USA,desktop,65,18,41,25,,content is good but explanations are confusing,0
7214,Python,Canada,,109,5,117,24,high,content is good but explanations are confusing,0
7215,Web Development,UK,,46,5,77,18,,platform is good but i am losing interest,0
7216,Data Science,USA,tablet,66,0,117,3,low,content is good but explanations are confusing,1
7217,AI,,tablet,80,29,11,2,high,great start but later became difficult,0
7218,Data Science,Germany,tablet,150,29,23,12,low,platform is good but i am losing interest,1
7219,Cyber Security,Canada,mobile,140,15,44,24,high,too fast pace for beginners,1
7220,Python,Germany,tablet,147,26,52,15,high,great start but later became difficult,1
7221,Web Development,USA,,150,17,52,12,high,i was enjoying the course but now feeling lost,0
7222,Cyber Security,Germany,desktop,106,12,16,29,low,lectures are boring and repetitive,0
7223,Cyber Security,Germany,,126,11,64,20,high,,0
7224,,India,desktop,179,17,117,29,,content is good but explanations are confusing,0
7225,Cyber Security,USA,,176,27,105,9,medium,not enough support,0
7226,Python,Germany,mobile,145,9,57,12,medium,i was enjoying the course but now feeling lost,1
7227,AI,UK,tablet,13,13,36,7,medium,initially motivated but now skipping videos,1
7228,Python,USA,,28,19,74,11,,lectures are boring and repetitive,0
7229,AI,India,tablet,123,28,41,7,high,,1
7230,Cyber Security,Canada,mobile,67,24,69,8,low,content is good but explanations are confusing,0
7231,Cyber Security,,mobile,5,10,78,9,low,i stopped understanding after few lessons,0
7232,Web Development,Germany,tablet,100,17,104,6,high,too fast pace for beginners,0
7233,AI,UK,tablet,143,26,39,2,,i was enjoying the course but now feeling lost,0
7234,Cyber Security,India,desktop,81,23,22,4,medium,i was enjoying the course but now feeling lost,0
7235,,USA,tablet,44,26,22,2,,too fast pace for beginners,0
7236,Data Science,,tablet,119,11,101,17,,content is good but explanations are confusing,0
7237,Web Development,,desktop,46,16,101,18,low,content is good but explanations are confusing,0
7238,Python,Germany,,157,27,48,27,high,not enough support,0
7239,Web Development,India,desktop,68,23,75,9,low,initially motivated but now skipping videos,0
7240,Data Science,India,,128,2,6,8,medium,initially motivated but now skipping videos,0
7241,AI,UK,,49,29,36,24,medium,great start but later became difficult,0
7242,Python,Canada,,171,20,15,23,low,initially motivated but now skipping videos,0
7243,Python,Canada,desktop,102,0,118,6,high,too fast pace for beginners,0
7244,AI,Canada,desktop,77,0,37,0,high,not enough support,0
7245,Web Development,,mobile,20,5,103,24,,lectures are boring and repetitive,0
7246,Cyber Security,,,111,18,98,9,,too fast pace for beginners,1
7247,Web Development,USA,desktop,146,23,39,1,low,need more examples and practice,0
7248,Data Science,,mobile,177,3,28,5,medium,lectures are boring and repetitive,0
7249,,,,115,21,102,25,high,great start but later became difficult,0
7250,Cyber Security,India,desktop,170,12,16,20,low,too fast pace for beginners,0
7251,Web Development,USA,desktop,12,25,114,5,low,,1
7252,,India,desktop,79,11,89,23,medium,great start but later became difficult,0
7253,,UK,tablet,119,24,19,7,,platform is good but i am losing interest,0
7254,AI,UK,mobile,36,29,109,25,medium,need more examples and practice,0
7255,Data Science,USA,desktop,8,7,24,17,,,0
7256,Data Science,USA,tablet,28,19,59,6,,content is good but explanations are confusing,1
7257,Data Science,,mobile,116,25,37,17,high,not enough support,0
7258,Cyber Security,UK,mobile,86,23,62,0,high,not enough support,0
7259,Python,Germany,tablet,49,6,38,27,,content is good but explanations are confusing,0
7260,Cyber Security,Canada,mobile,166,20,63,23,,great start but later became difficult,0
7261,Web Development,,tablet,80,6,100,24,high,not enough support,0
7262,,Canada,,5,6,82,13,,i stopped understanding after few lessons,1
7263,,UK,desktop,46,13,20,22,,platform is good but i am losing interest,0
7264,Python,Canada,tablet,98,28,31,19,,lectures are boring and repetitive,0
7265,Web Development,Germany,mobile,102,25,27,6,medium,platform is good but i am losing interest,0
7266,Python,Germany,mobile,2,17,102,19,low,,1
7267,,India,,25,22,104,6,,too fast pace for beginners,0
7268,Cyber Security,USA,,1,18,11,3,high,lectures are boring and repetitive,0
7269,Data Science,Canada,,168,23,110,29,,lectures are boring and repetitive,0
7270,,Germany,,68,23,78,29,,need more examples and practice,0
7271,AI,USA,,69,24,91,24,high,great start but later became difficult,1
7272,Data Science,USA,desktop,16,26,119,4,high,too fast pace for beginners,0
7273,,India,tablet,18,19,84,22,,i was enjoying the course but now feeling lost,0
7274,Cyber Security,USA,,107,25,79,26,low,content is good but explanations are confusing,1
7275,Python,USA,,17,18,22,23,high,,0
7276,Data Science,,desktop,125,24,115,20,high,not enough support,1
7277,Cyber Security,UK,tablet,82,24,89,0,medium,content is good but explanations are confusing,0
7278,Web Development,India,,4,17,14,19,,i was enjoying the course but now feeling lost,0
7279,AI,India,tablet,115,5,100,2,medium,i stopped understanding after few lessons,0
7280,Data Science,Canada,tablet,95,15,11,12,medium,lectures are boring and repetitive,1
7281,Python,USA,desktop,95,2,3,6,low,i stopped understanding after few lessons,0
7282,Web Development,Canada,desktop,137,20,34,5,,i stopped understanding after few lessons,0
7283,Cyber Security,,,31,1,94,5,,,0
7284,AI,Germany,mobile,133,14,60,1,medium,platform is good but i am losing interest,0
7285,Python,USA,desktop,16,19,26,15,high,content is good but explanations are confusing,0
7286,Cyber Security,Germany,tablet,42,10,95,5,high,i was enjoying the course but now feeling lost,0
7287,Cyber Security,UK,tablet,169,18,32,7,,great start but later became difficult,0
7288,Data Science,,,30,17,12,20,low,initially motivated but now skipping videos,0
7289,Data Science,USA,,26,21,36,24,low,initially motivated but now skipping videos,0
7290,Python,Canada,,177,10,43,10,,content is good but explanations are confusing,0
7291,,Canada,tablet,31,2,1,17,high,lectures are boring and repetitive,0
7292,,USA,desktop,50,3,37,22,low,initially motivated but now skipping videos,0
7293,Cyber Security,Canada,mobile,143,5,36,5,,initially motivated but now skipping videos,0
7294,Data Science,USA,desktop,52,11,58,13,,lectures are boring and repetitive,0
7295,AI,India,mobile,166,28,113,14,high,content is good but explanations are confusing,0
7296,AI,Canada,desktop,38,27,119,10,medium,initially motivated but now skipping videos,1
7297,Cyber Security,USA,,20,20,68,26,high,,0
7298,Data Science,USA,tablet,99,3,17,14,low,i was enjoying the course but now feeling lost,0
7299,Python,Canada,mobile,44,28,47,12,medium,need more examples and practice,1
7300,Python,India,desktop,111,29,80,5,high,i was enjoying the course but now feeling lost,0
7301,Python,Canada,tablet,89,11,65,3,low,great start but later became difficult,0
7302,AI,USA,mobile,63,3,48,13,low,lectures are boring and repetitive,1
7303,Data Science,India,mobile,118,1,105,12,medium,need more examples and practice,0
7304,Data Science,Germany,tablet,178,11,57,9,high,initially motivated but now skipping videos,1
7305,AI,UK,,150,12,34,24,high,,0
7306,Python,Canada,tablet,72,25,77,21,low,lectures are boring and repetitive,1
7307,Python,,,54,28,114,28,,i stopped understanding after few lessons,0
7308,Cyber Security,USA,desktop,137,15,75,11,,not enough support,1
7309,,India,desktop,143,3,57,23,medium,not enough support,0
7310,Web Development,India,tablet,48,27,96,7,high,i was enjoying the course but now feeling lost,0
7311,,Germany,,148,7,6,19,,,1
7312,Data Science,Canada,desktop,163,4,102,4,medium,great start but later became difficult,0
7313,Data Science,,,101,29,108,1,low,content is good but explanations are confusing,1
7314,Data Science,India,,60,13,8,19,,i was enjoying the course but now feeling lost,0
7315,,Germany,,98,14,68,11,high,i was enjoying the course but now feeling lost,1
7316,Web Development,USA,tablet,162,29,3,5,low,i was enjoying the course but now feeling lost,0
7317,Cyber Security,Germany,,100,10,31,29,high,content is good but explanations are confusing,1
7318,,Canada,tablet,99,9,4,14,low,i was enjoying the course but now feeling lost,0
7319,Web Development,Germany,desktop,73,9,55,17,high,i stopped understanding after few lessons,0
7320,Python,India,desktop,119,23,55,17,medium,not enough support,0
7321,Python,India,mobile,128,5,115,9,high,not enough support,1
7322,Data Science,UK,mobile,140,15,43,6,high,,1
7323,AI,Germany,desktop,88,27,71,9,low,great start but later became difficult,1
7324,Data Science,USA,,105,25,12,4,high,not enough support,0
7325,AI,,,19,20,3,15,high,too fast pace for beginners,0
7326,Web Development,,desktop,80,3,51,28,high,platform is good but i am losing interest,0
7327,Python,Canada,desktop,26,25,74,18,low,content is good but explanations are confusing,0
7328,,UK,mobile,151,8,14,2,,content is good but explanations are confusing,0
7329,AI,Germany,,121,9,119,6,,great start but later became difficult,0
7330,Web Development,USA,desktop,33,29,109,18,,platform is good but i am losing interest,0
7331,Python,UK,mobile,106,4,81,11,high,lectures are boring and repetitive,0
7332,,India,mobile,30,9,83,9,medium,,0
7333,AI,Canada,,151,15,0,4,medium,i was enjoying the course but now feeling lost,0
7334,Data Science,Germany,mobile,126,10,64,28,low,lectures are boring and repetitive,1
7335,Data Science,,mobile,36,5,10,1,,i stopped understanding after few lessons,1
7336,Data Science,USA,tablet,125,6,92,2,high,initially motivated but now skipping videos,1
7337,Web Development,India,desktop,124,26,60,13,low,i stopped understanding after few lessons,0
7338,Data Science,UK,,171,11,92,14,high,too fast pace for beginners,1
7339,Cyber Security,Canada,desktop,118,26,87,19,low,content is good but explanations are confusing,0
7340,Python,UK,tablet,123,12,83,12,,content is good but explanations are confusing,1
7341,Web Development,,,37,16,93,16,high,not enough support,1
7342,,UK,desktop,61,8,62,19,,,0
7343,Data Science,USA,mobile,96,27,37,3,,i stopped understanding after few lessons,1
7344,Python,India,,120,7,68,18,high,too fast pace for beginners,0
7345,AI,Germany,tablet,12,27,44,25,,,0
7346,Data Science,USA,mobile,122,26,73,14,low,lectures are boring and repetitive,0
7347,Python,,tablet,35,15,69,14,low,not enough support,0
7348,Cyber Security,Canada,mobile,67,20,67,8,low,too fast pace for beginners,1
7349,AI,,desktop,38,2,3,2,,too fast pace for beginners,1
7350,Cyber Security,,desktop,24,4,70,1,high,i stopped understanding after few lessons,0
7351,,UK,desktop,81,20,47,6,,initially motivated but now skipping videos,1
7352,Python,Canada,tablet,168,24,96,8,,,1
7353,Cyber Security,USA,,72,22,8,21,low,platform is good but i am losing interest,0
7354,,,desktop,79,12,89,29,high,,0
7355,Python,USA,tablet,114,17,114,4,medium,initially motivated but now skipping videos,1
7356,Python,Germany,mobile,45,20,115,16,medium,i was enjoying the course but now feeling lost,0
7357,Cyber Security,UK,desktop,125,15,46,2,high,platform is good but i am losing interest,1
7358,Python,USA,mobile,96,24,104,8,high,content is good but explanations are confusing,1
7359,Data Science,Canada,desktop,13,13,84,7,low,i stopped understanding after few lessons,0
7360,Python,,mobile,110,10,59,8,high,not enough support,0
7361,Web Development,Germany,tablet,6,28,51,23,high,lectures are boring and repetitive,0
7362,,Canada,desktop,97,17,85,16,,platform is good but i am losing interest,0
7363,Python,UK,tablet,71,7,32,23,,content is good but explanations are confusing,1
7364,Web Development,Germany,tablet,47,11,57,7,medium,platform is good but i am losing interest,0
7365,Python,Germany,mobile,93,18,96,20,low,platform is good but i am losing interest,0
7366,Python,Germany,desktop,101,19,47,13,low,i was enjoying the course but now feeling lost,0
7367,Cyber Security,,,44,1,4,21,high,,0
7368,Data Science,India,,32,8,84,15,low,lectures are boring and repetitive,0
7369,,Germany,tablet,3,21,26,17,medium,lectures are boring and repetitive,0
7370,Data Science,Canada,mobile,84,8,40,16,,platform is good but i am losing interest,0
7371,AI,Canada,mobile,166,13,0,23,medium,lectures are boring and repetitive,0
7372,Cyber Security,UK,mobile,4,14,50,6,medium,content is good but explanations are confusing,1
7373,Cyber Security,USA,desktop,145,10,15,19,high,need more examples and practice,1
7374,Data Science,USA,desktop,165,28,98,14,,i was enjoying the course but now feeling lost,0
7375,Cyber Security,India,mobile,88,12,99,26,high,initially motivated but now skipping videos,0
7376,Data Science,,,106,23,107,27,medium,not enough support,0
7377,Cyber Security,,,105,27,31,6,medium,too fast pace for beginners,0
7378,Python,Germany,desktop,36,24,92,1,low,,0
7379,Data Science,India,mobile,58,4,102,26,low,lectures are boring and repetitive,0
7380,Data Science,UK,,169,5,46,1,low,initially motivated but now skipping videos,0
7381,Web Development,UK,,8,22,22,6,low,not enough support,0
7382,Cyber Security,USA,desktop,158,4,14,18,medium,i stopped understanding after few lessons,0
7383,Cyber Security,UK,desktop,86,0,25,5,low,too fast pace for beginners,0
7384,Data Science,Germany,,97,24,36,29,,i was enjoying the course but now feeling lost,0
7385,Python,Canada,mobile,153,17,88,27,medium,need more examples and practice,0
7386,Python,UK,,59,22,54,11,medium,,1
7387,,India,,30,27,1,14,,initially motivated but now skipping videos,0
7388,Python,Germany,mobile,101,23,75,12,high,need more examples and practice,1
7389,Cyber Security,UK,desktop,67,7,18,6,low,platform is good but i am losing interest,0
7390,Web Development,,mobile,132,16,31,6,medium,need more examples and practice,0
7391,Data Science,UK,mobile,93,25,86,14,,lectures are boring and repetitive,1
7392,AI,,mobile,63,22,68,25,high,not enough support,0
7393,Web Development,Germany,mobile,32,24,54,3,high,need more examples and practice,0
7394,AI,UK,desktop,87,10,88,2,,initially motivated but now skipping videos,0
7395,Web Development,,,51,29,98,0,medium,platform is good but i am losing interest,0
7396,Python,Canada,tablet,63,29,55,6,medium,lectures are boring and repetitive,0
7397,Cyber Security,USA,desktop,80,10,28,8,low,content is good but explanations are confusing,1
7398,AI,Germany,mobile,87,2,101,0,low,great start but later became difficult,0
7399,Web Development,,,110,7,108,4,,i was enjoying the course but now feeling lost,1
7400,Cyber Security,India,,101,7,83,14,,not enough support,1
7401,AI,UK,mobile,129,24,110,3,medium,i was enjoying the course but now feeling lost,1
7402,Data Science,,desktop,19,23,35,9,medium,need more examples and practice,0
7403,Web Development,,mobile,101,20,115,1,,initially motivated but now skipping videos,0
7404,Data Science,,,163,20,70,22,,,0
7405,Python,USA,,94,2,85,6,high,not enough support,1
7406,Data Science,India,desktop,81,27,81,28,high,platform is good but i am losing interest,0
7407,Data Science,India,tablet,103,21,52,23,high,lectures are boring and repetitive,1
7408,,Canada,mobile,113,9,84,18,high,i was enjoying the course but now feeling lost,0
7409,Web Development,USA,tablet,154,18,85,5,high,lectures are boring and repetitive,1
7410,Python,,,13,13,38,14,,i was enjoying the course but now feeling lost,0
7411,Data Science,Germany,tablet,118,17,75,19,low,initially motivated but now skipping videos,0
7412,Cyber Security,USA,mobile,86,22,10,11,,too fast pace for beginners,1
7413,AI,USA,mobile,23,25,119,10,high,not enough support,1
7414,Data Science,India,,107,2,75,2,,not enough support,1
7415,Python,Canada,desktop,163,28,89,19,medium,platform is good but i am losing interest,0
7416,Data Science,Canada,desktop,12,19,29,27,,i was enjoying the course but now feeling lost,1
7417,AI,USA,,137,13,78,16,,lectures are boring and repetitive,1
7418,Python,USA,mobile,78,10,71,6,low,too fast pace for beginners,1
7419,Web Development,UK,desktop,67,9,106,22,high,platform is good but i am losing interest,1
7420,Python,,tablet,108,23,52,22,high,content is good but explanations are confusing,1
7421,Web Development,India,,44,13,81,17,,,0
7422,Python,,tablet,149,0,73,16,,great start but later became difficult,1
7423,AI,Germany,mobile,7,15,7,15,high,platform is good but i am losing interest,0
7424,AI,Germany,desktop,128,24,101,24,medium,too fast pace for beginners,1
7425,Python,Canada,mobile,97,29,98,1,high,too fast pace for beginners,0
7426,Data Science,India,tablet,11,5,19,4,medium,too fast pace for beginners,0
7427,AI,,mobile,173,17,11,29,,i was enjoying the course but now feeling lost,0
7428,Web Development,Canada,mobile,160,15,112,20,,platform is good but i am losing interest,1
7429,Web Development,Germany,,106,18,66,12,medium,platform is good but i am losing interest,1
7430,Cyber Security,USA,,83,15,83,28,high,lectures are boring and repetitive,0
7431,,India,mobile,36,4,49,10,,platform is good but i am losing interest,0
7432,,India,,118,26,11,23,high,platform is good but i am losing interest,1
7433,,,mobile,165,11,53,0,,i was enjoying the course but now feeling lost,0
7434,Web Development,UK,tablet,41,5,87,26,low,too fast pace for beginners,1
7435,Cyber Security,,,92,24,79,22,low,too fast pace for beginners,1
7436,,USA,mobile,49,1,53,2,low,i was enjoying the course but now feeling lost,0
7437,,USA,,143,15,73,17,medium,lectures are boring and repetitive,1
7438,Python,Canada,mobile,141,20,18,20,high,i stopped understanding after few lessons,0
7439,Python,India,,53,22,104,3,low,need more examples and practice,0
7440,Python,Canada,desktop,107,10,13,28,medium,lectures are boring and repetitive,0
7441,Data Science,USA,mobile,33,11,51,8,low,i stopped understanding after few lessons,1
7442,,UK,desktop,119,10,77,10,,initially motivated but now skipping videos,1
7443,Data Science,India,mobile,32,22,21,16,low,content is good but explanations are confusing,1
7444,Cyber Security,USA,desktop,118,19,3,10,high,not enough support,0
7445,Web Development,UK,mobile,176,18,110,2,high,i was enjoying the course but now feeling lost,0
7446,,,,62,28,115,18,medium,great start but later became difficult,0
7447,Web Development,Germany,desktop,82,7,58,19,high,not enough support,0
7448,Python,USA,,130,28,33,22,low,too fast pace for beginners,1
7449,,Germany,mobile,77,17,63,20,,too fast pace for beginners,0
7450,AI,Canada,,16,4,17,10,,lectures are boring and repetitive,0
7451,Data Science,Germany,mobile,123,11,97,25,medium,too fast pace for beginners,0
7452,Data Science,USA,,8,9,81,13,,great start but later became difficult,0
7453,,Germany,desktop,147,14,103,5,medium,great start but later became difficult,0
7454,Python,India,mobile,160,4,30,18,medium,initially motivated but now skipping videos,1
7455,Data Science,USA,,67,16,105,20,medium,i was enjoying the course but now feeling lost,1
7456,Python,UK,mobile,115,22,83,28,high,platform is good but i am losing interest,1
7457,Cyber Security,Germany,mobile,113,3,99,14,low,content is good but explanations are confusing,0
7458,Web Development,India,mobile,32,25,41,27,high,i stopped understanding after few lessons,0
7459,AI,Canada,tablet,105,11,73,10,,not enough support,0
7460,Web Development,Canada,mobile,25,17,2,17,high,not enough support,1
7461,Web Development,Germany,,53,7,84,3,medium,content is good but explanations are confusing,1
7462,Cyber Security,Canada,tablet,81,19,99,27,high,i was enjoying the course but now feeling lost,1
7463,Data Science,UK,,25,16,54,18,high,i was enjoying the course but now feeling lost,0
7464,AI,USA,tablet,33,7,9,2,,i was enjoying the course but now feeling lost,1
7465,Data Science,India,mobile,31,12,70,11,low,great start but later became difficult,0
7466,,,desktop,36,26,21,3,medium,,1
7467,Web Development,Germany,desktop,87,22,22,23,high,platform is good but i am losing interest,0
7468,,Canada,mobile,123,2,75,11,,i was enjoying the course but now feeling lost,1
7469,Python,USA,tablet,177,2,102,23,,not enough support,0
7470,Web Development,,,44,6,12,0,medium,lectures are boring and repetitive,1
7471,Data Science,UK,desktop,48,17,39,27,,,0
7472,Web Development,Canada,mobile,158,20,12,15,low,initially motivated but now skipping videos,1
7473,Python,Canada,mobile,13,6,96,20,,too fast pace for beginners,0
7474,Cyber Security,India,tablet,171,21,94,29,high,content is good but explanations are confusing,1
7475,,UK,desktop,144,25,111,1,low,content is good but explanations are confusing,1
7476,,UK,mobile,91,22,50,25,low,content is good but explanations are confusing,1
7477,Data Science,Germany,desktop,154,1,63,21,,great start but later became difficult,1
7478,Web Development,,,175,6,91,2,medium,i stopped understanding after few lessons,0
7479,Data Science,India,mobile,165,1,82,27,medium,great start but later became difficult,1
7480,Cyber Security,Germany,mobile,131,6,84,15,medium,not enough support,0
7481,Web Development,India,,154,13,95,25,high,i was enjoying the course but now feeling lost,0
7482,Web Development,UK,mobile,143,14,89,9,,not enough support,1
7483,Data Science,India,tablet,66,15,12,28,medium,i stopped understanding after few lessons,1
7484,Data Science,India,,28,23,28,28,high,platform is good but i am losing interest,1
7485,Python,India,tablet,125,25,70,8,low,great start but later became difficult,0
7486,Cyber Security,USA,,166,7,46,13,medium,not enough support,1
7487,Python,USA,,172,15,25,24,low,lectures are boring and repetitive,0
7488,,,tablet,80,20,69,7,medium,great start but later became difficult,0
7489,Web Development,,,132,6,95,1,,content is good but explanations are confusing,1
7490,Data Science,UK,desktop,72,10,99,10,low,i was enjoying the course but now feeling lost,1
7491,Web Development,India,tablet,44,23,117,1,,not enough support,1
7492,Web Development,UK,,119,3,22,26,high,platform is good but i am losing interest,0
7493,AI,USA,tablet,46,17,115,14,low,content is good but explanations are confusing,0
7494,,India,,84,22,74,17,high,content is good but explanations are confusing,0
7495,AI,Germany,,26,12,55,4,medium,too fast pace for beginners,0
7496,Web Development,USA,desktop,96,16,84,27,medium,too fast pace for beginners,1
7497,Data Science,USA,desktop,13,11,18,25,medium,too fast pace for beginners,1
7498,Web Development,USA,desktop,125,17,97,24,high,i stopped understanding after few lessons,0
7499,,India,,69,9,112,6,medium,,1
7500,AI,,desktop,172,6,110,22,,i was enjoying the course but now feeling lost,0
7501,Data Science,Canada,tablet,51,11,115,18,high,,0
7502,Web Development,Germany,,13,11,49,18,high,i was enjoying the course but now feeling lost,1
7503,Cyber Security,Germany,tablet,169,25,107,25,low,i stopped understanding after few lessons,1
7504,,UK,desktop,139,12,34,15,medium,i was enjoying the course but now feeling lost,0
7505,,India,,165,0,48,18,low,i stopped understanding after few lessons,1
7506,Cyber Security,,tablet,60,6,94,16,high,content is good but explanations are confusing,0
7507,Web Development,USA,mobile,32,15,45,12,low,great start but later became difficult,0
7508,,Canada,tablet,173,15,92,27,,lectures are boring and repetitive,0
7509,Data Science,India,,18,20,69,7,medium,content is good but explanations are confusing,0
7510,Web Development,India,mobile,93,15,99,27,high,content is good but explanations are confusing,1
7511,Web Development,,desktop,148,15,52,10,low,i was enjoying the course but now feeling lost,0
7512,AI,Canada,desktop,44,13,30,17,medium,i stopped understanding after few lessons,0
7513,,USA,tablet,164,10,95,10,,content is good but explanations are confusing,0
7514,,India,desktop,37,18,103,22,medium,initially motivated but now skipping videos,0
7515,Cyber Security,Germany,tablet,161,10,83,8,low,i stopped understanding after few lessons,1
7516,AI,Germany,tablet,127,1,21,13,,i was enjoying the course but now feeling lost,0
7517,AI,Canada,tablet,19,6,66,1,high,initially motivated but now skipping videos,0
7518,,USA,tablet,179,8,7,28,,initially motivated but now skipping videos,1
7519,Web Development,Canada,,32,8,108,16,medium,initially motivated but now skipping videos,0
7520,AI,India,,106,13,18,20,high,content is good but explanations are confusing,0
7521,Cyber Security,Germany,mobile,22,25,30,15,medium,i stopped understanding after few lessons,0
7522,AI,UK,mobile,122,9,31,25,high,initially motivated but now skipping videos,1
7523,Cyber Security,Canada,desktop,129,15,78,4,,,0
7524,AI,UK,,54,23,54,0,high,,0
7525,Cyber Security,UK,mobile,148,17,102,8,medium,lectures are boring and repetitive,0
7526,AI,,,58,0,30,2,low,great start but later became difficult,0
7527,AI,Germany,,163,23,66,13,low,not enough support,1
7528,Data Science,Canada,desktop,70,1,50,17,low,,0
7529,Cyber Security,UK,desktop,63,19,95,11,high,too fast pace for beginners,0
7530,Cyber Security,India,tablet,3,27,73,22,low,too fast pace for beginners,0
7531,Cyber Security,,,99,3,91,13,low,not enough support,0
7532,Python,USA,tablet,45,1,26,27,medium,content is good but explanations are confusing,0
7533,AI,,tablet,143,3,47,15,,platform is good but i am losing interest,0
7534,Cyber Security,USA,tablet,17,22,109,4,high,i was enjoying the course but now feeling lost,0
7535,,Germany,,143,5,103,19,low,too fast pace for beginners,1
7536,Python,Canada,,5,25,42,19,medium,too fast pace for beginners,0
7537,Data Science,Canada,tablet,174,21,94,14,high,need more examples and practice,1
7538,Cyber Security,USA,,11,3,50,8,medium,lectures are boring and repetitive,1
7539,Cyber Security,India,tablet,92,17,97,24,,too fast pace for beginners,1
7540,Python,USA,mobile,142,4,68,16,low,i was enjoying the course but now feeling lost,1
7541,AI,USA,,39,10,74,11,high,too fast pace for beginners,1
7542,,Canada,desktop,42,12,70,12,high,i stopped understanding after few lessons,1
7543,Data Science,UK,desktop,94,2,71,9,low,i was enjoying the course but now feeling lost,0
7544,Cyber Security,India,tablet,5,18,80,6,medium,too fast pace for beginners,0
7545,AI,Canada,mobile,52,19,107,26,,i stopped understanding after few lessons,0
7546,,,,150,10,49,23,high,great start but later became difficult,0
7547,,USA,tablet,44,10,60,20,high,i stopped understanding after few lessons,0
7548,Data Science,UK,mobile,115,20,102,6,,i was enjoying the course but now feeling lost,1
7549,Web Development,India,mobile,153,26,40,7,high,platform is good but i am losing interest,1
7550,,Germany,,127,1,50,23,,lectures are boring and repetitive,0
7551,Web Development,India,desktop,116,21,77,14,low,platform is good but i am losing interest,0
7552,,India,desktop,149,14,23,24,,great start but later became difficult,0
7553,Data Science,USA,mobile,68,21,29,20,,i stopped understanding after few lessons,0
7554,Python,USA,desktop,47,7,114,17,medium,i was enjoying the course but now feeling lost,0
7555,Data Science,Germany,mobile,127,1,51,21,,great start but later became difficult,1
7556,Data Science,Germany,mobile,35,7,49,0,low,platform is good but i am losing interest,1
7557,Python,Germany,mobile,7,23,56,9,high,lectures are boring and repetitive,0
7558,Python,Canada,desktop,116,19,61,21,medium,i was enjoying the course but now feeling lost,0
7559,AI,Canada,tablet,52,22,78,18,,platform is good but i am losing interest,1
7560,,USA,desktop,110,14,116,28,medium,great start but later became difficult,1
7561,AI,USA,tablet,46,15,52,2,low,i was enjoying the course but now feeling lost,0
7562,Python,Germany,desktop,137,12,67,6,low,i stopped understanding after few lessons,1
7563,Web Development,Canada,,23,22,76,3,high,initially motivated but now skipping videos,0
7564,Web Development,UK,,131,16,68,4,low,content is good but explanations are confusing,0
7565,Data Science,Canada,desktop,127,13,30,5,low,too fast pace for beginners,1
7566,Cyber Security,USA,,9,28,75,27,,content is good but explanations are confusing,1
7567,Data Science,Canada,,53,13,29,9,low,i stopped understanding after few lessons,0
7568,Data Science,USA,,177,0,112,11,low,great start but later became difficult,0
7569,Cyber Security,Germany,,48,23,9,13,low,initially motivated but now skipping videos,0
7570,,Germany,tablet,123,26,93,21,high,great start but later became difficult,0
7571,Python,Germany,mobile,82,0,89,1,,i was enjoying the course but now feeling lost,0
7572,Web Development,UK,tablet,109,2,43,2,,too fast pace for beginners,0
7573,Data Science,UK,mobile,7,21,5,0,medium,content is good but explanations are confusing,1
7574,Cyber Security,USA,mobile,99,23,26,2,low,i was enjoying the course but now feeling lost,0
7575,AI,India,desktop,31,14,19,23,medium,initially motivated but now skipping videos,0
7576,Data Science,,desktop,102,4,91,14,medium,too fast pace for beginners,0
7577,Web Development,UK,desktop,56,4,19,15,low,need more examples and practice,1
7578,Python,USA,desktop,99,3,11,19,,initially motivated but now skipping videos,1
7579,Data Science,Canada,desktop,5,13,108,1,low,initially motivated but now skipping videos,1
7580,Data Science,Germany,tablet,30,19,84,19,medium,great start but later became difficult,1
7581,,Germany,tablet,22,6,93,15,high,need more examples and practice,0
7582,Cyber Security,Germany,,145,21,48,29,medium,i was enjoying the course but now feeling lost,0
7583,AI,USA,tablet,138,23,51,14,,initially motivated but now skipping videos,1
7584,AI,Germany,tablet,170,14,9,6,high,platform is good but i am losing interest,1
7585,Python,UK,desktop,27,10,114,24,medium,,0
7586,Web Development,Canada,,127,13,4,4,low,platform is good but i am losing interest,0
7587,Python,Germany,tablet,135,5,63,28,,great start but later became difficult,0
7588,Data Science,USA,tablet,23,26,57,4,high,i stopped understanding after few lessons,0
7589,Data Science,Canada,,75,9,100,27,,content is good but explanations are confusing,1
7590,AI,Germany,mobile,117,6,7,20,medium,initially motivated but now skipping videos,0
7591,Web Development,India,desktop,136,9,29,25,,i stopped understanding after few lessons,0
7592,Cyber Security,Germany,tablet,8,13,16,8,high,i was enjoying the course but now feeling lost,0
7593,Web Development,,tablet,101,25,66,22,low,great start but later became difficult,1
7594,Data Science,UK,,5,4,20,13,high,too fast pace for beginners,0
7595,Cyber Security,Canada,tablet,86,21,15,18,,lectures are boring and repetitive,0
7596,Web Development,UK,desktop,130,0,95,29,low,initially motivated but now skipping videos,0
7597,Web Development,India,tablet,179,18,26,17,low,i stopped understanding after few lessons,1
7598,Cyber Security,India,mobile,12,27,114,8,,too fast pace for beginners,0
7599,Data Science,,desktop,47,7,5,2,high,platform is good but i am losing interest,0
7600,Web Development,UK,mobile,26,18,41,28,low,initially motivated but now skipping videos,0
7601,Cyber Security,Canada,,102,29,15,10,low,not enough support,1
7602,,India,desktop,120,16,44,23,,great start but later became difficult,0
7603,,India,tablet,173,18,2,14,low,i stopped understanding after few lessons,0
7604,Data Science,Germany,desktop,70,27,117,27,high,i was enjoying the course but now feeling lost,1
7605,Cyber Security,,desktop,2,15,39,3,low,content is good but explanations are confusing,1
7606,,USA,desktop,26,3,19,20,medium,not enough support,0
7607,Cyber Security,India,mobile,14,7,103,23,low,initially motivated but now skipping videos,0
7608,Web Development,Canada,,82,24,6,4,medium,need more examples and practice,0
7609,Data Science,Canada,desktop,102,3,58,25,high,need more examples and practice,1
7610,,Germany,tablet,32,12,10,17,medium,need more examples and practice,1
7611,Web Development,Canada,desktop,62,27,92,21,low,platform is good but i am losing interest,0
7612,Python,Germany,desktop,115,6,51,22,low,content is good but explanations are confusing,1
7613,Python,India,,30,0,2,11,,i stopped understanding after few lessons,0
7614,Data Science,India,tablet,141,8,20,0,,,0
7615,,India,tablet,168,26,52,25,low,not enough support,0
7616,,India,mobile,31,27,95,24,low,lectures are boring and repetitive,1
7617,,USA,tablet,37,3,29,21,low,lectures are boring and repetitive,1
7618,Cyber Security,,tablet,173,13,102,19,low,initially motivated but now skipping videos,1
7619,Web Development,,tablet,102,29,10,1,high,content is good but explanations are confusing,0
7620,,USA,desktop,128,8,80,8,low,need more examples and practice,1
7621,Web Development,India,mobile,86,29,24,21,medium,i was enjoying the course but now feeling lost,0
7622,Data Science,Canada,tablet,59,2,49,24,,i was enjoying the course but now feeling lost,1
7623,,Germany,tablet,28,14,88,17,medium,i was enjoying the course but now feeling lost,0
7624,Data Science,,tablet,122,26,8,4,medium,platform is good but i am losing interest,0
7625,,UK,desktop,61,28,44,21,high,initially motivated but now skipping videos,0
7626,Python,Germany,desktop,147,4,28,13,medium,content is good but explanations are confusing,0
7627,AI,UK,mobile,171,0,61,10,medium,,1
7628,Data Science,UK,,16,10,14,20,medium,i was enjoying the course but now feeling lost,0
7629,,India,mobile,69,18,18,21,,i stopped understanding after few lessons,0
7630,AI,UK,desktop,44,4,14,2,high,,0
7631,Data Science,India,tablet,113,21,38,8,medium,content is good but explanations are confusing,1
7632,Cyber Security,USA,tablet,138,28,34,1,medium,too fast pace for beginners,1
7633,,Canada,mobile,175,23,119,13,high,content is good but explanations are confusing,0
7634,Cyber Security,UK,tablet,19,16,103,27,low,need more examples and practice,0
7635,Python,Canada,desktop,84,18,12,1,medium,too fast pace for beginners,1
7636,,India,mobile,93,16,15,20,,content is good but explanations are confusing,0
7637,Python,UK,,179,4,66,26,,lectures are boring and repetitive,0
7638,AI,Germany,desktop,141,23,116,9,low,great start but later became difficult,0
7639,Data Science,USA,desktop,144,19,94,18,medium,platform is good but i am losing interest,0
7640,Web Development,,tablet,163,28,54,28,high,,0
7641,Python,USA,desktop,100,26,64,28,low,not enough support,0
7642,Web Development,UK,desktop,39,8,34,1,,i stopped understanding after few lessons,1
7643,Web Development,USA,,67,21,15,15,,initially motivated but now skipping videos,1
7644,Data Science,,tablet,73,5,0,5,high,,1
7645,AI,Germany,desktop,50,26,49,11,low,lectures are boring and repetitive,0
7646,Data Science,Canada,tablet,53,20,13,21,high,too fast pace for beginners,0
7647,,Germany,desktop,46,12,61,6,low,too fast pace for beginners,0
7648,Python,USA,,52,25,6,3,low,too fast pace for beginners,1
7649,Web Development,,tablet,124,20,22,7,low,initially motivated but now skipping videos,1
7650,Data Science,Canada,tablet,157,10,98,18,medium,,0
7651,Data Science,,,5,22,62,9,,lectures are boring and repetitive,0
7652,Data Science,Germany,mobile,74,23,28,0,,platform is good but i am losing interest,0
7653,Python,India,desktop,95,22,21,4,,platform is good but i am losing interest,0
7654,AI,India,desktop,75,0,79,5,low,initially motivated but now skipping videos,0
7655,Data Science,Canada,mobile,168,16,92,26,low,need more examples and practice,0
7656,Python,Canada,tablet,116,25,5,28,medium,great start but later became difficult,0
7657,Web Development,Canada,tablet,130,5,81,18,,i stopped understanding after few lessons,0
7658,,India,,68,2,28,17,,i was enjoying the course but now feeling lost,1
7659,Cyber Security,Germany,,80,15,88,18,medium,too fast pace for beginners,0
7660,Python,Canada,,105,12,108,18,,,0
7661,Cyber Security,India,mobile,69,11,119,22,high,not enough support,0
7662,Data Science,Canada,mobile,163,24,1,0,high,initially motivated but now skipping videos,0
7663,Data Science,Canada,tablet,142,10,107,26,medium,not enough support,1
7664,Python,,,143,22,63,19,,too fast pace for beginners,0
7665,Cyber Security,Canada,tablet,134,1,95,10,medium,,0
7666,Data Science,India,mobile,16,27,35,2,medium,i stopped understanding after few lessons,0
7667,Web Development,Germany,desktop,87,29,95,9,medium,platform is good but i am losing interest,0
7668,AI,India,tablet,124,18,104,26,,platform is good but i am losing interest,1
7669,AI,India,mobile,174,7,19,6,medium,,0
7670,Data Science,Canada,,140,12,54,16,,platform is good but i am losing interest,0
7671,Cyber Security,,desktop,41,13,36,23,high,platform is good but i am losing interest,0
7672,,UK,desktop,119,14,105,25,medium,i was enjoying the course but now feeling lost,0
7673,Data Science,UK,desktop,19,16,101,15,medium,platform is good but i am losing interest,0
7674,,UK,,76,14,96,6,,,0
7675,,India,desktop,109,20,51,12,high,,1
7676,Cyber Security,Canada,mobile,119,9,68,11,,content is good but explanations are confusing,0
7677,,UK,tablet,113,0,69,11,low,need more examples and practice,1
7678,Web Development,USA,desktop,2,11,21,7,,platform is good but i am losing interest,0
7679,Cyber Security,USA,desktop,20,8,84,7,high,need more examples and practice,0
7680,Data Science,USA,mobile,119,22,82,12,high,platform is good but i am losing interest,1
7681,Web Development,Germany,,95,4,106,10,medium,initially motivated but now skipping videos,1
7682,Python,Canada,desktop,137,21,14,24,,not enough support,0
7683,AI,India,mobile,21,26,97,0,,great start but later became difficult,0
7684,Data Science,India,mobile,8,14,46,24,low,,0
7685,Data Science,Canada,,167,2,70,16,high,too fast pace for beginners,0
7686,Data Science,,,165,18,80,18,,i stopped understanding after few lessons,1
7687,Web Development,,tablet,29,6,107,12,low,i stopped understanding after few lessons,0
7688,Python,Germany,desktop,35,6,107,22,,not enough support,1
7689,Cyber Security,Canada,tablet,38,6,68,14,high,i stopped understanding after few lessons,0
7690,Python,,mobile,90,1,51,28,medium,,0
7691,Web Development,Germany,desktop,163,1,38,23,,need more examples and practice,0
7692,Data Science,UK,mobile,68,26,1,11,high,content is good but explanations are confusing,1
7693,AI,UK,mobile,131,11,90,20,high,content is good but explanations are confusing,0
7694,Data Science,Germany,mobile,109,4,44,16,high,initially motivated but now skipping videos,1
7695,Cyber Security,Canada,,111,3,23,2,low,lectures are boring and repetitive,0
7696,,UK,,12,6,104,6,low,i stopped understanding after few lessons,0
7697,AI,Canada,desktop,32,15,60,1,medium,great start but later became difficult,0
7698,Data Science,,mobile,175,2,110,1,,not enough support,1
7699,AI,UK,mobile,63,20,91,24,low,i stopped understanding after few lessons,0
7700,,,desktop,154,1,110,5,low,need more examples and practice,0
7701,Python,Canada,tablet,43,16,64,3,low,content is good but explanations are confusing,0
7702,Web Development,Canada,mobile,107,8,52,15,,not enough support,0
7703,Data Science,USA,,172,28,115,14,medium,i stopped understanding after few lessons,0
7704,Cyber Security,Germany,tablet,38,19,20,9,medium,,1
7705,Python,India,tablet,29,7,91,13,medium,great start but later became difficult,1
7706,Data Science,Germany,tablet,55,28,66,8,,initially motivated but now skipping videos,0
7707,Python,Canada,tablet,52,11,93,14,,not enough support,1
7708,Cyber Security,Canada,tablet,115,6,0,6,medium,,1
7709,Data Science,Germany,tablet,19,13,58,6,high,content is good but explanations are confusing,0
7710,,Canada,desktop,35,27,114,7,,too fast pace for beginners,0
7711,,,desktop,48,15,115,18,,i stopped understanding after few lessons,1
7712,Cyber Security,UK,tablet,110,0,108,17,medium,initially motivated but now skipping videos,0
7713,AI,Canada,,31,9,46,16,medium,great start but later became difficult,0
7714,Cyber Security,Germany,desktop,3,10,108,17,high,too fast pace for beginners,1
7715,AI,Germany,desktop,163,6,17,18,high,platform is good but i am losing interest,0
7716,Data Science,Germany,tablet,88,17,112,20,low,not enough support,0
7717,AI,USA,,52,18,32,7,low,too fast pace for beginners,1
7718,Data Science,,tablet,71,13,14,12,medium,initially motivated but now skipping videos,0
7719,Data Science,,,51,16,23,26,low,initially motivated but now skipping videos,1
7720,Web Development,USA,,56,22,35,10,,great start but later became difficult,0
7721,Data Science,,mobile,99,18,59,28,high,lectures are boring and repetitive,0
7722,AI,USA,desktop,21,21,33,18,low,,0
7723,Web Development,,tablet,129,27,89,6,low,too fast pace for beginners,1
7724,Web Development,USA,desktop,108,12,50,26,medium,i was enjoying the course but now feeling lost,1
7725,Data Science,USA,desktop,53,22,39,26,high,lectures are boring and repetitive,1
7726,Cyber Security,,,6,2,21,4,high,,0
7727,Cyber Security,USA,desktop,82,1,15,4,low,lectures are boring and repetitive,0
7728,,,mobile,79,24,103,29,,i stopped understanding after few lessons,0
7729,Web Development,USA,tablet,47,8,41,7,,content is good but explanations are confusing,0
7730,Data Science,Germany,desktop,96,6,15,9,,platform is good but i am losing interest,0
7731,Cyber Security,India,tablet,106,13,4,4,,lectures are boring and repetitive,0
7732,Data Science,,desktop,178,4,114,25,,i was enjoying the course but now feeling lost,0
7733,Data Science,USA,tablet,82,19,5,14,low,need more examples and practice,0
7734,Web Development,Germany,tablet,31,14,41,22,,not enough support,0
7735,,India,tablet,157,19,87,15,low,great start but later became difficult,0
7736,Web Development,USA,desktop,143,0,29,28,medium,,0
7737,Python,India,mobile,58,19,100,27,low,,0
7738,Cyber Security,,tablet,23,6,31,9,,lectures are boring and repetitive,0
7739,Cyber Security,India,,166,29,52,23,low,,0
7740,Cyber Security,UK,,41,4,18,7,,,0
7741,AI,Canada,,15,24,50,18,medium,i was enjoying the course but now feeling lost,0
7742,Data Science,UK,mobile,87,3,108,3,,not enough support,0
7743,Web Development,,tablet,3,10,27,13,high,initially motivated but now skipping videos,1
7744,Cyber Security,,mobile,1,18,46,28,medium,i stopped understanding after few lessons,0
7745,Python,India,tablet,75,5,71,7,low,great start but later became difficult,0
7746,Cyber Security,Germany,mobile,139,19,106,20,low,content is good but explanations are confusing,0
7747,,USA,tablet,76,26,0,13,,i was enjoying the course but now feeling lost,0
7748,Data Science,Canada,,4,28,67,11,high,great start but later became difficult,0
7749,Data Science,USA,tablet,25,17,56,0,medium,need more examples and practice,0
7750,Web Development,Germany,mobile,171,4,21,22,low,initially motivated but now skipping videos,0
7751,AI,,tablet,94,29,85,18,,need more examples and practice,1
7752,Web Development,Canada,desktop,168,28,93,17,high,i stopped understanding after few lessons,1
7753,Cyber Security,UK,tablet,96,19,57,11,low,need more examples and practice,0
7754,,,,108,14,90,9,,,0
7755,Python,,tablet,99,20,90,20,,too fast pace for beginners,0
7756,Web Development,India,desktop,95,27,12,0,high,great start but later became difficult,0
7757,AI,Germany,desktop,100,24,38,13,low,lectures are boring and repetitive,1
7758,Web Development,India,desktop,91,19,26,8,,i was enjoying the course but now feeling lost,1
7759,Data Science,India,mobile,44,5,38,25,low,initially motivated but now skipping videos,0
7760,Cyber Security,USA,desktop,128,3,101,29,high,,1
7761,Cyber Security,,mobile,23,16,71,14,high,i stopped understanding after few lessons,0
7762,Cyber Security,Germany,desktop,23,14,11,20,low,lectures are boring and repetitive,0
7763,Cyber Security,India,mobile,55,17,23,21,high,platform is good but i am losing interest,0
7764,Cyber Security,UK,desktop,161,5,17,22,,i stopped understanding after few lessons,0
7765,Cyber Security,Canada,desktop,77,23,118,13,low,content is good but explanations are confusing,0
7766,Python,Germany,tablet,63,24,14,8,,need more examples and practice,0
7767,AI,USA,desktop,103,19,59,10,low,i was enjoying the course but now feeling lost,1
7768,Cyber Security,Germany,tablet,60,21,15,4,medium,lectures are boring and repetitive,1
7769,AI,,desktop,80,18,96,11,,i stopped understanding after few lessons,0
7770,,USA,desktop,95,11,73,15,,lectures are boring and repetitive,1
7771,Cyber Security,Canada,tablet,69,8,46,19,low,too fast pace for beginners,0
7772,Web Development,UK,tablet,114,7,23,27,low,platform is good but i am losing interest,0
7773,Cyber Security,India,mobile,104,27,44,2,,too fast pace for beginners,0
7774,Data Science,Germany,,108,14,18,4,high,too fast pace for beginners,0
7775,Python,USA,tablet,89,0,90,29,,initially motivated but now skipping videos,1
7776,Web Development,Canada,mobile,21,28,108,25,medium,great start but later became difficult,0
7777,Web Development,India,desktop,131,1,40,25,high,lectures are boring and repetitive,0
7778,Data Science,Canada,tablet,176,25,30,28,high,great start but later became difficult,0
7779,Cyber Security,UK,tablet,10,29,84,18,low,platform is good but i am losing interest,0
7780,Python,India,desktop,87,24,15,4,low,too fast pace for beginners,0
7781,Web Development,India,desktop,170,25,22,23,,initially motivated but now skipping videos,0
7782,Python,India,desktop,91,2,77,17,,initially motivated but now skipping videos,0
7783,Web Development,USA,desktop,174,29,22,28,low,too fast pace for beginners,0
7784,Cyber Security,India,,137,18,40,3,,,0
7785,,Canada,tablet,123,9,17,23,high,not enough support,1
7786,Web Development,USA,desktop,177,24,35,14,,platform is good but i am losing interest,0
7787,,India,desktop,4,13,11,29,high,platform is good but i am losing interest,1
7788,Web Development,Canada,,90,18,119,4,low,lectures are boring and repetitive,0
7789,AI,Canada,tablet,96,25,100,7,,initially motivated but now skipping videos,0
7790,Cyber Security,Germany,mobile,29,27,74,15,high,i stopped understanding after few lessons,0
7791,Data Science,Canada,tablet,86,10,68,21,medium,i stopped understanding after few lessons,0
7792,,,mobile,47,20,50,0,medium,initially motivated but now skipping videos,1
7793,Data Science,UK,,77,5,84,4,medium,content is good but explanations are confusing,0
7794,Cyber Security,India,desktop,87,18,31,25,high,need more examples and practice,0
7795,Data Science,India,,31,13,92,17,,great start but later became difficult,0
7796,Cyber Security,India,tablet,51,25,70,15,medium,great start but later became difficult,0
7797,Data Science,Canada,desktop,169,7,35,22,low,i was enjoying the course but now feeling lost,0
7798,,Canada,tablet,36,1,39,29,low,need more examples and practice,1
7799,AI,India,mobile,168,21,90,9,low,,0
7800,Data Science,,tablet,95,17,69,3,medium,i was enjoying the course but now feeling lost,0
7801,,USA,,15,24,37,17,medium,platform is good but i am losing interest,1
7802,Web Development,USA,,78,21,53,16,,lectures are boring and repetitive,1
7803,Cyber Security,UK,,158,24,3,20,high,need more examples and practice,0
7804,Python,Germany,desktop,158,29,45,26,low,i was enjoying the course but now feeling lost,0
7805,Python,UK,tablet,155,3,62,25,,lectures are boring and repetitive,1
7806,Cyber Security,India,desktop,40,27,98,12,high,i was enjoying the course but now feeling lost,1
7807,AI,India,tablet,45,2,73,7,medium,too fast pace for beginners,0
7808,Data Science,India,mobile,175,1,117,7,high,content is good but explanations are confusing,0
7809,AI,Germany,tablet,90,23,101,11,low,content is good but explanations are confusing,1
7810,Python,Canada,tablet,56,3,49,28,high,i stopped understanding after few lessons,0
7811,,Germany,tablet,54,17,29,25,high,great start but later became difficult,1
7812,Cyber Security,UK,tablet,85,10,105,17,medium,too fast pace for beginners,0
7813,Cyber Security,Canada,mobile,9,8,72,5,medium,great start but later became difficult,1
7814,AI,Canada,desktop,118,27,15,6,,platform is good but i am losing interest,0
7815,,UK,,65,7,51,25,medium,i stopped understanding after few lessons,0
7816,AI,Canada,tablet,108,20,3,16,medium,great start but later became difficult,0
7817,Data Science,USA,,129,7,25,4,low,i was enjoying the course but now feeling lost,0
7818,Web Development,UK,,141,4,28,21,low,content is good but explanations are confusing,1
7819,,UK,,38,12,91,22,high,need more examples and practice,1
7820,Web Development,USA,,173,6,10,26,low,too fast pace for beginners,0
7821,Data Science,Germany,tablet,105,20,91,24,,initially motivated but now skipping videos,0
7822,Web Development,Germany,,40,28,107,18,,need more examples and practice,0
7823,Python,Germany,tablet,143,4,95,7,high,initially motivated but now skipping videos,0
7824,Web Development,Canada,mobile,178,12,23,25,,i was enjoying the course but now feeling lost,0
7825,Data Science,USA,desktop,130,19,50,18,,content is good but explanations are confusing,0
7826,Web Development,UK,desktop,154,28,41,26,medium,not enough support,0
7827,Cyber Security,UK,tablet,75,15,38,24,high,,1
7828,AI,UK,tablet,33,29,6,7,,too fast pace for beginners,0
7829,Python,Canada,desktop,85,13,17,24,high,not enough support,0
7830,Cyber Security,Canada,,59,4,2,20,,content is good but explanations are confusing,1
7831,Cyber Security,,tablet,95,22,62,26,low,platform is good but i am losing interest,0
7832,Data Science,Germany,,26,18,107,24,high,initially motivated but now skipping videos,0
7833,AI,,tablet,103,3,109,28,low,i was enjoying the course but now feeling lost,0
7834,AI,,tablet,21,23,19,18,high,,0
7835,,Canada,mobile,177,21,97,6,low,,0
7836,Python,Germany,mobile,80,23,93,2,medium,,0
7837,Data Science,Germany,desktop,71,10,72,5,low,need more examples and practice,0
7838,Python,UK,mobile,66,1,73,7,,too fast pace for beginners,0
7839,,Canada,mobile,37,12,69,17,medium,,1
7840,Web Development,Germany,desktop,14,15,16,14,low,platform is good but i am losing interest,0
7841,Cyber Security,,,108,8,78,23,medium,platform is good but i am losing interest,0
7842,Python,USA,mobile,135,15,96,16,medium,lectures are boring and repetitive,0
7843,Cyber Security,USA,,166,6,119,3,,i stopped understanding after few lessons,1
7844,Data Science,Canada,desktop,173,15,58,6,low,platform is good but i am losing interest,1
7845,Web Development,UK,tablet,150,12,53,29,medium,,0
7846,Data Science,UK,,172,4,12,16,,platform is good but i am losing interest,1
7847,Web Development,Germany,desktop,81,26,41,21,high,content is good but explanations are confusing,0
7848,Web Development,Canada,,80,14,43,25,high,not enough support,0
7849,Cyber Security,USA,desktop,103,6,118,5,medium,lectures are boring and repetitive,0
7850,Data Science,,desktop,35,17,85,29,medium,,0
7851,Data Science,Germany,tablet,102,26,79,12,medium,i stopped understanding after few lessons,1
7852,Python,,,131,19,97,6,,too fast pace for beginners,1
7853,Data Science,Germany,tablet,118,22,66,8,,not enough support,0
7854,Python,India,tablet,95,1,71,22,low,lectures are boring and repetitive,0
7855,AI,,,55,7,19,18,high,,0
7856,AI,Canada,,9,29,46,19,medium,need more examples and practice,1
7857,AI,,desktop,69,9,23,12,medium,platform is good but i am losing interest,1
7858,,,,28,9,50,14,,platform is good but i am losing interest,0
7859,Data Science,Germany,desktop,143,10,17,16,,content is good but explanations are confusing,1
7860,,USA,desktop,113,20,22,4,low,need more examples and practice,0
7861,Data Science,India,desktop,31,28,0,22,high,,0
7862,Python,,desktop,59,20,114,18,medium,need more examples and practice,1
7863,,USA,desktop,82,7,65,5,,initially motivated but now skipping videos,0
7864,,UK,desktop,54,15,4,11,high,i stopped understanding after few lessons,0
7865,,India,,175,15,17,14,low,platform is good but i am losing interest,0
7866,Web Development,India,,42,28,79,14,high,i stopped understanding after few lessons,0
7867,Python,Germany,mobile,23,28,73,2,medium,not enough support,0
7868,AI,,,109,27,116,3,,i stopped understanding after few lessons,0
7869,Python,UK,tablet,86,16,92,4,medium,too fast pace for beginners,0
7870,Web Development,Germany,mobile,65,5,34,5,high,not enough support,0
7871,Data Science,Canada,,89,17,24,5,,too fast pace for beginners,0
7872,Python,USA,tablet,54,16,105,16,low,too fast pace for beginners,1
7873,,USA,,118,11,23,27,low,,0
7874,AI,Germany,desktop,105,14,12,7,,great start but later became difficult,0
7875,AI,USA,mobile,11,28,20,18,low,initially motivated but now skipping videos,1
7876,Data Science,,desktop,63,6,105,19,low,platform is good but i am losing interest,0
7877,Python,USA,mobile,22,27,106,23,,content is good but explanations are confusing,1
7878,Web Development,,mobile,117,13,38,20,medium,i stopped understanding after few lessons,0
7879,Data Science,Canada,desktop,164,29,33,21,high,content is good but explanations are confusing,1
7880,Python,UK,mobile,58,3,18,12,medium,,0
7881,Cyber Security,India,mobile,20,16,27,28,high,need more examples and practice,1
7882,AI,Germany,,144,25,90,14,high,i stopped understanding after few lessons,0
7883,Web Development,Germany,tablet,93,10,113,16,,i was enjoying the course but now feeling lost,1
7884,,,desktop,50,26,89,23,low,not enough support,1
7885,Web Development,Canada,,90,5,10,20,low,too fast pace for beginners,1
7886,,Canada,,104,9,48,16,high,great start but later became difficult,0
7887,Web Development,India,desktop,127,28,34,22,high,too fast pace for beginners,0
7888,AI,UK,mobile,113,27,83,1,,initially motivated but now skipping videos,0
7889,,Germany,desktop,74,14,75,27,high,content is good but explanations are confusing,0
7890,Python,,tablet,13,28,56,21,medium,need more examples and practice,1
7891,,Canada,tablet,15,5,27,29,high,i stopped understanding after few lessons,0
7892,Data Science,Germany,desktop,73,15,65,2,medium,i was enjoying the course but now feeling lost,1
7893,Python,,,27,11,64,21,,i stopped understanding after few lessons,0
7894,Data Science,USA,desktop,136,18,72,8,high,need more examples and practice,0
7895,Web Development,Germany,tablet,178,15,21,5,low,platform is good but i am losing interest,0
7896,Python,UK,desktop,88,13,119,0,,i was enjoying the course but now feeling lost,0
7897,Web Development,,mobile,154,5,50,21,high,lectures are boring and repetitive,0
7898,Cyber Security,UK,desktop,36,25,103,18,high,i stopped understanding after few lessons,0
7899,Web Development,Germany,,149,8,90,3,medium,,0
7900,Web Development,USA,mobile,52,21,8,12,high,need more examples and practice,1
7901,Data Science,UK,tablet,139,0,70,19,medium,i was enjoying the course but now feeling lost,0
7902,,Canada,desktop,8,25,35,24,medium,initially motivated but now skipping videos,1
7903,Cyber Security,,,57,21,53,7,low,i was enjoying the course but now feeling lost,1
7904,Web Development,Germany,,110,7,111,22,low,i stopped understanding after few lessons,0
7905,Web Development,USA,tablet,174,6,37,4,low,content is good but explanations are confusing,1
7906,Cyber Security,Canada,desktop,130,13,113,9,,not enough support,1
7907,Cyber Security,Germany,,64,7,65,26,low,platform is good but i am losing interest,0
7908,Python,USA,mobile,11,10,42,19,medium,content is good but explanations are confusing,0
7909,Data Science,Canada,desktop,134,27,4,28,high,i stopped understanding after few lessons,1
7910,Cyber Security,UK,tablet,96,23,80,18,medium,too fast pace for beginners,0
7911,Cyber Security,Germany,mobile,76,8,36,11,low,i was enjoying the course but now feeling lost,1
7912,AI,Germany,desktop,64,18,57,0,high,i was enjoying the course but now feeling lost,0
7913,,UK,,101,6,62,8,medium,content is good but explanations are confusing,0
7914,Cyber Security,India,tablet,93,5,98,23,high,need more examples and practice,0
7915,Data Science,Canada,tablet,44,17,50,15,medium,content is good but explanations are confusing,0
7916,,UK,desktop,142,4,71,16,high,i was enjoying the course but now feeling lost,1
7917,,Germany,tablet,83,18,42,17,high,lectures are boring and repetitive,0
7918,Web Development,Canada,mobile,133,10,66,13,low,i was enjoying the course but now feeling lost,0
7919,Web Development,Canada,desktop,99,4,66,16,,not enough support,0
7920,Web Development,India,mobile,25,29,64,0,low,platform is good but i am losing interest,0
7921,Web Development,Germany,tablet,178,26,61,29,high,lectures are boring and repetitive,1
7922,AI,USA,tablet,102,24,87,24,high,not enough support,0
7923,Cyber Security,India,tablet,73,29,108,20,low,lectures are boring and repetitive,1
7924,Web Development,India,mobile,122,23,62,14,medium,i was enjoying the course but now feeling lost,0
7925,Python,USA,tablet,71,24,29,18,high,great start but later became difficult,0
7926,Web Development,USA,desktop,117,8,105,1,medium,too fast pace for beginners,1
7927,Cyber Security,India,,82,26,89,27,low,i was enjoying the course but now feeling lost,0
7928,Web Development,Canada,desktop,130,23,37,29,,platform is good but i am losing interest,0
7929,AI,UK,,116,29,106,23,,need more examples and practice,0
7930,Data Science,UK,tablet,10,7,103,23,high,i stopped understanding after few lessons,0
7931,Data Science,India,desktop,130,10,50,13,medium,too fast pace for beginners,0
7932,Cyber Security,Canada,mobile,60,26,106,21,low,content is good but explanations are confusing,0
7933,Data Science,USA,,45,21,37,1,high,content is good but explanations are confusing,1
7934,Data Science,,mobile,136,5,107,26,,,1
7935,Python,India,,119,29,113,14,,too fast pace for beginners,0
7936,Cyber Security,Germany,tablet,7,14,66,0,medium,i was enjoying the course but now feeling lost,0
7937,Cyber Security,Canada,desktop,72,5,76,21,high,not enough support,1
7938,Data Science,Germany,,21,25,99,0,medium,great start but later became difficult,0
7939,Data Science,Germany,desktop,97,21,104,11,medium,content is good but explanations are confusing,0
7940,Data Science,India,,47,28,47,21,high,lectures are boring and repetitive,0
7941,,Canada,,1,29,11,14,low,lectures are boring and repetitive,0
7942,AI,Germany,tablet,140,10,19,25,,,0
7943,Web Development,Canada,,176,28,102,17,high,i stopped understanding after few lessons,1
7944,AI,UK,mobile,128,14,107,14,,i stopped understanding after few lessons,0
7945,Cyber Security,,,94,11,71,6,low,i was enjoying the course but now feeling lost,1
7946,Python,Germany,,132,8,116,11,,,0
7947,Web Development,Germany,,34,9,110,9,,lectures are boring and repetitive,1
7948,Python,Canada,tablet,87,28,1,1,medium,need more examples and practice,0
7949,,,desktop,32,14,74,1,medium,not enough support,1
7950,Cyber Security,UK,desktop,3,16,119,5,medium,i stopped understanding after few lessons,1
7951,,Germany,tablet,68,15,84,19,low,i was enjoying the course but now feeling lost,0
7952,Cyber Security,India,mobile,57,25,100,5,medium,i stopped understanding after few lessons,0
7953,Python,Canada,mobile,114,21,54,27,,content is good but explanations are confusing,0
7954,Python,Canada,tablet,152,7,5,23,,i stopped understanding after few lessons,1
7955,Python,Germany,desktop,33,16,82,26,,need more examples and practice,1
7956,Cyber Security,UK,mobile,131,10,93,9,high,too fast pace for beginners,0
7957,Data Science,Germany,tablet,132,10,109,2,,initially motivated but now skipping videos,0
7958,Python,USA,desktop,30,5,102,15,medium,not enough support,0
7959,,Germany,mobile,70,24,107,4,low,,0
7960,Web Development,,mobile,49,21,61,4,low,content is good but explanations are confusing,0
7961,Cyber Security,,tablet,30,29,48,9,,platform is good but i am losing interest,0
7962,,USA,desktop,82,1,99,24,,too fast pace for beginners,0
7963,AI,,mobile,144,0,83,22,high,i was enjoying the course but now feeling lost,1
7964,AI,,tablet,134,19,53,12,,great start but later became difficult,0
7965,Web Development,India,mobile,24,5,117,24,,,0
7966,Data Science,Canada,desktop,115,25,9,23,,initially motivated but now skipping videos,0
7967,Python,,,92,25,23,2,high,platform is good but i am losing interest,1
7968,Cyber Security,Canada,mobile,156,24,96,17,low,too fast pace for beginners,1
7969,,UK,desktop,21,4,28,18,,,0
7970,Python,Germany,mobile,8,22,118,5,low,i was enjoying the course but now feeling lost,1
7971,,India,,36,21,93,26,high,great start but later became difficult,1
7972,Cyber Security,USA,,124,21,99,27,high,need more examples and practice,1
7973,AI,UK,mobile,9,8,108,25,,,1
7974,Python,India,tablet,40,4,5,19,high,content is good but explanations are confusing,0
7975,Web Development,India,mobile,179,17,57,26,high,content is good but explanations are confusing,0
7976,Data Science,USA,desktop,129,23,110,0,low,platform is good but i am losing interest,1
7977,Web Development,USA,tablet,117,26,77,9,medium,i stopped understanding after few lessons,1
7978,Data Science,Canada,desktop,68,29,56,9,low,i was enjoying the course but now feeling lost,0
7979,,Germany,desktop,154,18,2,28,,platform is good but i am losing interest,0
7980,Python,UK,tablet,168,14,23,24,high,platform is good but i am losing interest,0
7981,Python,Germany,,3,29,18,21,,lectures are boring and repetitive,0
7982,Data Science,UK,desktop,108,14,101,0,low,lectures are boring and repetitive,0
7983,AI,India,mobile,122,8,97,18,high,platform is good but i am losing interest,0
7984,Cyber Security,,,9,13,8,10,,content is good but explanations are confusing,1
7985,Web Development,,,160,4,29,26,,platform is good but i am losing interest,1
7986,,USA,tablet,4,29,95,12,low,i stopped understanding after few lessons,1
7987,Web Development,USA,mobile,6,16,76,16,,i stopped understanding after few lessons,0
7988,Web Development,India,mobile,73,14,81,27,high,platform is good but i am losing interest,1
7989,,India,,26,19,43,24,,great start but later became difficult,0
7990,,UK,desktop,130,24,52,19,high,not enough support,0
7991,Python,India,desktop,114,16,85,17,,initially motivated but now skipping videos,1
7992,Web Development,UK,mobile,85,23,67,3,low,need more examples and practice,0
7993,Cyber Security,Germany,,86,23,59,14,high,i was enjoying the course but now feeling lost,0
7994,Cyber Security,USA,,131,24,22,1,,great start but later became difficult,1
7995,Data Science,USA,,35,8,60,5,medium,i stopped understanding after few lessons,1
7996,,,tablet,114,12,6,21,high,content is good but explanations are confusing,1
7997,Python,,mobile,59,21,43,26,high,content is good but explanations are confusing,0
7998,Cyber Security,USA,mobile,38,12,54,22,high,,0
7999,AI,Germany,desktop,33,4,74,8,medium,platform is good but i am losing interest,0
8000,Python,Germany,desktop,121,27,38,10,low,lectures are boring and repetitive,0
8001,Python,Canada,mobile,143,27,58,24,,,1
8002,Cyber Security,UK,mobile,100,13,105,19,medium,i stopped understanding after few lessons,1
8003,AI,,desktop,142,29,104,15,,content is good but explanations are confusing,1
8004,Data Science,UK,mobile,45,6,97,24,medium,great start but later became difficult,0
8005,Cyber Security,,desktop,48,24,4,7,medium,platform is good but i am losing interest,1
8006,AI,Canada,mobile,172,4,41,27,,content is good but explanations are confusing,1
8007,Python,USA,tablet,118,11,88,16,,i stopped understanding after few lessons,0
8008,AI,UK,tablet,165,2,91,22,,i was enjoying the course but now feeling lost,0
8009,Python,,,29,8,13,22,low,i was enjoying the course but now feeling lost,1
8010,Cyber Security,UK,mobile,84,9,26,25,high,too fast pace for beginners,0
8011,,USA,desktop,162,28,15,3,medium,i was enjoying the course but now feeling lost,1
8012,Cyber Security,India,mobile,113,0,90,6,high,i stopped understanding after few lessons,0
8013,Web Development,,mobile,117,13,1,10,,lectures are boring and repetitive,0
8014,Web Development,India,,43,0,18,26,,initially motivated but now skipping videos,1
8015,Web Development,Canada,desktop,161,9,22,10,medium,platform is good but i am losing interest,1
8016,Cyber Security,Germany,mobile,19,29,40,10,medium,,1
8017,Data Science,UK,desktop,8,10,13,25,medium,content is good but explanations are confusing,1
8018,Cyber Security,,mobile,159,27,46,25,medium,content is good but explanations are confusing,1
8019,,UK,,11,19,114,20,medium,too fast pace for beginners,1
8020,AI,Canada,desktop,8,1,62,20,,i stopped understanding after few lessons,0
8021,Cyber Security,Canada,mobile,153,22,89,14,medium,platform is good but i am losing interest,1
8022,Cyber Security,UK,tablet,113,1,7,4,low,,0
8023,Python,,desktop,148,22,26,5,high,lectures are boring and repetitive,0
8024,Python,USA,,38,23,110,22,high,platform is good but i am losing interest,1
8025,Python,USA,tablet,135,27,39,4,low,initially motivated but now skipping videos,1
8026,Cyber Security,Germany,desktop,117,10,27,8,medium,platform is good but i am losing interest,1
8027,Data Science,UK,desktop,167,7,67,29,,platform is good but i am losing interest,0
8028,AI,UK,desktop,74,2,60,27,,i was enjoying the course but now feeling lost,0
8029,AI,,desktop,72,8,37,10,low,platform is good but i am losing interest,0
8030,,UK,mobile,106,25,74,24,low,great start but later became difficult,0
8031,Data Science,,mobile,118,15,107,29,low,,0
8032,Data Science,UK,desktop,20,25,23,22,high,need more examples and practice,1
8033,AI,Canada,,11,15,27,25,low,too fast pace for beginners,0
8034,Web Development,India,mobile,144,9,40,2,,i was enjoying the course but now feeling lost,0
8035,Python,UK,desktop,42,5,17,19,medium,i stopped understanding after few lessons,1
8036,Python,India,desktop,90,19,48,3,,i was enjoying the course but now feeling lost,1
8037,AI,USA,,52,23,84,22,low,i was enjoying the course but now feeling lost,0
8038,Data Science,Germany,,165,19,25,14,,i stopped understanding after few lessons,0
8039,,USA,,52,19,2,17,high,need more examples and practice,0
8040,Web Development,UK,tablet,137,10,76,26,,i was enjoying the course but now feeling lost,1
8041,AI,,desktop,163,7,37,4,high,not enough support,1
8042,Python,USA,,95,19,91,10,medium,not enough support,0
8043,Cyber Security,Canada,desktop,135,0,13,10,low,platform is good but i am losing interest,1
8044,Data Science,India,mobile,2,5,0,3,medium,lectures are boring and repetitive,0
8045,Cyber Security,,desktop,25,27,91,15,low,initially motivated but now skipping videos,0
8046,,,desktop,76,7,99,25,medium,platform is good but i am losing interest,1
8047,AI,UK,tablet,94,29,117,10,medium,platform is good but i am losing interest,1
8048,Python,Canada,mobile,94,13,113,24,medium,platform is good but i am losing interest,1
8049,Web Development,India,mobile,41,2,10,0,high,too fast pace for beginners,1
8050,Cyber Security,Canada,tablet,87,1,106,25,high,need more examples and practice,1
8051,Web Development,USA,,81,21,39,12,,not enough support,0
8052,,UK,,124,0,3,29,,i stopped understanding after few lessons,0
8053,Python,,desktop,77,10,33,18,,i stopped understanding after few lessons,1
8054,Cyber Security,,tablet,38,20,64,5,low,great start but later became difficult,0
8055,,USA,,42,5,55,26,high,need more examples and practice,0
8056,Web Development,,mobile,78,7,9,19,medium,i stopped understanding after few lessons,0
8057,Web Development,Germany,tablet,64,6,80,18,,,1
8058,Cyber Security,UK,,132,5,70,5,high,not enough support,0
8059,Python,USA,mobile,159,17,102,12,high,lectures are boring and repetitive,0
8060,Web Development,UK,tablet,125,11,63,10,low,i was enjoying the course but now feeling lost,1
8061,AI,India,desktop,141,7,12,18,medium,content is good but explanations are confusing,0
8062,,UK,desktop,27,23,21,6,high,initially motivated but now skipping videos,0
8063,Cyber Security,UK,mobile,59,26,55,11,high,i stopped understanding after few lessons,1
8064,Data Science,India,,65,20,64,15,,too fast pace for beginners,0
8065,Data Science,USA,,25,18,91,0,low,,1
8066,Python,UK,tablet,37,27,96,24,low,lectures are boring and repetitive,0
8067,AI,Canada,mobile,124,26,12,14,medium,not enough support,0
8068,Web Development,UK,,71,23,0,12,low,lectures are boring and repetitive,1
8069,Data Science,USA,desktop,142,4,37,9,medium,,0
8070,Python,,mobile,94,18,118,17,medium,not enough support,0
8071,,India,desktop,152,8,57,3,,need more examples and practice,1
8072,AI,,mobile,67,24,24,21,,content is good but explanations are confusing,0
8073,AI,USA,tablet,176,11,41,5,high,great start but later became difficult,0
8074,Python,Germany,,103,14,84,26,,great start but later became difficult,1
8075,Python,,,91,22,32,7,high,content is good but explanations are confusing,0
8076,Web Development,UK,,166,12,56,23,high,lectures are boring and repetitive,0
8077,Python,UK,desktop,90,23,36,19,high,initially motivated but now skipping videos,0
8078,Web Development,India,,70,12,117,21,high,content is good but explanations are confusing,0
8079,Web Development,UK,mobile,59,20,56,8,medium,platform is good but i am losing interest,0
8080,Cyber Security,Canada,desktop,12,20,97,22,high,need more examples and practice,0
8081,AI,Canada,tablet,51,4,61,28,high,great start but later became difficult,0
8082,,,desktop,166,1,2,7,high,lectures are boring and repetitive,0
8083,AI,USA,tablet,174,18,29,23,medium,initially motivated but now skipping videos,0
8084,AI,India,desktop,10,7,118,17,low,platform is good but i am losing interest,0
8085,Cyber Security,Germany,,9,13,66,6,low,initially motivated but now skipping videos,1
8086,Web Development,,tablet,87,28,62,18,high,lectures are boring and repetitive,0
8087,Web Development,USA,,94,5,81,22,low,too fast pace for beginners,1
8088,Python,India,desktop,52,24,22,17,,platform is good but i am losing interest,0
8089,Cyber Security,India,tablet,179,6,71,0,,,1
8090,Python,,mobile,22,13,72,10,,need more examples and practice,1
8091,Cyber Security,USA,mobile,73,5,65,8,,platform is good but i am losing interest,1
8092,Python,USA,desktop,83,15,60,9,medium,i was enjoying the course but now feeling lost,0
8093,Data Science,UK,tablet,72,26,1,9,high,i was enjoying the course but now feeling lost,1
8094,AI,Germany,mobile,118,29,26,0,medium,content is good but explanations are confusing,1
8095,AI,Canada,,68,3,47,26,medium,i stopped understanding after few lessons,0
8096,,UK,,5,6,102,16,high,not enough support,0
8097,Web Development,India,desktop,83,15,62,26,medium,initially motivated but now skipping videos,0
8098,,Germany,,121,3,99,11,high,great start but later became difficult,0
8099,Data Science,Germany,,157,6,4,11,medium,i stopped understanding after few lessons,0
8100,,USA,,6,20,0,18,low,i was enjoying the course but now feeling lost,0
8101,AI,Germany,mobile,69,1,21,16,low,need more examples and practice,0
8102,Web Development,,tablet,58,22,73,6,,,0
8103,Data Science,Germany,desktop,43,7,108,22,low,too fast pace for beginners,1
8104,AI,India,tablet,72,9,23,10,,platform is good but i am losing interest,0
8105,Python,,tablet,91,26,58,23,,content is good but explanations are confusing,0
8106,Cyber Security,,tablet,37,1,78,1,,,1
8107,Data Science,UK,mobile,58,5,96,15,medium,i was enjoying the course but now feeling lost,0
8108,Web Development,Germany,,127,3,49,22,high,not enough support,0
8109,,USA,desktop,37,20,22,8,low,need more examples and practice,0
8110,,UK,tablet,154,0,77,29,high,too fast pace for beginners,0
8111,Data Science,USA,,170,5,17,26,low,i was enjoying the course but now feeling lost,1
8112,Web Development,Germany,mobile,16,27,88,9,low,,0
8113,Data Science,UK,tablet,150,11,21,20,medium,too fast pace for beginners,0
8114,Web Development,Germany,,110,26,43,9,low,need more examples and practice,0
8115,,India,mobile,151,13,43,29,high,,1
8116,AI,UK,,175,14,36,2,high,i stopped understanding after few lessons,1
8117,Python,USA,desktop,131,23,6,24,low,not enough support,0
8118,AI,India,,12,17,89,16,high,,0
8119,Python,Canada,,23,16,23,27,,great start but later became difficult,0
8120,,USA,desktop,111,8,76,13,high,need more examples and practice,1
8121,AI,Germany,desktop,139,14,40,18,,great start but later became difficult,0
8122,AI,USA,,52,17,69,17,,i was enjoying the course but now feeling lost,1
8123,Data Science,Canada,desktop,178,23,84,17,high,i stopped understanding after few lessons,1
8124,Cyber Security,USA,,127,20,70,13,,not enough support,1
8125,,India,tablet,174,17,17,2,high,platform is good but i am losing interest,1
8126,Web Development,,,29,4,78,9,high,great start but later became difficult,0
8127,,USA,mobile,121,15,71,22,low,i was enjoying the course but now feeling lost,0
8128,Web Development,UK,desktop,174,8,59,12,high,need more examples and practice,0
8129,Web Development,Canada,tablet,144,21,51,21,high,i stopped understanding after few lessons,0
8130,Python,USA,desktop,179,2,79,11,low,great start but later became difficult,0
8131,Web Development,Canada,desktop,101,11,48,8,medium,lectures are boring and repetitive,0
8132,Web Development,,desktop,11,23,66,25,high,great start but later became difficult,0
8133,Data Science,India,mobile,139,13,44,28,medium,not enough support,1
8134,AI,UK,mobile,89,0,8,26,medium,not enough support,0
8135,,Germany,,58,8,115,9,low,i was enjoying the course but now feeling lost,0
8136,,USA,mobile,19,8,110,29,medium,lectures are boring and repetitive,0
8137,Web Development,India,desktop,160,19,25,18,medium,too fast pace for beginners,1
8138,Cyber Security,Canada,tablet,50,12,25,15,,not enough support,1
8139,,,tablet,122,7,29,28,medium,i stopped understanding after few lessons,0
8140,Web Development,Canada,tablet,72,10,26,20,low,i was enjoying the course but now feeling lost,0
8141,Python,,desktop,55,29,79,24,high,not enough support,0
8142,Python,,mobile,169,13,111,2,,need more examples and practice,1
8143,Python,India,tablet,99,15,114,11,low,content is good but explanations are confusing,0
8144,Web Development,USA,desktop,70,10,3,7,low,too fast pace for beginners,1
8145,Data Science,Germany,desktop,149,18,50,24,,great start but later became difficult,1
8146,Cyber Security,USA,tablet,117,28,82,26,,content is good but explanations are confusing,1
8147,Web Development,UK,tablet,26,21,97,14,low,i stopped understanding after few lessons,1
8148,Data Science,USA,,129,9,69,10,high,great start but later became difficult,1
8149,Data Science,,,155,25,108,22,medium,too fast pace for beginners,0
8150,,,desktop,178,7,78,12,high,content is good but explanations are confusing,0
8151,Web Development,UK,,114,10,9,5,medium,need more examples and practice,0
8152,Web Development,Canada,,65,24,117,12,high,content is good but explanations are confusing,0
8153,Data Science,,tablet,10,7,105,10,,not enough support,1
8154,Data Science,UK,,95,24,35,5,,great start but later became difficult,1
8155,Data Science,,desktop,121,19,45,5,,,0
8156,,Germany,tablet,126,9,103,4,low,too fast pace for beginners,0
8157,Web Development,,,37,16,5,6,low,i stopped understanding after few lessons,0
8158,Data Science,India,,69,22,107,22,medium,lectures are boring and repetitive,0
8159,Python,UK,,41,10,103,22,,,0
8160,Web Development,USA,mobile,174,11,69,18,low,too fast pace for beginners,0
8161,,UK,,45,9,78,10,low,i was enjoying the course but now feeling lost,0
8162,Python,Canada,,123,19,92,5,,need more examples and practice,0
8163,AI,,desktop,126,16,88,24,high,i stopped understanding after few lessons,1
8164,Web Development,UK,,27,2,82,8,,i was enjoying the course but now feeling lost,1
8165,AI,Germany,mobile,84,6,77,19,medium,content is good but explanations are confusing,0
8166,Data Science,UK,tablet,136,26,2,24,,lectures are boring and repetitive,0
8167,,Germany,,49,2,49,17,high,i was enjoying the course but now feeling lost,0
8168,Data Science,,,96,16,41,7,high,platform is good but i am losing interest,0
8169,,USA,desktop,121,22,109,17,,great start but later became difficult,0
8170,Cyber Security,,,114,7,77,4,low,need more examples and practice,0
8171,Data Science,Canada,,14,20,53,5,high,need more examples and practice,0
8172,AI,India,,62,21,102,1,medium,lectures are boring and repetitive,0
8173,,USA,,43,29,38,24,low,need more examples and practice,0
8174,Data Science,USA,tablet,155,18,84,21,medium,great start but later became difficult,0
8175,Web Development,India,desktop,96,13,117,23,medium,i was enjoying the course but now feeling lost,1
8176,,UK,tablet,27,4,54,3,medium,too fast pace for beginners,0
8177,,,mobile,68,18,10,18,medium,platform is good but i am losing interest,0
8178,Data Science,UK,,127,12,113,3,high,need more examples and practice,0
8179,Cyber Security,UK,mobile,48,17,73,15,low,initially motivated but now skipping videos,0
8180,Data Science,,tablet,67,29,78,0,,i was enjoying the course but now feeling lost,0
8181,AI,Canada,mobile,25,22,29,15,high,content is good but explanations are confusing,0
8182,AI,USA,,119,25,107,0,low,not enough support,0
8183,,Germany,mobile,152,10,118,23,,not enough support,1
8184,,India,tablet,9,22,80,16,,platform is good but i am losing interest,0
8185,Data Science,USA,,136,11,117,4,high,not enough support,0
8186,AI,UK,desktop,95,7,55,25,low,need more examples and practice,0
8187,AI,India,tablet,59,11,28,15,medium,platform is good but i am losing interest,1
8188,Cyber Security,Germany,,17,0,16,24,medium,content is good but explanations are confusing,0
8189,Web Development,USA,desktop,171,17,32,2,,too fast pace for beginners,0
8190,Cyber Security,USA,mobile,95,1,101,9,high,too fast pace for beginners,0
8191,Python,Canada,mobile,132,11,20,17,high,i was enjoying the course but now feeling lost,0
8192,Cyber Security,USA,mobile,101,18,110,20,medium,content is good but explanations are confusing,0
8193,Data Science,USA,,136,22,114,27,high,not enough support,1
8194,Web Development,Germany,mobile,42,6,77,29,high,initially motivated but now skipping videos,1
8195,Data Science,Germany,mobile,49,6,9,17,low,great start but later became difficult,0
8196,Python,India,desktop,6,0,105,25,low,lectures are boring and repetitive,1
8197,Web Development,UK,desktop,73,17,86,16,,content is good but explanations are confusing,1
8198,,Germany,desktop,170,7,102,10,low,need more examples and practice,0
8199,AI,India,,32,24,38,8,high,i stopped understanding after few lessons,0
8200,Cyber Security,USA,tablet,143,9,77,10,medium,,1
8201,Data Science,India,mobile,82,28,46,25,medium,content is good but explanations are confusing,1
8202,Python,India,mobile,69,22,85,26,medium,i stopped understanding after few lessons,0
8203,AI,India,,114,28,51,8,,need more examples and practice,1
8204,Cyber Security,,mobile,27,0,40,16,medium,i was enjoying the course but now feeling lost,0
8205,AI,India,,66,14,91,19,low,,0
8206,Cyber Security,Germany,,156,14,46,4,low,platform is good but i am losing interest,0
8207,,,,152,27,72,11,high,need more examples and practice,0
8208,Web Development,UK,tablet,51,3,86,17,,need more examples and practice,0
8209,AI,India,,149,9,70,26,medium,not enough support,0
8210,AI,Canada,tablet,159,7,87,24,high,platform is good but i am losing interest,0
8211,AI,USA,tablet,75,13,42,24,medium,great start but later became difficult,0
8212,Web Development,USA,mobile,50,12,36,15,medium,,0
8213,Python,,desktop,92,20,72,8,high,platform is good but i am losing interest,0
8214,Cyber Security,USA,tablet,112,16,63,7,low,i was enjoying the course but now feeling lost,0
8215,,USA,tablet,168,6,101,5,high,i was enjoying the course but now feeling lost,0
8216,AI,,desktop,68,5,70,16,,i stopped understanding after few lessons,0
8217,Web Development,USA,tablet,106,8,59,13,high,content is good but explanations are confusing,0
8218,Python,India,desktop,144,19,86,25,medium,need more examples and practice,1
8219,Cyber Security,UK,mobile,76,19,24,20,low,i was enjoying the course but now feeling lost,0
8220,Web Development,,,86,7,118,23,high,i stopped understanding after few lessons,0
8221,,Canada,desktop,107,13,109,27,low,,1
8222,,,,56,29,114,13,low,,0
8223,Cyber Security,Germany,desktop,80,19,21,3,low,platform is good but i am losing interest,1
8224,AI,Canada,,24,2,117,7,low,content is good but explanations are confusing,0
8225,,Germany,mobile,28,22,42,21,medium,lectures are boring and repetitive,0
8226,Python,,tablet,121,12,70,16,medium,i stopped understanding after few lessons,0
8227,Web Development,Germany,mobile,93,20,69,0,medium,i stopped understanding after few lessons,1
8228,Python,Canada,tablet,85,8,35,2,medium,lectures are boring and repetitive,0
8229,AI,India,,112,20,45,16,medium,not enough support,0
8230,Python,,,122,8,21,19,,i stopped understanding after few lessons,0
8231,Python,,tablet,89,21,34,2,,platform is good but i am losing interest,1
8232,Data Science,USA,desktop,31,21,112,6,high,need more examples and practice,0
8233,Python,,mobile,143,10,46,10,low,need more examples and practice,0
8234,Cyber Security,,desktop,111,5,32,24,,initially motivated but now skipping videos,0
8235,Web Development,India,,42,22,84,14,medium,lectures are boring and repetitive,0
8236,Data Science,USA,mobile,102,11,74,6,low,i was enjoying the course but now feeling lost,0
8237,Web Development,UK,mobile,50,26,12,26,medium,i was enjoying the course but now feeling lost,1
8238,Web Development,Germany,desktop,124,3,55,4,medium,platform is good but i am losing interest,0
8239,AI,Canada,tablet,133,3,66,16,high,i stopped understanding after few lessons,0
8240,AI,UK,tablet,176,24,12,4,low,too fast pace for beginners,1
8241,Data Science,USA,mobile,13,27,49,0,medium,initially motivated but now skipping videos,1
8242,,India,tablet,32,22,119,21,medium,platform is good but i am losing interest,1
8243,AI,Canada,,79,26,104,28,high,platform is good but i am losing interest,0
8244,AI,Germany,desktop,91,25,56,23,low,too fast pace for beginners,0
8245,AI,,desktop,158,21,97,6,,great start but later became difficult,0
8246,Web Development,,desktop,6,16,27,16,low,too fast pace for beginners,1
8247,Data Science,UK,mobile,25,6,103,7,medium,too fast pace for beginners,1
8248,Web Development,Germany,mobile,156,5,97,11,,i stopped understanding after few lessons,0
8249,Cyber Security,USA,tablet,150,27,95,29,high,content is good but explanations are confusing,1
8250,Web Development,Germany,desktop,68,19,86,29,high,lectures are boring and repetitive,0
8251,Cyber Security,India,,143,28,87,29,medium,initially motivated but now skipping videos,0
8252,Python,UK,,26,7,64,24,low,not enough support,1
8253,Python,UK,desktop,18,6,23,27,medium,not enough support,0
8254,Cyber Security,India,mobile,73,7,66,25,low,content is good but explanations are confusing,0
8255,Cyber Security,Germany,mobile,62,8,80,29,high,not enough support,1
8256,Web Development,India,mobile,68,0,6,1,medium,content is good but explanations are confusing,0
8257,Cyber Security,Canada,,48,2,73,16,medium,content is good but explanations are confusing,0
8258,Data Science,India,desktop,178,17,82,21,,i stopped understanding after few lessons,1
8259,Python,Germany,,63,18,23,27,medium,too fast pace for beginners,0
8260,Python,India,desktop,134,26,8,19,low,platform is good but i am losing interest,0
8261,,USA,,51,10,113,13,,initially motivated but now skipping videos,1
8262,Cyber Security,,,12,15,14,22,low,i was enjoying the course but now feeling lost,0
8263,AI,India,tablet,175,17,112,2,,content is good but explanations are confusing,0
8264,AI,,,126,26,55,18,high,great start but later became difficult,0
8265,Cyber Security,India,desktop,9,5,85,13,low,need more examples and practice,1
8266,Data Science,Germany,,7,24,16,7,low,lectures are boring and repetitive,1
8267,AI,Canada,tablet,157,1,18,6,medium,great start but later became difficult,0
8268,,Canada,tablet,179,3,8,4,high,content is good but explanations are confusing,0
8269,Cyber Security,,desktop,150,4,63,2,,lectures are boring and repetitive,1
8270,Data Science,Germany,tablet,146,20,56,0,,lectures are boring and repetitive,1
8271,Data Science,Germany,tablet,58,13,37,26,high,i stopped understanding after few lessons,0
8272,Web Development,Germany,mobile,40,0,82,18,medium,,0
8273,Data Science,USA,desktop,89,28,7,14,low,i stopped understanding after few lessons,0
8274,AI,UK,tablet,31,21,5,24,low,content is good but explanations are confusing,1
8275,AI,India,tablet,163,13,48,0,medium,too fast pace for beginners,1
8276,Cyber Security,Germany,tablet,26,20,101,4,,not enough support,0
8277,Cyber Security,Germany,desktop,106,12,44,19,medium,lectures are boring and repetitive,0
8278,Data Science,Germany,mobile,84,21,20,10,low,i stopped understanding after few lessons,0
8279,,Canada,,162,15,119,13,high,too fast pace for beginners,1
8280,Python,Germany,mobile,76,29,92,21,,i was enjoying the course but now feeling lost,0
8281,Web Development,India,desktop,144,3,33,17,medium,,1
8282,Python,Germany,desktop,123,28,11,19,low,,1
8283,Data Science,India,desktop,42,26,38,8,,,1
8284,Data Science,USA,,133,5,95,29,medium,too fast pace for beginners,0
8285,Python,UK,desktop,61,8,5,14,high,i was enjoying the course but now feeling lost,0
8286,Web Development,Canada,mobile,44,0,80,10,,i stopped understanding after few lessons,1
8287,Python,India,tablet,35,21,31,4,high,i stopped understanding after few lessons,0
8288,Cyber Security,,tablet,108,16,59,14,low,,0
8289,AI,USA,desktop,91,27,7,23,,i was enjoying the course but now feeling lost,0
8290,,UK,desktop,128,22,37,1,high,great start but later became difficult,0
8291,Cyber Security,UK,,1,3,92,11,medium,initially motivated but now skipping videos,1
8292,AI,UK,tablet,43,5,94,26,high,i was enjoying the course but now feeling lost,0
8293,,India,,32,15,18,24,low,initially motivated but now skipping videos,1
8294,,USA,,103,6,116,27,medium,great start but later became difficult,0
8295,,Germany,,33,28,54,22,high,lectures are boring and repetitive,0
8296,Data Science,,,95,26,8,6,,not enough support,1
8297,,USA,mobile,109,4,51,1,high,initially motivated but now skipping videos,1
8298,Web Development,USA,desktop,66,8,27,7,,need more examples and practice,0
8299,Python,USA,desktop,30,23,61,8,,platform is good but i am losing interest,0
8300,Web Development,India,,10,18,47,25,high,i was enjoying the course but now feeling lost,0
8301,Python,,,23,0,113,26,low,lectures are boring and repetitive,0
8302,Cyber Security,India,mobile,97,26,114,27,,content is good but explanations are confusing,1
8303,Cyber Security,,,39,29,38,4,low,need more examples and practice,0
8304,Python,,mobile,173,25,103,14,,initially motivated but now skipping videos,0
8305,Web Development,India,mobile,123,7,52,18,,i was enjoying the course but now feeling lost,0
8306,Python,,,157,19,94,29,high,initially motivated but now skipping videos,0
8307,,USA,desktop,158,22,62,18,,not enough support,0
8308,Data Science,India,mobile,162,3,18,12,medium,initially motivated but now skipping videos,0
8309,Cyber Security,,desktop,103,22,32,12,high,content is good but explanations are confusing,0
8310,Data Science,UK,desktop,22,29,63,5,medium,i stopped understanding after few lessons,1
8311,,India,mobile,5,16,25,29,medium,lectures are boring and repetitive,0
8312,,Canada,tablet,139,0,44,0,,i was enjoying the course but now feeling lost,0
8313,Cyber Security,India,mobile,160,1,0,9,low,,1
8314,Cyber Security,India,tablet,152,20,74,26,high,platform is good but i am losing interest,0
8315,,India,mobile,139,26,65,24,low,great start but later became difficult,1
8316,AI,,mobile,139,13,116,5,high,lectures are boring and repetitive,0
8317,Data Science,India,desktop,145,25,34,24,medium,i was enjoying the course but now feeling lost,0
8318,Data Science,Canada,desktop,160,21,76,2,,need more examples and practice,0
8319,AI,Germany,,83,1,102,25,,need more examples and practice,1
8320,Web Development,India,desktop,155,0,97,12,,i stopped understanding after few lessons,0
8321,Data Science,UK,desktop,32,24,97,18,low,i stopped understanding after few lessons,0
8322,Python,Canada,desktop,61,12,98,9,,i was enjoying the course but now feeling lost,1
8323,,Germany,desktop,25,22,95,12,,platform is good but i am losing interest,1
8324,,,,64,7,44,6,low,need more examples and practice,1
8325,AI,India,desktop,156,29,75,14,low,not enough support,0
8326,Data Science,Germany,tablet,168,21,32,22,,great start but later became difficult,1
8327,Web Development,UK,tablet,91,28,81,3,,content is good but explanations are confusing,0
8328,Data Science,Canada,,142,8,68,10,medium,great start but later became difficult,0
8329,,Canada,desktop,42,23,82,29,,i stopped understanding after few lessons,0
8330,Cyber Security,,tablet,39,19,30,7,low,too fast pace for beginners,1
8331,Python,,mobile,2,20,90,26,high,,0
8332,AI,,tablet,81,1,63,29,,not enough support,1
8333,Cyber Security,Germany,desktop,1,16,105,1,high,i stopped understanding after few lessons,0
8334,Web Development,India,tablet,109,29,101,0,,not enough support,0
8335,Cyber Security,USA,mobile,160,5,113,0,,lectures are boring and repetitive,0
8336,Cyber Security,Canada,tablet,125,2,14,15,medium,great start but later became difficult,0
8337,Web Development,USA,desktop,64,26,45,17,,content is good but explanations are confusing,0
8338,Cyber Security,Canada,mobile,159,19,119,10,low,great start but later became difficult,0
8339,AI,,,82,29,47,26,,not enough support,1
8340,,India,mobile,78,16,67,21,high,content is good but explanations are confusing,1
8341,Data Science,India,tablet,111,5,82,7,,,0
8342,Cyber Security,Canada,,142,7,84,18,low,content is good but explanations are confusing,0
8343,AI,Germany,mobile,16,13,39,11,,i was enjoying the course but now feeling lost,0
8344,Data Science,,mobile,54,9,0,5,high,,0
8345,Data Science,India,mobile,141,19,19,23,,great start but later became difficult,0
8346,Cyber Security,India,desktop,124,9,21,24,medium,i was enjoying the course but now feeling lost,1
8347,AI,UK,,80,14,53,15,,too fast pace for beginners,1
8348,,India,,79,7,76,7,high,,0
8349,Cyber Security,UK,mobile,159,10,104,6,high,need more examples and practice,1
8350,Web Development,India,,149,15,64,19,high,i was enjoying the course but now feeling lost,0
8351,Data Science,India,tablet,127,25,14,2,medium,lectures are boring and repetitive,0
8352,Cyber Security,Germany,tablet,158,2,60,22,,content is good but explanations are confusing,1
8353,Data Science,Germany,mobile,23,14,78,0,high,platform is good but i am losing interest,0
8354,AI,,tablet,38,12,13,22,medium,content is good but explanations are confusing,0
8355,Python,India,mobile,157,10,68,5,medium,lectures are boring and repetitive,1
8356,Cyber Security,,tablet,77,13,48,2,high,i stopped understanding after few lessons,1
8357,,,mobile,32,6,5,29,low,platform is good but i am losing interest,0
8358,Cyber Security,,mobile,112,18,40,18,,i was enjoying the course but now feeling lost,0
8359,Data Science,,,106,14,30,1,high,i was enjoying the course but now feeling lost,1
8360,AI,Canada,,91,5,115,16,,not enough support,0
8361,Web Development,Canada,mobile,98,19,89,15,medium,too fast pace for beginners,0
8362,,India,,45,21,63,26,,,1
8363,AI,Canada,,49,6,88,20,low,lectures are boring and repetitive,0
8364,Cyber Security,India,desktop,161,23,50,28,,too fast pace for beginners,1
8365,Web Development,Germany,tablet,4,13,58,6,high,great start but later became difficult,0
8366,AI,USA,,146,21,54,22,high,platform is good but i am losing interest,1
8367,Python,UK,mobile,64,3,116,5,high,not enough support,1
8368,,Canada,desktop,156,8,48,10,,content is good but explanations are confusing,1
8369,Data Science,Canada,desktop,108,6,102,14,high,i stopped understanding after few lessons,0
8370,AI,Germany,,121,24,39,25,,too fast pace for beginners,0
8371,AI,Canada,mobile,90,14,14,21,,lectures are boring and repetitive,0
8372,Python,India,mobile,56,2,69,10,high,initially motivated but now skipping videos,1
8373,Cyber Security,India,mobile,20,4,64,6,low,too fast pace for beginners,0
8374,,USA,mobile,77,16,104,14,high,platform is good but i am losing interest,0
8375,,USA,mobile,162,26,6,15,medium,need more examples and practice,0
8376,Data Science,USA,tablet,87,27,61,7,medium,too fast pace for beginners,0
8377,AI,India,mobile,138,23,53,4,low,not enough support,1
8378,Web Development,,mobile,115,0,51,16,medium,initially motivated but now skipping videos,1
8379,AI,,tablet,94,0,50,22,low,initially motivated but now skipping videos,0
8380,Data Science,USA,,150,29,3,1,,initially motivated but now skipping videos,1
8381,AI,USA,desktop,133,15,0,26,medium,need more examples and practice,1
8382,Python,India,tablet,172,22,104,20,low,too fast pace for beginners,0
8383,AI,Germany,desktop,114,13,65,6,high,too fast pace for beginners,0
8384,AI,Canada,desktop,9,10,111,22,medium,need more examples and practice,1
8385,Web Development,UK,tablet,43,13,97,24,medium,platform is good but i am losing interest,0
8386,Python,,mobile,4,7,34,20,low,initially motivated but now skipping videos,1
8387,Python,,desktop,170,18,109,5,,not enough support,0
8388,AI,India,mobile,65,1,76,25,low,need more examples and practice,1
8389,,India,,98,22,80,29,low,initially motivated but now skipping videos,1
8390,Web Development,UK,tablet,169,9,9,11,medium,i stopped understanding after few lessons,1
8391,AI,UK,desktop,55,4,66,15,low,content is good but explanations are confusing,0
8392,AI,USA,mobile,146,14,67,10,high,,1
8393,Data Science,UK,desktop,144,0,88,21,low,i stopped understanding after few lessons,0
8394,Data Science,Canada,,87,1,100,16,high,content is good but explanations are confusing,1
8395,,Canada,,174,18,106,9,high,great start but later became difficult,1
8396,Web Development,,desktop,164,21,101,22,low,great start but later became difficult,0
8397,Cyber Security,Canada,tablet,90,29,92,15,,platform is good but i am losing interest,1
8398,Data Science,Canada,,44,16,64,15,high,i stopped understanding after few lessons,0
8399,Cyber Security,Canada,mobile,5,14,50,14,high,initially motivated but now skipping videos,1
8400,Python,USA,,29,23,29,25,high,,1
8401,Data Science,,mobile,126,17,38,14,,i stopped understanding after few lessons,0
8402,Data Science,India,desktop,4,20,118,22,low,i stopped understanding after few lessons,0
8403,Web Development,,mobile,99,7,9,19,,initially motivated but now skipping videos,0
8404,,,desktop,49,28,92,3,low,too fast pace for beginners,0
8405,Cyber Security,,,85,20,43,26,high,platform is good but i am losing interest,0
8406,Data Science,UK,tablet,136,28,31,21,medium,great start but later became difficult,0
8407,Data Science,India,,122,13,43,2,high,i was enjoying the course but now feeling lost,0
8408,Web Development,UK,,116,7,62,13,low,i was enjoying the course but now feeling lost,0
8409,Web Development,USA,,149,29,60,29,,i was enjoying the course but now feeling lost,1
8410,,USA,,155,21,64,9,high,too fast pace for beginners,0
8411,Cyber Security,Germany,tablet,166,22,40,5,high,platform is good but i am losing interest,0
8412,Python,Germany,,133,7,80,26,low,need more examples and practice,0
8413,,USA,mobile,85,18,118,10,low,platform is good but i am losing interest,1
8414,Python,USA,tablet,61,12,11,3,medium,initially motivated but now skipping videos,0
8415,AI,UK,tablet,136,27,1,9,high,great start but later became difficult,1
8416,Data Science,USA,mobile,86,29,72,15,high,not enough support,0
8417,Cyber Security,India,desktop,18,4,75,23,high,platform is good but i am losing interest,0
8418,,UK,,132,9,59,20,medium,initially motivated but now skipping videos,0
8419,Data Science,USA,tablet,4,6,24,28,medium,need more examples and practice,0
8420,Cyber Security,UK,,165,8,99,7,high,need more examples and practice,0
8421,Cyber Security,UK,,127,13,117,8,low,too fast pace for beginners,0
8422,Cyber Security,Canada,mobile,143,5,60,3,,initially motivated but now skipping videos,0
8423,Data Science,Germany,mobile,166,9,107,16,high,need more examples and practice,1
8424,,UK,mobile,155,0,113,9,high,not enough support,0
8425,Web Development,,,48,10,98,22,high,too fast pace for beginners,0
8426,Data Science,UK,tablet,46,7,21,12,low,too fast pace for beginners,0
8427,Cyber Security,,tablet,46,5,96,22,medium,lectures are boring and repetitive,1
8428,,Canada,desktop,48,16,118,20,,great start but later became difficult,0
8429,AI,USA,,120,3,113,20,,great start but later became difficult,0
8430,Python,UK,desktop,132,5,55,16,medium,lectures are boring and repetitive,1
8431,Cyber Security,Canada,desktop,19,28,20,18,high,great start but later became difficult,0
8432,AI,India,desktop,19,14,54,16,high,great start but later became difficult,0
8433,Web Development,Canada,desktop,42,9,39,22,,i stopped understanding after few lessons,1
8434,Cyber Security,Germany,desktop,92,16,50,20,,need more examples and practice,0
8435,AI,Germany,,5,9,21,27,high,need more examples and practice,1
8436,Cyber Security,USA,mobile,48,4,27,3,low,content is good but explanations are confusing,0
8437,Data Science,,desktop,153,18,3,29,high,not enough support,0
8438,,USA,tablet,26,6,25,22,low,initially motivated but now skipping videos,0
8439,AI,,,74,28,86,24,high,content is good but explanations are confusing,0
8440,,,desktop,109,23,111,5,,too fast pace for beginners,1
8441,Data Science,,tablet,135,18,112,13,high,too fast pace for beginners,0
8442,Data Science,,desktop,172,9,59,8,high,initially motivated but now skipping videos,0
8443,,Germany,mobile,87,18,22,5,medium,need more examples and practice,0
8444,AI,Germany,,155,29,40,9,high,too fast pace for beginners,1
8445,,UK,mobile,170,10,57,24,high,great start but later became difficult,1
8446,,Germany,tablet,73,2,7,5,high,initially motivated but now skipping videos,0
8447,Python,USA,desktop,56,29,115,29,,not enough support,0
8448,AI,Germany,mobile,131,10,95,8,high,not enough support,0
8449,Python,USA,mobile,126,5,50,12,low,not enough support,1
8450,Cyber Security,India,desktop,141,5,102,15,low,i stopped understanding after few lessons,0
8451,,Germany,,59,14,60,29,high,content is good but explanations are confusing,0
8452,Cyber Security,USA,tablet,38,2,107,15,,lectures are boring and repetitive,0
8453,AI,,,85,21,0,18,low,i stopped understanding after few lessons,1
8454,,Canada,tablet,83,24,119,4,high,i stopped understanding after few lessons,0
8455,Cyber Security,,tablet,86,10,29,10,high,initially motivated but now skipping videos,0
8456,Web Development,UK,mobile,1,7,91,20,low,platform is good but i am losing interest,0
8457,Data Science,USA,desktop,178,26,16,14,,i was enjoying the course but now feeling lost,0
8458,,,,137,28,22,28,,initially motivated but now skipping videos,1
8459,Data Science,Germany,mobile,128,28,101,25,low,initially motivated but now skipping videos,1
8460,Python,Germany,mobile,53,22,23,29,high,content is good but explanations are confusing,1
8461,Cyber Security,India,mobile,88,22,85,7,,too fast pace for beginners,0
8462,Python,Canada,,138,7,68,14,medium,i stopped understanding after few lessons,1
8463,,USA,mobile,84,22,88,10,high,i was enjoying the course but now feeling lost,0
8464,Data Science,,desktop,77,28,51,28,,not enough support,0
8465,Data Science,Canada,mobile,29,15,70,12,high,too fast pace for beginners,1
8466,Cyber Security,India,mobile,36,2,117,26,medium,i was enjoying the course but now feeling lost,0
8467,,UK,tablet,27,7,57,22,low,i was enjoying the course but now feeling lost,0
8468,Web Development,Canada,mobile,146,7,21,1,medium,platform is good but i am losing interest,0
8469,Web Development,India,,18,12,58,26,high,i stopped understanding after few lessons,0
8470,Cyber Security,USA,,118,0,43,1,low,i stopped understanding after few lessons,1
8471,,UK,desktop,137,9,36,22,medium,i stopped understanding after few lessons,0
8472,Cyber Security,Germany,,67,4,33,25,,,1
8473,,India,,135,29,99,11,medium,platform is good but i am losing interest,1
8474,Python,Germany,mobile,58,4,112,25,high,,1
8475,Cyber Security,UK,desktop,30,16,56,19,,need more examples and practice,1
8476,,India,,73,21,56,21,medium,i stopped understanding after few lessons,0
8477,Web Development,India,desktop,123,13,39,8,high,lectures are boring and repetitive,0
8478,,UK,desktop,82,5,19,25,low,content is good but explanations are confusing,0
8479,,USA,tablet,17,13,100,26,medium,lectures are boring and repetitive,0
8480,Cyber Security,India,tablet,134,11,16,19,low,i was enjoying the course but now feeling lost,0
8481,Python,UK,mobile,39,19,51,14,,initially motivated but now skipping videos,1
8482,Python,Canada,,153,21,3,6,low,need more examples and practice,0
8483,Python,Germany,mobile,170,29,62,24,high,i was enjoying the course but now feeling lost,1
8484,Python,India,mobile,170,21,116,13,,,1
8485,AI,Canada,desktop,59,0,49,16,medium,content is good but explanations are confusing,1
8486,Cyber Security,India,desktop,102,4,81,25,low,too fast pace for beginners,1
8487,Data Science,USA,desktop,38,17,91,26,,great start but later became difficult,0
8488,Cyber Security,UK,mobile,159,13,49,1,,need more examples and practice,1
8489,AI,India,,157,6,15,28,medium,i stopped understanding after few lessons,0
8490,Python,UK,mobile,104,28,106,8,medium,need more examples and practice,1
8491,AI,,mobile,9,24,71,12,medium,i was enjoying the course but now feeling lost,1
8492,Web Development,India,mobile,1,14,60,4,medium,too fast pace for beginners,0
8493,Web Development,USA,tablet,102,8,43,3,low,i stopped understanding after few lessons,1
8494,Cyber Security,USA,tablet,87,29,17,22,,initially motivated but now skipping videos,0
8495,Cyber Security,Canada,,123,14,117,20,medium,,0
8496,Data Science,USA,tablet,47,26,49,0,,platform is good but i am losing interest,0
8497,Data Science,UK,mobile,76,15,92,8,,content is good but explanations are confusing,1
8498,Web Development,,tablet,10,8,103,23,high,great start but later became difficult,1
8499,Python,USA,tablet,144,26,79,15,high,too fast pace for beginners,0
8500,AI,India,mobile,175,6,29,18,medium,not enough support,0
8501,Data Science,USA,,43,6,48,25,medium,content is good but explanations are confusing,0
8502,,,tablet,152,16,97,2,high,platform is good but i am losing interest,0
8503,Data Science,UK,mobile,136,10,93,2,,too fast pace for beginners,0
8504,Python,India,mobile,75,26,20,6,medium,need more examples and practice,1
8505,Python,Canada,mobile,105,5,21,17,low,i was enjoying the course but now feeling lost,0
8506,Cyber Security,Canada,desktop,26,13,46,24,medium,initially motivated but now skipping videos,1
8507,AI,Canada,mobile,7,14,24,19,medium,initially motivated but now skipping videos,0
8508,Python,India,tablet,79,20,85,6,low,lectures are boring and repetitive,0
8509,Data Science,Canada,tablet,15,7,55,23,medium,great start but later became difficult,0
8510,Data Science,USA,mobile,176,23,63,15,,too fast pace for beginners,0
8511,Web Development,India,desktop,131,26,27,20,low,initially motivated but now skipping videos,0
8512,Python,India,desktop,144,3,102,23,low,need more examples and practice,0
8513,,India,desktop,89,0,32,3,high,lectures are boring and repetitive,0
8514,Cyber Security,Germany,tablet,97,5,65,12,,content is good but explanations are confusing,1
8515,AI,UK,desktop,142,25,3,9,high,great start but later became difficult,0
8516,,Germany,,3,0,79,1,,too fast pace for beginners,0
8517,Cyber Security,Germany,,73,20,11,18,medium,not enough support,0
8518,Data Science,Germany,desktop,31,4,16,13,high,platform is good but i am losing interest,0
8519,,UK,,119,18,119,5,medium,i stopped understanding after few lessons,0
8520,Cyber Security,Germany,mobile,75,4,35,25,medium,,0
8521,Data Science,Canada,desktop,17,21,15,12,high,i stopped understanding after few lessons,0
8522,Data Science,India,desktop,177,4,102,21,high,i stopped understanding after few lessons,0
8523,Data Science,India,desktop,3,16,22,27,medium,not enough support,0
8524,Data Science,USA,mobile,123,27,71,11,medium,not enough support,0
8525,Data Science,,mobile,55,11,8,11,,need more examples and practice,0
8526,Web Development,Canada,desktop,111,6,77,29,medium,i was enjoying the course but now feeling lost,1
8527,,UK,tablet,100,14,54,22,low,too fast pace for beginners,0
8528,Cyber Security,,tablet,40,18,72,11,medium,need more examples and practice,0
8529,Web Development,India,,122,22,63,10,medium,great start but later became difficult,0
8530,Web Development,Germany,mobile,40,20,46,13,medium,lectures are boring and repetitive,1
8531,Python,USA,,30,12,116,3,high,great start but later became difficult,0
8532,Python,USA,,25,11,89,12,high,i was enjoying the course but now feeling lost,0
8533,Python,India,desktop,7,18,99,7,low,need more examples and practice,1
8534,AI,Canada,tablet,92,12,66,23,medium,i stopped understanding after few lessons,0
8535,Python,,,105,26,117,26,,i was enjoying the course but now feeling lost,1
8536,Cyber Security,USA,desktop,178,5,9,22,,i stopped understanding after few lessons,0
8537,Web Development,India,mobile,123,0,88,2,medium,content is good but explanations are confusing,0
8538,Cyber Security,Canada,,81,5,3,13,medium,initially motivated but now skipping videos,0
8539,,India,tablet,96,12,29,18,medium,i was enjoying the course but now feeling lost,1
8540,Python,India,mobile,1,12,113,17,medium,i was enjoying the course but now feeling lost,0
8541,AI,Canada,desktop,91,12,10,10,medium,initially motivated but now skipping videos,0
8542,,Canada,mobile,172,19,50,12,high,content is good but explanations are confusing,0
8543,AI,Canada,,177,3,18,22,low,platform is good but i am losing interest,0
8544,,India,mobile,7,4,113,29,high,not enough support,0
8545,Web Development,USA,mobile,120,12,12,5,,great start but later became difficult,1
8546,Cyber Security,UK,mobile,131,8,56,27,high,i stopped understanding after few lessons,0
8547,Data Science,UK,tablet,94,16,99,22,high,great start but later became difficult,0
8548,Cyber Security,India,,129,2,2,17,low,need more examples and practice,1
8549,Python,India,desktop,179,26,111,19,,need more examples and practice,1
8550,Data Science,USA,tablet,98,19,77,0,,need more examples and practice,1
8551,AI,Canada,,166,17,73,1,medium,initially motivated but now skipping videos,1
8552,Web Development,India,desktop,43,24,37,6,low,great start but later became difficult,0
8553,Web Development,Germany,desktop,53,26,103,4,high,,0
8554,AI,Canada,desktop,161,14,26,25,high,great start but later became difficult,0
8555,Python,India,,102,22,87,18,high,content is good but explanations are confusing,0
8556,AI,Germany,desktop,139,0,79,1,,too fast pace for beginners,0
8557,,,desktop,1,8,9,2,,,1
8558,Python,USA,tablet,14,5,117,19,high,content is good but explanations are confusing,0
8559,Data Science,Germany,desktop,122,17,52,9,,too fast pace for beginners,0
8560,AI,India,mobile,21,0,26,9,medium,platform is good but i am losing interest,1
8561,Python,UK,tablet,34,21,6,20,high,great start but later became difficult,1
8562,Data Science,India,tablet,105,6,114,7,high,i stopped understanding after few lessons,1
8563,AI,UK,,14,9,91,8,medium,need more examples and practice,0
8564,Web Development,USA,desktop,168,5,89,1,,great start but later became difficult,1
8565,AI,USA,mobile,122,6,81,27,high,not enough support,0
8566,Cyber Security,Canada,mobile,163,5,12,2,medium,lectures are boring and repetitive,1
8567,AI,Canada,desktop,170,7,71,15,low,i stopped understanding after few lessons,0
8568,Cyber Security,UK,desktop,82,1,90,3,medium,initially motivated but now skipping videos,0
8569,Data Science,UK,,148,8,59,22,high,not enough support,0
8570,AI,USA,mobile,60,24,13,29,medium,need more examples and practice,1
8571,Data Science,Germany,tablet,137,26,104,5,,too fast pace for beginners,0
8572,Data Science,UK,,115,8,43,12,high,,1
8573,Python,UK,,33,6,69,5,high,too fast pace for beginners,0
8574,Data Science,Germany,tablet,49,8,83,9,,initially motivated but now skipping videos,0
8575,Data Science,Canada,,4,16,117,22,,platform is good but i am losing interest,0
8576,AI,Canada,desktop,123,2,27,16,,initially motivated but now skipping videos,0
8577,AI,UK,tablet,176,15,22,7,low,i was enjoying the course but now feeling lost,1
8578,Web Development,Canada,tablet,16,15,11,8,high,initially motivated but now skipping videos,0
8579,Python,Canada,mobile,175,1,23,1,high,platform is good but i am losing interest,1
8580,Data Science,,tablet,26,10,50,16,high,great start but later became difficult,0
8581,Python,Canada,,70,15,107,19,medium,platform is good but i am losing interest,0
8582,Cyber Security,USA,mobile,37,14,21,10,high,not enough support,1
8583,Data Science,India,,150,0,61,17,high,not enough support,1
8584,Python,UK,desktop,7,20,25,21,,initially motivated but now skipping videos,1
8585,Web Development,UK,desktop,170,16,85,2,,too fast pace for beginners,0
8586,Web Development,USA,mobile,30,2,57,8,,content is good but explanations are confusing,0
8587,Data Science,India,mobile,74,21,70,7,high,platform is good but i am losing interest,0
8588,Cyber Security,India,,121,21,14,28,,initially motivated but now skipping videos,0
8589,Web Development,USA,desktop,6,18,111,6,low,,0
8590,Web Development,Germany,mobile,24,19,93,26,,i was enjoying the course but now feeling lost,0
8591,Cyber Security,Germany,desktop,168,6,67,6,low,content is good but explanations are confusing,0
8592,Python,India,desktop,121,21,5,22,medium,content is good but explanations are confusing,0
8593,Web Development,Germany,desktop,143,28,111,20,low,i stopped understanding after few lessons,0
8594,AI,Germany,,85,10,110,7,low,lectures are boring and repetitive,0
8595,,Germany,,133,29,1,19,medium,need more examples and practice,1
8596,,India,desktop,89,29,30,4,low,too fast pace for beginners,1
8597,Web Development,Germany,desktop,36,17,23,2,high,not enough support,1
8598,Python,UK,desktop,174,24,34,18,high,not enough support,0
8599,Python,,tablet,151,13,46,1,,lectures are boring and repetitive,0
8600,Data Science,India,tablet,88,15,30,13,,i stopped understanding after few lessons,0
8601,AI,USA,,45,5,88,20,,need more examples and practice,1
8602,Python,Germany,desktop,10,1,71,27,,platform is good but i am losing interest,0
8603,Cyber Security,Canada,tablet,54,22,75,1,high,platform is good but i am losing interest,0
8604,AI,India,mobile,70,10,117,9,,lectures are boring and repetitive,0
8605,,USA,mobile,85,10,1,19,low,content is good but explanations are confusing,0
8606,AI,,desktop,32,25,78,9,medium,content is good but explanations are confusing,1
8607,Cyber Security,UK,tablet,43,9,103,27,low,not enough support,0
8608,Web Development,USA,mobile,118,3,58,16,medium,platform is good but i am losing interest,0
8609,Cyber Security,Germany,,121,16,95,1,high,initially motivated but now skipping videos,0
8610,Cyber Security,Canada,mobile,15,9,62,26,medium,great start but later became difficult,0
8611,Web Development,Germany,,66,8,117,0,,lectures are boring and repetitive,1
8612,Web Development,USA,mobile,143,29,74,17,high,platform is good but i am losing interest,0
8613,Web Development,India,mobile,115,12,16,3,,initially motivated but now skipping videos,0
8614,Web Development,Canada,tablet,81,10,53,0,low,need more examples and practice,0
8615,Web Development,Canada,mobile,20,9,20,21,low,i stopped understanding after few lessons,1
8616,Cyber Security,USA,mobile,178,23,21,16,,great start but later became difficult,1
8617,Data Science,,,6,4,96,2,medium,platform is good but i am losing interest,1
8618,Data Science,,,79,2,115,1,low,content is good but explanations are confusing,0
8619,Python,Germany,mobile,125,3,54,17,medium,platform is good but i am losing interest,0
8620,Data Science,USA,desktop,145,2,28,3,low,need more examples and practice,0
8621,,Canada,mobile,120,9,78,24,,not enough support,1
8622,Data Science,USA,mobile,26,23,20,2,,i was enjoying the course but now feeling lost,0
8623,Cyber Security,Canada,tablet,22,12,117,11,low,not enough support,0
8624,Web Development,Germany,mobile,64,4,1,21,low,great start but later became difficult,0
8625,Web Development,India,mobile,58,12,119,15,medium,initially motivated but now skipping videos,0
8626,Cyber Security,India,,37,26,41,27,medium,initially motivated but now skipping videos,0
8627,,USA,,78,23,51,10,medium,great start but later became difficult,1
8628,Data Science,Canada,,121,0,37,9,,,0
8629,Cyber Security,India,,28,24,2,18,low,not enough support,0
8630,Python,Canada,mobile,49,10,24,9,high,i stopped understanding after few lessons,0
8631,Web Development,Germany,desktop,67,25,76,20,medium,i was enjoying the course but now feeling lost,0
8632,AI,USA,tablet,103,2,87,24,high,lectures are boring and repetitive,0
8633,Python,Canada,tablet,126,16,61,2,,i was enjoying the course but now feeling lost,1
8634,,USA,desktop,93,18,94,23,medium,,0
8635,Python,Canada,desktop,169,12,14,5,medium,i was enjoying the course but now feeling lost,0
8636,Cyber Security,,tablet,174,15,69,13,high,need more examples and practice,1
8637,Data Science,,mobile,87,17,104,11,high,i stopped understanding after few lessons,0
8638,Web Development,Canada,tablet,87,22,9,7,low,initially motivated but now skipping videos,0
8639,,Germany,desktop,55,25,72,1,high,not enough support,1
8640,,USA,mobile,139,19,113,8,,not enough support,0
8641,AI,UK,tablet,154,22,104,13,medium,i was enjoying the course but now feeling lost,1
8642,Python,Canada,mobile,13,18,119,0,high,not enough support,0
8643,AI,Canada,mobile,164,29,113,2,,great start but later became difficult,1
8644,Data Science,,desktop,128,5,104,19,high,,0
8645,Data Science,India,,64,22,68,5,high,content is good but explanations are confusing,1
8646,AI,,tablet,51,6,108,26,high,lectures are boring and repetitive,1
8647,Web Development,USA,desktop,76,14,43,19,low,platform is good but i am losing interest,0
8648,Data Science,,tablet,22,29,40,12,medium,content is good but explanations are confusing,1
8649,AI,UK,,60,4,82,10,medium,lectures are boring and repetitive,0
8650,Python,Germany,,130,15,19,14,medium,initially motivated but now skipping videos,0
8651,AI,UK,,56,5,96,17,low,content is good but explanations are confusing,0
8652,AI,Germany,,168,2,106,18,high,platform is good but i am losing interest,0
8653,Cyber Security,UK,tablet,156,11,36,18,medium,content is good but explanations are confusing,1
8654,Data Science,,mobile,97,3,94,5,medium,i was enjoying the course but now feeling lost,0
8655,Web Development,UK,mobile,3,26,38,14,high,platform is good but i am losing interest,1
8656,Web Development,,,151,21,76,20,medium,platform is good but i am losing interest,1
8657,Cyber Security,,,55,2,118,13,high,platform is good but i am losing interest,1
8658,,USA,mobile,160,15,101,4,low,need more examples and practice,1
8659,Web Development,,desktop,84,15,108,29,medium,i stopped understanding after few lessons,1
8660,AI,India,,28,22,69,10,medium,platform is good but i am losing interest,0
8661,Cyber Security,UK,mobile,124,18,110,19,high,content is good but explanations are confusing,0
8662,Python,Canada,desktop,8,14,7,12,,i was enjoying the course but now feeling lost,1
8663,Data Science,Canada,mobile,3,8,42,12,low,not enough support,1
8664,Data Science,Canada,desktop,94,19,9,3,medium,great start but later became difficult,0
8665,Data Science,India,tablet,89,1,40,8,high,lectures are boring and repetitive,1
8666,AI,,desktop,157,5,3,22,low,too fast pace for beginners,1
8667,Python,UK,,94,13,77,28,high,content is good but explanations are confusing,0
8668,Cyber Security,Germany,desktop,89,8,3,12,,need more examples and practice,1
8669,Cyber Security,Germany,desktop,59,28,23,27,medium,i stopped understanding after few lessons,1
8670,Data Science,USA,,152,9,110,7,,lectures are boring and repetitive,0
8671,Python,India,tablet,166,25,20,19,medium,i stopped understanding after few lessons,1
8672,Python,UK,desktop,28,17,9,10,,,1
8673,Python,,tablet,62,14,45,18,medium,platform is good but i am losing interest,1
8674,Web Development,Canada,mobile,51,3,88,0,high,initially motivated but now skipping videos,1
8675,Web Development,India,mobile,7,4,69,8,low,lectures are boring and repetitive,0
8676,Data Science,India,,23,24,79,24,medium,platform is good but i am losing interest,1
8677,Python,UK,tablet,46,22,43,1,medium,lectures are boring and repetitive,0
8678,,,,78,20,91,3,high,content is good but explanations are confusing,0
8679,Python,USA,,106,5,99,28,,,0
8680,Cyber Security,,desktop,28,24,32,3,medium,i was enjoying the course but now feeling lost,1
8681,Cyber Security,USA,mobile,24,14,93,27,,platform is good but i am losing interest,0
8682,Data Science,USA,,7,19,35,0,high,content is good but explanations are confusing,1
8683,,Canada,desktop,112,29,24,27,medium,content is good but explanations are confusing,1
8684,Python,Canada,desktop,79,28,12,17,low,i stopped understanding after few lessons,0
8685,,UK,tablet,177,1,38,13,medium,not enough support,1
8686,Data Science,,mobile,3,15,78,12,high,not enough support,0
8687,Cyber Security,USA,tablet,2,4,37,7,,too fast pace for beginners,1
8688,Cyber Security,UK,tablet,7,29,29,5,medium,great start but later became difficult,0
8689,Web Development,USA,,121,22,13,16,high,great start but later became difficult,1
8690,Data Science,India,tablet,21,27,49,22,high,too fast pace for beginners,0
8691,Data Science,Germany,,137,3,67,10,high,too fast pace for beginners,0
8692,Python,Germany,tablet,140,27,0,14,,platform is good but i am losing interest,0
8693,Python,USA,desktop,24,0,60,6,,great start but later became difficult,0
8694,Web Development,UK,mobile,33,7,2,21,low,too fast pace for beginners,0
8695,AI,Canada,mobile,43,20,108,28,low,too fast pace for beginners,0
8696,,,mobile,82,9,49,29,medium,too fast pace for beginners,1
8697,AI,USA,desktop,118,14,60,26,high,platform is good but i am losing interest,1
8698,AI,USA,desktop,5,1,35,7,low,need more examples and practice,1
8699,Data Science,,tablet,123,18,3,10,,great start but later became difficult,0
8700,,Canada,tablet,71,11,42,27,high,need more examples and practice,0
8701,Data Science,USA,tablet,89,29,13,20,medium,i was enjoying the course but now feeling lost,0
8702,,India,tablet,142,9,88,1,high,platform is good but i am losing interest,0
8703,Cyber Security,Canada,mobile,116,11,102,19,low,initially motivated but now skipping videos,1
8704,Data Science,India,tablet,164,25,66,10,low,initially motivated but now skipping videos,1
8705,Data Science,Germany,desktop,35,20,6,13,high,initially motivated but now skipping videos,0
8706,Data Science,,desktop,108,26,7,23,,platform is good but i am losing interest,1
8707,Web Development,Canada,desktop,178,19,43,12,high,initially motivated but now skipping videos,0
8708,Data Science,Canada,,79,24,63,7,high,content is good but explanations are confusing,0
8709,Python,UK,,11,8,6,11,high,lectures are boring and repetitive,0
8710,Python,UK,,152,7,119,20,high,great start but later became difficult,0
8711,,,tablet,75,1,47,21,high,,1
8712,Cyber Security,Canada,mobile,44,20,61,8,,great start but later became difficult,0
8713,Web Development,Germany,mobile,179,29,24,25,medium,great start but later became difficult,0
8714,,USA,tablet,145,23,80,25,medium,,0
8715,Python,,tablet,125,23,89,9,low,content is good but explanations are confusing,0
8716,Web Development,,,85,6,117,10,,lectures are boring and repetitive,0
8717,Web Development,UK,desktop,8,3,67,10,high,platform is good but i am losing interest,0
8718,Cyber Security,Germany,desktop,79,18,63,15,,i was enjoying the course but now feeling lost,0
8719,Web Development,,,118,7,112,17,medium,too fast pace for beginners,0
8720,Data Science,Germany,,122,23,17,20,high,lectures are boring and repetitive,0
8721,Web Development,,mobile,74,12,3,8,,great start but later became difficult,0
8722,Cyber Security,UK,,28,25,16,2,low,content is good but explanations are confusing,0
8723,,USA,desktop,140,20,46,21,medium,not enough support,0
8724,Cyber Security,UK,desktop,171,2,117,3,high,need more examples and practice,0
8725,Cyber Security,,tablet,120,4,80,19,high,,1
8726,Python,Germany,mobile,165,19,44,18,high,lectures are boring and repetitive,0
8727,Data Science,India,tablet,108,7,88,9,high,platform is good but i am losing interest,0
8728,Python,UK,mobile,127,1,57,12,high,platform is good but i am losing interest,1
8729,,Germany,tablet,63,26,2,0,high,platform is good but i am losing interest,0
8730,AI,UK,mobile,101,23,11,11,,platform is good but i am losing interest,1
8731,,,,93,9,90,10,low,content is good but explanations are confusing,0
8732,Data Science,Germany,desktop,63,21,16,23,,not enough support,1
8733,Web Development,USA,,10,15,117,4,,not enough support,0
8734,Cyber Security,Germany,mobile,80,3,21,1,high,great start but later became difficult,0
8735,AI,Canada,mobile,37,26,38,16,high,initially motivated but now skipping videos,0
8736,Data Science,India,tablet,11,29,38,16,,platform is good but i am losing interest,1
8737,Python,,mobile,115,13,106,19,medium,i was enjoying the course but now feeling lost,1
8738,Cyber Security,Germany,,90,29,111,14,high,not enough support,0
8739,,,mobile,19,2,99,3,high,great start but later became difficult,1
8740,Python,UK,mobile,52,9,15,21,medium,not enough support,0
8741,Data Science,UK,tablet,118,12,100,10,,initially motivated but now skipping videos,0
8742,Data Science,Germany,mobile,18,4,50,22,medium,,0
8743,,Canada,tablet,94,21,117,0,high,platform is good but i am losing interest,0
8744,AI,Germany,desktop,32,16,28,9,low,great start but later became difficult,1
8745,,USA,tablet,151,16,77,17,medium,i stopped understanding after few lessons,0
8746,Web Development,Canada,mobile,140,10,70,14,medium,,1
8747,Python,,desktop,58,25,40,18,high,need more examples and practice,1
8748,AI,Germany,mobile,21,18,56,24,medium,platform is good but i am losing interest,0
8749,Cyber Security,,tablet,149,17,27,3,high,platform is good but i am losing interest,1
8750,Web Development,India,,29,27,76,5,low,not enough support,1
8751,AI,Canada,desktop,47,16,79,1,low,i stopped understanding after few lessons,1
8752,Python,Germany,,140,10,20,12,,lectures are boring and repetitive,0
8753,Data Science,India,,58,14,3,26,high,i stopped understanding after few lessons,1
8754,Cyber Security,Germany,desktop,169,7,102,1,low,i was enjoying the course but now feeling lost,0
8755,,USA,,19,11,98,12,high,lectures are boring and repetitive,0
8756,Python,UK,,140,28,115,14,medium,need more examples and practice,0
8757,Web Development,,,23,16,14,28,medium,lectures are boring and repetitive,1
8758,Web Development,Germany,,133,25,52,17,high,too fast pace for beginners,0
8759,Data Science,Canada,desktop,122,29,89,10,high,need more examples and practice,0
8760,Data Science,Germany,mobile,154,23,45,4,medium,not enough support,1
8761,Cyber Security,Germany,,117,4,6,28,high,platform is good but i am losing interest,0
8762,,Germany,desktop,63,28,17,24,medium,i was enjoying the course but now feeling lost,0
8763,Cyber Security,Germany,desktop,52,3,88,13,,,0
8764,Data Science,Canada,desktop,10,23,100,21,,,0
8765,Data Science,Canada,desktop,86,23,20,15,,lectures are boring and repetitive,0
8766,Web Development,Germany,tablet,167,10,115,13,high,not enough support,0
8767,Data Science,UK,mobile,151,29,7,8,medium,need more examples and practice,0
8768,AI,Germany,mobile,11,7,58,5,low,content is good but explanations are confusing,1
8769,Python,,,95,15,19,8,low,i stopped understanding after few lessons,0
8770,Data Science,,desktop,72,15,81,28,medium,i was enjoying the course but now feeling lost,0
8771,Cyber Security,Canada,tablet,128,2,116,4,medium,i stopped understanding after few lessons,0
8772,,,desktop,48,11,82,10,medium,content is good but explanations are confusing,1
8773,,,,92,23,115,11,medium,too fast pace for beginners,0
8774,,USA,mobile,16,12,66,16,medium,i stopped understanding after few lessons,0
8775,AI,Germany,,174,0,54,5,low,too fast pace for beginners,0
8776,Cyber Security,Germany,,175,28,61,19,,lectures are boring and repetitive,1
8777,AI,Germany,,95,3,101,24,medium,great start but later became difficult,1
8778,Data Science,Germany,,48,20,17,5,high,,0
8779,Python,India,,153,5,90,14,,great start but later became difficult,1
8780,,Germany,,77,4,78,16,low,i was enjoying the course but now feeling lost,0
8781,Cyber Security,Canada,,93,4,109,21,medium,initially motivated but now skipping videos,0
8782,,Canada,mobile,104,20,55,2,high,too fast pace for beginners,0
8783,AI,India,mobile,81,24,84,18,low,i was enjoying the course but now feeling lost,1
8784,Web Development,Germany,desktop,37,9,21,22,,i was enjoying the course but now feeling lost,1
8785,Data Science,UK,desktop,102,25,7,1,,content is good but explanations are confusing,0
8786,Python,Germany,tablet,29,18,10,8,high,not enough support,0
8787,Data Science,Canada,tablet,58,17,106,8,medium,need more examples and practice,0
8788,Web Development,USA,mobile,94,25,11,6,high,i stopped understanding after few lessons,0
8789,Python,,mobile,159,1,47,24,high,not enough support,0
8790,Web Development,USA,tablet,86,15,102,15,low,too fast pace for beginners,1
8791,Data Science,UK,mobile,110,14,62,26,high,need more examples and practice,0
8792,AI,Germany,tablet,41,23,26,5,high,content is good but explanations are confusing,1
8793,Data Science,India,desktop,178,4,34,8,,platform is good but i am losing interest,0
8794,Data Science,Germany,mobile,44,20,1,25,low,i stopped understanding after few lessons,0
8795,Data Science,UK,mobile,137,21,98,12,medium,,1
8796,Cyber Security,UK,tablet,90,8,94,1,,platform is good but i am losing interest,1
8797,Web Development,,,155,22,7,13,high,i was enjoying the course but now feeling lost,0
8798,Web Development,UK,,109,4,19,4,medium,initially motivated but now skipping videos,0
8799,,USA,desktop,59,4,7,10,low,not enough support,0
8800,Web Development,,mobile,110,25,62,14,,great start but later became difficult,0
8801,,Germany,mobile,106,8,67,5,medium,,1
8802,Cyber Security,Germany,tablet,131,8,30,27,high,i stopped understanding after few lessons,1
8803,AI,India,,7,1,118,5,high,initially motivated but now skipping videos,1
8804,,UK,,82,6,31,15,medium,,0
8805,Data Science,UK,desktop,16,25,12,26,,platform is good but i am losing interest,1
8806,AI,Canada,,49,0,85,19,medium,lectures are boring and repetitive,0
8807,Cyber Security,,,121,19,25,28,high,lectures are boring and repetitive,0
8808,Web Development,Canada,,32,1,80,3,low,content is good but explanations are confusing,0
8809,,,tablet,89,25,28,4,,i was enjoying the course but now feeling lost,0
8810,Data Science,USA,,172,24,90,5,high,i stopped understanding after few lessons,0
8811,Python,,desktop,19,11,119,27,high,not enough support,1
8812,Python,Germany,,3,5,85,12,medium,too fast pace for beginners,0
8813,AI,India,desktop,122,19,17,13,high,,0
8814,Web Development,,tablet,60,18,68,23,,great start but later became difficult,1
8815,Python,,tablet,163,15,11,27,medium,great start but later became difficult,0
8816,AI,,desktop,29,3,1,12,low,lectures are boring and repetitive,1
8817,Cyber Security,India,tablet,75,17,41,9,high,initially motivated but now skipping videos,0
8818,AI,UK,mobile,70,4,6,16,,too fast pace for beginners,1
8819,AI,India,mobile,83,24,46,23,,i stopped understanding after few lessons,1
8820,AI,UK,mobile,101,21,89,17,low,initially motivated but now skipping videos,1
8821,Data Science,Germany,mobile,173,17,53,26,,i stopped understanding after few lessons,1
8822,AI,India,mobile,155,5,102,6,,too fast pace for beginners,1
8823,,UK,tablet,90,24,14,3,low,content is good but explanations are confusing,0
8824,AI,Germany,desktop,163,13,111,23,high,initially motivated but now skipping videos,0
8825,Data Science,Germany,tablet,147,19,117,21,,content is good but explanations are confusing,0
8826,Data Science,UK,,17,16,57,20,medium,content is good but explanations are confusing,1
8827,Cyber Security,UK,mobile,35,17,32,15,,content is good but explanations are confusing,1
8828,Web Development,USA,mobile,113,20,110,9,medium,content is good but explanations are confusing,1
8829,Python,Germany,tablet,158,9,66,25,,need more examples and practice,1
8830,Python,UK,,122,22,62,29,high,great start but later became difficult,0
8831,AI,Germany,tablet,48,23,105,20,,platform is good but i am losing interest,1
8832,Cyber Security,India,desktop,17,18,47,19,medium,too fast pace for beginners,0
8833,AI,Canada,mobile,101,24,65,29,,i was enjoying the course but now feeling lost,0
8834,Python,Canada,tablet,15,17,80,18,medium,lectures are boring and repetitive,1
8835,Data Science,,desktop,128,3,64,2,low,platform is good but i am losing interest,0
8836,Web Development,UK,mobile,112,19,35,29,,i was enjoying the course but now feeling lost,0
8837,Cyber Security,UK,mobile,14,14,106,18,,i was enjoying the course but now feeling lost,1
8838,Data Science,Germany,mobile,142,5,16,22,medium,i stopped understanding after few lessons,1
8839,Web Development,,,173,25,1,23,medium,not enough support,0
8840,Cyber Security,UK,tablet,97,5,32,12,high,i was enjoying the course but now feeling lost,0
8841,Cyber Security,Germany,mobile,166,2,92,7,low,platform is good but i am losing interest,1
8842,Python,UK,mobile,119,8,5,17,medium,lectures are boring and repetitive,1
8843,Data Science,Germany,desktop,11,10,42,29,high,initially motivated but now skipping videos,0
8844,Cyber Security,UK,tablet,48,4,99,18,medium,,1
8845,,USA,desktop,154,13,87,17,low,initially motivated but now skipping videos,0
8846,Cyber Security,Germany,tablet,67,1,10,21,low,,0
8847,Web Development,USA,mobile,25,21,4,26,low,,1
8848,Python,USA,,86,18,29,18,low,,0
8849,AI,USA,desktop,110,7,9,21,,content is good but explanations are confusing,0
8850,Python,USA,,154,12,100,3,low,too fast pace for beginners,0
8851,AI,India,,162,18,90,12,low,great start but later became difficult,0
8852,Data Science,,,90,4,90,11,high,i stopped understanding after few lessons,1
8853,Data Science,Canada,tablet,9,14,23,14,low,lectures are boring and repetitive,0
8854,Cyber Security,India,tablet,40,3,58,25,medium,need more examples and practice,0
8855,,UK,,7,3,117,14,medium,i was enjoying the course but now feeling lost,1
8856,Data Science,UK,mobile,158,17,117,9,medium,,0
8857,Cyber Security,,mobile,118,23,66,21,,lectures are boring and repetitive,1
8858,Python,Canada,,158,18,60,28,medium,i was enjoying the course but now feeling lost,0
8859,Data Science,Canada,desktop,58,19,101,18,low,need more examples and practice,0
8860,Python,Canada,desktop,55,21,25,20,,i stopped understanding after few lessons,1
8861,Python,USA,tablet,14,8,108,7,low,initially motivated but now skipping videos,0
8862,,India,desktop,118,14,111,18,high,not enough support,1
8863,Data Science,UK,mobile,77,29,38,24,low,content is good but explanations are confusing,1
8864,Python,India,,165,11,81,8,medium,too fast pace for beginners,0
8865,,India,desktop,124,3,2,28,high,great start but later became difficult,0
8866,,India,,172,2,37,6,high,great start but later became difficult,1
8867,Data Science,Canada,desktop,134,4,41,7,high,,0
8868,,,tablet,26,24,47,8,high,need more examples and practice,0
8869,Data Science,,mobile,128,16,88,16,,too fast pace for beginners,1
8870,Data Science,Canada,tablet,118,4,12,14,low,content is good but explanations are confusing,1
8871,AI,UK,,142,26,88,15,high,content is good but explanations are confusing,0
8872,Python,UK,mobile,136,3,87,6,,lectures are boring and repetitive,0
8873,Web Development,UK,mobile,24,20,55,9,,content is good but explanations are confusing,0
8874,Data Science,,tablet,167,6,104,18,,,1
8875,Python,,desktop,177,6,58,5,low,i stopped understanding after few lessons,1
8876,,India,tablet,85,6,62,24,high,platform is good but i am losing interest,1
8877,Cyber Security,Canada,,63,16,79,11,low,not enough support,0
8878,Data Science,USA,desktop,26,24,42,14,,too fast pace for beginners,1
8879,,India,tablet,10,14,104,9,,i was enjoying the course but now feeling lost,1
8880,,Germany,tablet,106,6,105,26,low,content is good but explanations are confusing,1
8881,,,desktop,117,14,74,23,,not enough support,1
8882,,India,desktop,58,19,56,17,,not enough support,1
8883,,Canada,desktop,14,3,20,3,medium,great start but later became difficult,1
8884,Data Science,Germany,tablet,73,1,94,29,,platform is good but i am losing interest,1
8885,Web Development,India,desktop,39,21,53,10,low,platform is good but i am losing interest,0
8886,AI,Canada,desktop,122,12,78,4,high,i stopped understanding after few lessons,1
8887,,Canada,desktop,159,11,52,12,high,need more examples and practice,1
8888,,,mobile,178,9,44,9,low,i was enjoying the course but now feeling lost,0
8889,AI,USA,,144,18,112,21,low,,0
8890,Data Science,India,desktop,72,14,35,28,,,1
8891,Python,Canada,,112,16,62,6,low,lectures are boring and repetitive,0
8892,Cyber Security,UK,desktop,51,20,106,10,low,need more examples and practice,0
8893,Cyber Security,Canada,desktop,143,5,0,3,,content is good but explanations are confusing,0
8894,Python,USA,mobile,89,26,91,3,medium,need more examples and practice,0
8895,Data Science,Canada,mobile,38,4,96,4,medium,i stopped understanding after few lessons,1
8896,Cyber Security,,desktop,105,20,66,24,,content is good but explanations are confusing,1
8897,AI,India,desktop,79,27,118,8,medium,i stopped understanding after few lessons,0
8898,Python,,desktop,89,25,78,29,medium,need more examples and practice,0
8899,Web Development,India,,71,12,32,0,,i stopped understanding after few lessons,0
8900,Data Science,Germany,desktop,90,29,31,28,medium,need more examples and practice,0
8901,Python,India,,72,26,86,15,low,great start but later became difficult,0
8902,Cyber Security,Germany,mobile,149,13,57,4,medium,initially motivated but now skipping videos,1
8903,Data Science,,,16,28,25,4,medium,need more examples and practice,1
8904,AI,UK,desktop,111,23,60,6,low,content is good but explanations are confusing,1
8905,Data Science,USA,mobile,67,13,111,7,low,too fast pace for beginners,1
8906,Data Science,UK,tablet,65,29,16,18,high,i stopped understanding after few lessons,1
8907,AI,Germany,mobile,13,14,72,0,,not enough support,0
8908,,Canada,tablet,118,15,68,17,high,initially motivated but now skipping videos,1
8909,AI,Canada,,61,9,28,21,high,initially motivated but now skipping videos,1
8910,Data Science,UK,mobile,32,0,62,10,medium,i was enjoying the course but now feeling lost,0
8911,AI,Canada,mobile,140,23,5,29,low,i was enjoying the course but now feeling lost,1
8912,,Germany,mobile,95,28,110,21,high,,0
8913,Python,,,41,10,104,26,,i was enjoying the course but now feeling lost,1
8914,AI,USA,desktop,136,6,58,28,high,initially motivated but now skipping videos,0
8915,AI,India,,25,16,98,15,medium,content is good but explanations are confusing,0
8916,Data Science,Germany,mobile,133,29,114,20,high,too fast pace for beginners,0
8917,Python,Germany,desktop,45,24,20,10,low,need more examples and practice,1
8918,Web Development,India,mobile,130,27,44,20,low,not enough support,1
8919,Web Development,India,mobile,170,3,44,8,,need more examples and practice,0
8920,Cyber Security,USA,tablet,166,28,86,26,high,not enough support,1
8921,AI,USA,mobile,3,6,34,6,low,content is good but explanations are confusing,0
8922,AI,USA,,174,2,51,21,high,need more examples and practice,0
8923,Python,Canada,,150,23,45,14,high,,0
8924,,Germany,,104,19,65,10,low,platform is good but i am losing interest,0
8925,Web Development,,desktop,33,13,56,22,low,not enough support,0
8926,Cyber Security,India,tablet,32,17,41,18,medium,not enough support,1
8927,Python,Germany,tablet,111,17,72,28,medium,lectures are boring and repetitive,0
8928,AI,Germany,mobile,17,23,76,6,,i was enjoying the course but now feeling lost,0
8929,Web Development,USA,mobile,120,29,106,15,,,0
8930,Cyber Security,USA,tablet,82,23,97,2,,,0
8931,Data Science,Germany,desktop,3,0,15,15,high,too fast pace for beginners,0
8932,Web Development,USA,,70,5,4,7,,initially motivated but now skipping videos,0
8933,Cyber Security,Canada,mobile,177,8,0,25,low,too fast pace for beginners,0
8934,Python,India,tablet,118,24,103,9,,too fast pace for beginners,1
8935,Data Science,Germany,desktop,31,1,21,8,high,platform is good but i am losing interest,0
8936,Cyber Security,India,,149,7,47,2,medium,initially motivated but now skipping videos,1
8937,Cyber Security,Canada,mobile,16,23,109,6,high,need more examples and practice,0
8938,AI,USA,,17,19,25,7,low,great start but later became difficult,1
8939,,UK,,96,29,33,2,,i stopped understanding after few lessons,1
8940,Web Development,Canada,tablet,129,3,113,15,,too fast pace for beginners,0
8941,AI,UK,tablet,112,20,57,21,low,too fast pace for beginners,1
8942,Data Science,India,,102,26,84,28,,,0
8943,,Germany,,72,9,6,13,medium,content is good but explanations are confusing,0
8944,Cyber Security,USA,mobile,66,22,24,6,high,initially motivated but now skipping videos,0
8945,AI,Canada,desktop,111,0,56,3,high,content is good but explanations are confusing,0
8946,,USA,desktop,37,10,11,5,low,content is good but explanations are confusing,0
8947,Web Development,UK,,152,8,30,6,medium,i stopped understanding after few lessons,1
8948,Data Science,UK,tablet,91,18,110,11,low,lectures are boring and repetitive,0
8949,Python,,desktop,84,10,26,6,low,lectures are boring and repetitive,1
8950,AI,Germany,,111,3,85,26,medium,need more examples and practice,1
8951,Data Science,UK,tablet,62,22,33,0,low,,0
8952,Python,Germany,mobile,21,4,117,17,high,lectures are boring and repetitive,0
8953,AI,,desktop,106,20,80,10,,lectures are boring and repetitive,1
8954,Data Science,Canada,mobile,37,16,74,10,high,i stopped understanding after few lessons,1
8955,Data Science,,tablet,35,17,92,16,,initially motivated but now skipping videos,1
8956,,Germany,,166,4,33,24,,,0
8957,AI,UK,mobile,143,17,114,11,high,great start but later became difficult,1
8958,Data Science,India,,114,16,36,22,low,not enough support,0
8959,Cyber Security,Germany,desktop,170,25,57,26,medium,,1
8960,AI,USA,mobile,94,2,112,22,,platform is good but i am losing interest,1
8961,Data Science,India,desktop,4,10,111,18,medium,i stopped understanding after few lessons,0
8962,,Germany,desktop,107,16,59,20,medium,not enough support,0
8963,Python,USA,desktop,167,25,25,17,,i was enjoying the course but now feeling lost,0
8964,Python,,desktop,79,7,108,20,medium,lectures are boring and repetitive,0
8965,Cyber Security,India,desktop,23,23,44,23,medium,content is good but explanations are confusing,0
8966,AI,Germany,tablet,105,7,44,12,low,,0
8967,,Canada,mobile,15,22,31,9,medium,great start but later became difficult,0
8968,Data Science,,,140,22,100,18,high,lectures are boring and repetitive,1
8969,Data Science,USA,,128,1,68,3,,platform is good but i am losing interest,0
8970,Python,Canada,tablet,82,24,83,23,low,lectures are boring and repetitive,0
8971,,UK,,121,6,114,14,high,lectures are boring and repetitive,0
8972,Cyber Security,,,88,20,70,17,medium,i stopped understanding after few lessons,0
8973,Python,,,166,19,106,0,medium,platform is good but i am losing interest,0
8974,Python,Germany,mobile,156,23,22,18,high,too fast pace for beginners,1
8975,Cyber Security,Germany,,79,20,64,1,high,i was enjoying the course but now feeling lost,1
8976,AI,USA,mobile,19,5,38,9,low,,0
8977,Data Science,,,69,19,66,29,medium,not enough support,1
8978,AI,Germany,,132,17,44,17,medium,need more examples and practice,0
8979,,UK,mobile,10,27,66,3,medium,need more examples and practice,1
8980,Web Development,Germany,tablet,140,6,62,28,high,,0
8981,Web Development,,,135,27,69,28,medium,i was enjoying the course but now feeling lost,0
8982,Web Development,India,desktop,44,17,94,21,,platform is good but i am losing interest,0
8983,Cyber Security,Canada,desktop,151,26,53,9,,content is good but explanations are confusing,1
8984,Python,,tablet,2,11,26,25,low,lectures are boring and repetitive,0
8985,AI,UK,desktop,94,6,92,20,low,platform is good but i am losing interest,0
8986,Data Science,,mobile,116,6,78,3,high,lectures are boring and repetitive,1
8987,Web Development,UK,,165,0,35,23,,great start but later became difficult,1
8988,AI,,,69,28,4,26,high,platform is good but i am losing interest,1
8989,Web Development,Canada,,148,9,66,20,low,initially motivated but now skipping videos,0
8990,Web Development,Canada,,172,9,50,17,high,i was enjoying the course but now feeling lost,1
8991,Data Science,UK,desktop,108,11,88,19,high,platform is good but i am losing interest,0
8992,,,desktop,70,2,31,22,medium,not enough support,1
8993,,Canada,desktop,74,2,20,3,low,great start but later became difficult,0
8994,,USA,mobile,179,12,111,14,medium,need more examples and practice,1
8995,Cyber Security,,desktop,80,12,16,21,low,content is good but explanations are confusing,1
8996,Python,Canada,desktop,98,26,72,17,medium,initially motivated but now skipping videos,0
8997,Cyber Security,India,,159,5,25,8,low,need more examples and practice,0
8998,AI,India,desktop,100,26,21,19,low,great start but later became difficult,1
8999,Cyber Security,USA,tablet,169,2,40,28,,great start but later became difficult,0
9000,AI,Canada,tablet,58,27,109,16,low,i stopped understanding after few lessons,1
9001,AI,India,,133,14,58,29,high,content is good but explanations are confusing,1
9002,Python,,desktop,161,8,86,2,,not enough support,0
9003,Data Science,Germany,tablet,171,20,74,12,medium,too fast pace for beginners,0
9004,Python,Canada,tablet,147,5,9,29,high,platform is good but i am losing interest,1
9005,,USA,mobile,32,5,86,6,high,i stopped understanding after few lessons,1
9006,,Canada,,121,7,4,13,low,i was enjoying the course but now feeling lost,0
9007,Cyber Security,UK,tablet,3,25,54,29,low,not enough support,0
9008,AI,UK,tablet,129,10,25,25,high,i stopped understanding after few lessons,0
9009,Web Development,India,,169,18,3,24,,need more examples and practice,1
9010,Web Development,UK,desktop,48,15,106,5,high,need more examples and practice,0
9011,AI,USA,,167,8,26,13,high,not enough support,1
9012,Python,India,mobile,133,22,101,13,low,not enough support,0
9013,Data Science,USA,mobile,77,10,97,28,low,content is good but explanations are confusing,0
9014,Python,,mobile,11,15,57,13,low,not enough support,1
9015,AI,USA,tablet,22,28,2,19,medium,i stopped understanding after few lessons,1
9016,AI,UK,desktop,12,5,49,17,high,great start but later became difficult,1
9017,Data Science,,mobile,53,26,95,8,high,need more examples and practice,0
9018,Cyber Security,UK,,55,16,25,11,medium,i was enjoying the course but now feeling lost,0
9019,Cyber Security,USA,mobile,53,15,17,13,high,need more examples and practice,1
9020,Data Science,UK,tablet,21,19,6,23,high,i was enjoying the course but now feeling lost,0
9021,Cyber Security,UK,mobile,19,20,116,22,high,lectures are boring and repetitive,0
9022,Web Development,UK,desktop,88,27,44,15,,initially motivated but now skipping videos,0
9023,Cyber Security,Canada,mobile,94,17,12,1,medium,not enough support,0
9024,Cyber Security,,desktop,66,0,5,15,medium,great start but later became difficult,0
9025,Cyber Security,,desktop,59,17,34,17,high,lectures are boring and repetitive,0
9026,Web Development,,,177,7,94,23,low,not enough support,0
9027,Cyber Security,USA,desktop,59,25,105,8,high,i was enjoying the course but now feeling lost,0
9028,,Germany,tablet,151,21,52,24,high,lectures are boring and repetitive,0
9029,Web Development,USA,tablet,3,9,100,7,,too fast pace for beginners,0
9030,Data Science,,desktop,116,1,106,0,,lectures are boring and repetitive,0
9031,Python,India,desktop,58,8,67,4,low,great start but later became difficult,1
9032,Data Science,UK,mobile,62,23,41,6,,lectures are boring and repetitive,1
9033,Python,UK,mobile,146,3,3,9,high,platform is good but i am losing interest,1
9034,Data Science,Germany,,126,10,59,21,high,platform is good but i am losing interest,1
9035,,India,mobile,37,9,44,10,,need more examples and practice,1
9036,Python,Canada,tablet,113,13,71,11,,initially motivated but now skipping videos,0
9037,Python,USA,mobile,95,6,101,0,medium,not enough support,0
9038,AI,Canada,,78,18,74,25,high,too fast pace for beginners,0
9039,Python,India,,142,5,65,5,low,i stopped understanding after few lessons,0
9040,Python,Germany,desktop,105,15,81,3,,,0
9041,AI,India,,5,18,81,2,,not enough support,1
9042,Cyber Security,Germany,desktop,95,25,21,3,medium,need more examples and practice,1
9043,Cyber Security,Canada,tablet,129,28,11,23,medium,platform is good but i am losing interest,0
9044,AI,Canada,tablet,63,18,80,26,,need more examples and practice,1
9045,Web Development,India,mobile,20,12,50,5,low,not enough support,0
9046,Python,India,,43,11,16,24,low,too fast pace for beginners,0
9047,Python,UK,tablet,85,26,35,4,,great start but later became difficult,0
9048,AI,Germany,desktop,94,24,92,26,medium,,0
9049,AI,UK,,42,21,48,8,high,need more examples and practice,0
9050,Web Development,USA,,108,14,15,3,high,too fast pace for beginners,1
9051,,USA,desktop,94,7,104,13,medium,i was enjoying the course but now feeling lost,0
9052,Cyber Security,India,,74,3,74,14,high,great start but later became difficult,0
9053,Data Science,Canada,,109,19,43,27,medium,too fast pace for beginners,1
9054,,USA,tablet,115,7,106,3,low,i was enjoying the course but now feeling lost,1
9055,Cyber Security,USA,desktop,167,22,108,21,high,great start but later became difficult,0
9056,Python,UK,tablet,176,20,21,13,,,0
9057,,UK,desktop,125,15,93,28,,great start but later became difficult,0
9058,AI,USA,mobile,6,15,7,9,high,i stopped understanding after few lessons,0
9059,Web Development,India,,123,1,109,26,,content is good but explanations are confusing,1
9060,Cyber Security,UK,,42,21,17,6,medium,not enough support,0
9061,Web Development,USA,tablet,58,16,109,29,medium,initially motivated but now skipping videos,0
9062,Cyber Security,Canada,,171,22,79,17,,,1
9063,,UK,,10,24,110,19,high,,1
9064,Python,USA,tablet,89,4,117,14,high,platform is good but i am losing interest,0
9065,Data Science,Germany,tablet,78,4,83,28,high,lectures are boring and repetitive,0
9066,Web Development,UK,desktop,111,11,102,7,low,not enough support,1
9067,Web Development,Germany,mobile,39,6,71,8,high,platform is good but i am losing interest,1
9068,Data Science,UK,tablet,141,4,93,4,high,i was enjoying the course but now feeling lost,0
9069,Web Development,UK,desktop,167,25,37,5,medium,content is good but explanations are confusing,1
9070,Web Development,,tablet,11,27,28,25,low,,0
9071,Cyber Security,,desktop,110,27,76,11,medium,lectures are boring and repetitive,0
9072,Cyber Security,Germany,mobile,16,3,80,6,,too fast pace for beginners,1
9073,Data Science,India,desktop,33,16,103,6,,content is good but explanations are confusing,0
9074,Python,USA,desktop,59,5,106,14,high,lectures are boring and repetitive,0
9075,,India,,51,13,80,18,low,great start but later became difficult,0
9076,,India,tablet,15,8,72,12,,i stopped understanding after few lessons,0
9077,Web Development,,desktop,43,3,1,17,high,not enough support,0
9078,Python,USA,tablet,27,25,58,9,low,platform is good but i am losing interest,0
9079,Data Science,,desktop,56,10,41,7,,,1
9080,Data Science,,,121,19,117,24,,too fast pace for beginners,1
9081,Cyber Security,,,113,20,87,10,low,content is good but explanations are confusing,0
9082,Web Development,Canada,mobile,60,15,20,7,low,,1
9083,AI,India,desktop,115,15,109,7,low,initially motivated but now skipping videos,0
9084,Data Science,India,,109,15,1,14,low,platform is good but i am losing interest,0
9085,Web Development,India,tablet,175,5,4,1,,i was enjoying the course but now feeling lost,1
9086,Python,Canada,desktop,112,14,16,26,low,lectures are boring and repetitive,0
9087,Cyber Security,UK,desktop,100,2,23,19,medium,need more examples and practice,0
9088,,Germany,mobile,8,8,7,21,medium,great start but later became difficult,0
9089,Python,Germany,tablet,135,0,29,23,,lectures are boring and repetitive,1
9090,Data Science,Canada,mobile,81,10,49,12,,too fast pace for beginners,0
9091,Data Science,India,desktop,130,21,21,17,high,platform is good but i am losing interest,0
9092,Python,Germany,mobile,145,5,58,11,,initially motivated but now skipping videos,0
9093,Data Science,Canada,desktop,121,23,23,7,low,i was enjoying the course but now feeling lost,0
9094,Web Development,,desktop,4,4,25,16,low,platform is good but i am losing interest,0
9095,Data Science,USA,mobile,26,24,60,26,,not enough support,0
9096,Cyber Security,Germany,mobile,78,24,7,5,medium,platform is good but i am losing interest,0
9097,Web Development,USA,desktop,72,27,11,15,high,i was enjoying the course but now feeling lost,0
9098,AI,India,mobile,133,17,13,23,,great start but later became difficult,1
9099,Data Science,Germany,mobile,128,20,29,23,,platform is good but i am losing interest,0
9100,Data Science,Canada,desktop,5,11,54,27,high,content is good but explanations are confusing,0
9101,Cyber Security,UK,tablet,91,6,98,26,medium,not enough support,0
9102,Cyber Security,Germany,mobile,69,1,60,22,,lectures are boring and repetitive,0
9103,,Germany,mobile,3,6,61,22,medium,not enough support,0
9104,Python,Germany,,166,8,30,13,low,i was enjoying the course but now feeling lost,1
9105,Python,Germany,tablet,94,23,91,26,medium,too fast pace for beginners,1
9106,Python,Canada,mobile,1,25,109,9,low,,0
9107,Cyber Security,Canada,desktop,136,24,26,26,high,initially motivated but now skipping videos,1
9108,Python,UK,,13,29,99,27,,great start but later became difficult,1
9109,Python,Canada,,178,19,0,24,low,,1
9110,AI,Canada,,112,7,40,1,medium,initially motivated but now skipping videos,1
9111,Python,India,mobile,8,8,13,12,,need more examples and practice,0
9112,Data Science,India,desktop,158,9,73,0,low,initially motivated but now skipping videos,0
9113,,USA,,113,11,49,27,low,lectures are boring and repetitive,1
9114,Cyber Security,UK,tablet,168,1,41,17,medium,content is good but explanations are confusing,0
9115,Web Development,India,,79,9,70,29,low,initially motivated but now skipping videos,0
9116,,UK,,122,2,39,13,high,great start but later became difficult,1
9117,AI,UK,tablet,74,0,13,2,low,i was enjoying the course but now feeling lost,1
9118,Cyber Security,Germany,,127,16,99,14,medium,not enough support,0
9119,Cyber Security,,,161,25,90,8,,platform is good but i am losing interest,0
9120,Data Science,,tablet,113,21,10,25,medium,platform is good but i am losing interest,0
9121,,,mobile,52,0,62,12,medium,need more examples and practice,0
9122,,UK,tablet,121,4,105,22,,,0
9123,Python,Germany,mobile,33,29,48,4,low,platform is good but i am losing interest,1
9124,Data Science,USA,mobile,73,13,36,4,high,initially motivated but now skipping videos,1
9125,Python,USA,mobile,96,5,105,21,medium,great start but later became difficult,1
9126,Python,,tablet,37,8,9,1,medium,i was enjoying the course but now feeling lost,0
9127,Cyber Security,USA,tablet,69,21,53,0,high,great start but later became difficult,0
9128,,Germany,mobile,132,13,6,26,medium,platform is good but i am losing interest,1
9129,Python,,tablet,60,3,80,16,,too fast pace for beginners,1
9130,AI,Germany,mobile,74,0,115,18,low,platform is good but i am losing interest,1
9131,AI,USA,tablet,31,5,11,16,,initially motivated but now skipping videos,0
9132,,,desktop,14,6,100,8,medium,platform is good but i am losing interest,0
9133,AI,Germany,tablet,60,20,100,9,,need more examples and practice,1
9134,Cyber Security,Canada,tablet,68,5,54,28,medium,,0
9135,Data Science,Canada,tablet,128,25,35,14,low,great start but later became difficult,0
9136,Web Development,Germany,mobile,26,23,6,12,,not enough support,1
9137,Python,Germany,mobile,152,0,23,28,,lectures are boring and repetitive,1
9138,Web Development,India,desktop,137,7,33,20,high,content is good but explanations are confusing,0
9139,Data Science,India,desktop,35,11,64,24,high,great start but later became difficult,0
9140,Data Science,UK,,106,28,28,20,medium,content is good but explanations are confusing,1
9141,Cyber Security,,desktop,24,10,25,16,,lectures are boring and repetitive,0
9142,AI,UK,mobile,159,1,73,26,low,lectures are boring and repetitive,1
9143,AI,UK,desktop,83,1,64,27,low,platform is good but i am losing interest,1
9144,Data Science,USA,desktop,169,23,44,22,high,not enough support,1
9145,Cyber Security,Canada,tablet,36,1,16,6,high,,0
9146,Cyber Security,USA,desktop,101,7,104,3,high,i stopped understanding after few lessons,0
9147,,,,34,20,35,2,low,platform is good but i am losing interest,0
9148,Python,Germany,tablet,121,24,72,0,low,content is good but explanations are confusing,0
9149,AI,India,mobile,39,24,102,6,low,initially motivated but now skipping videos,0
9150,Data Science,,,23,29,62,4,medium,too fast pace for beginners,0
9151,,Germany,mobile,80,23,22,25,,lectures are boring and repetitive,0
9152,Web Development,,,172,29,92,16,medium,content is good but explanations are confusing,0
9153,AI,Germany,tablet,70,24,65,16,,not enough support,0
9154,Python,India,,59,6,81,14,,platform is good but i am losing interest,0
9155,Cyber Security,Germany,,154,15,91,2,,i stopped understanding after few lessons,0
9156,Data Science,UK,desktop,22,23,116,2,high,great start but later became difficult,1
9157,AI,,mobile,109,21,110,1,,initially motivated but now skipping videos,0
9158,Web Development,India,tablet,111,8,41,7,high,need more examples and practice,0
9159,Python,Germany,,88,15,112,12,,i stopped understanding after few lessons,0
9160,Python,UK,mobile,40,1,70,27,medium,great start but later became difficult,0
9161,,UK,mobile,85,2,74,23,medium,,0
9162,AI,Canada,desktop,94,1,70,5,,initially motivated but now skipping videos,0
9163,Web Development,UK,mobile,11,21,42,4,medium,too fast pace for beginners,1
9164,Python,USA,tablet,117,18,87,12,medium,need more examples and practice,0
9165,Data Science,India,desktop,9,26,54,29,,lectures are boring and repetitive,1
9166,Python,India,,12,16,55,21,,i stopped understanding after few lessons,1
9167,Web Development,India,tablet,154,19,78,0,high,platform is good but i am losing interest,0
9168,Cyber Security,Germany,tablet,38,20,30,17,medium,platform is good but i am losing interest,0
9169,Cyber Security,,tablet,131,11,114,6,medium,content is good but explanations are confusing,0
9170,,Germany,desktop,126,10,82,16,,not enough support,1
9171,AI,USA,mobile,143,19,55,7,low,platform is good but i am losing interest,0
9172,Web Development,,tablet,175,21,73,18,high,i stopped understanding after few lessons,0
9173,,UK,mobile,133,18,47,15,high,platform is good but i am losing interest,1
9174,Python,Germany,mobile,54,25,51,13,low,not enough support,0
9175,Python,,tablet,24,5,71,19,high,need more examples and practice,0
9176,Cyber Security,UK,mobile,139,9,0,22,high,not enough support,0
9177,,,desktop,121,13,1,9,medium,too fast pace for beginners,0
9178,Cyber Security,UK,desktop,119,0,92,22,medium,not enough support,1
9179,Data Science,,,161,14,41,1,,great start but later became difficult,0
9180,Cyber Security,Germany,mobile,74,5,73,20,,content is good but explanations are confusing,0
9181,Data Science,Germany,mobile,171,12,105,23,high,content is good but explanations are confusing,0
9182,Python,USA,,121,23,8,15,low,i stopped understanding after few lessons,1
9183,,Canada,desktop,128,25,113,24,,not enough support,0
9184,Data Science,India,,44,13,30,12,,great start but later became difficult,0
9185,,Germany,,90,12,95,4,low,i stopped understanding after few lessons,0
9186,,Germany,,164,23,1,17,high,content is good but explanations are confusing,1
9187,Data Science,UK,mobile,12,15,23,19,high,content is good but explanations are confusing,1
9188,AI,Canada,mobile,3,0,100,10,,initially motivated but now skipping videos,0
9189,Cyber Security,Germany,mobile,50,13,116,4,high,too fast pace for beginners,1
9190,Data Science,,mobile,157,12,42,21,high,too fast pace for beginners,1
9191,Python,Canada,tablet,108,22,69,27,,i was enjoying the course but now feeling lost,0
9192,,India,,16,29,71,21,,too fast pace for beginners,0
9193,Web Development,,,168,9,103,12,medium,i stopped understanding after few lessons,1
9194,Data Science,UK,mobile,27,9,88,27,medium,lectures are boring and repetitive,0
9195,Cyber Security,USA,desktop,123,27,105,0,high,,0
9196,,,tablet,70,3,42,5,low,lectures are boring and repetitive,1
9197,AI,India,tablet,42,13,50,10,medium,initially motivated but now skipping videos,1
9198,Python,,desktop,138,11,88,9,high,i stopped understanding after few lessons,0
9199,AI,Canada,mobile,125,21,45,0,low,lectures are boring and repetitive,0
9200,Web Development,Canada,tablet,166,5,74,15,medium,initially motivated but now skipping videos,1
9201,Data Science,India,tablet,136,14,98,12,medium,not enough support,0
9202,,Canada,,146,4,0,20,high,i was enjoying the course but now feeling lost,1
9203,Data Science,,,145,9,116,26,,content is good but explanations are confusing,0
9204,Cyber Security,USA,mobile,58,8,86,15,,platform is good but i am losing interest,0
9205,Data Science,,mobile,106,26,66,14,low,not enough support,0
9206,Python,USA,,66,9,104,6,,i stopped understanding after few lessons,0
9207,Web Development,Canada,,172,23,0,13,high,lectures are boring and repetitive,0
9208,AI,,,84,11,117,29,medium,initially motivated but now skipping videos,0
9209,Web Development,Canada,desktop,9,21,62,23,low,content is good but explanations are confusing,0
9210,,USA,tablet,176,3,107,10,,i was enjoying the course but now feeling lost,0
9211,Data Science,Canada,mobile,167,28,75,26,medium,i was enjoying the course but now feeling lost,0
9212,,Germany,mobile,105,3,101,12,high,i was enjoying the course but now feeling lost,0
9213,AI,UK,desktop,89,12,61,4,high,lectures are boring and repetitive,0
9214,,,,89,24,60,17,medium,not enough support,0
9215,Cyber Security,Germany,tablet,88,13,39,2,high,great start but later became difficult,0
9216,Web Development,Canada,,6,11,94,11,high,great start but later became difficult,0
9217,AI,Canada,mobile,158,12,28,6,medium,platform is good but i am losing interest,0
9218,AI,UK,desktop,123,19,34,25,,too fast pace for beginners,0
9219,AI,Canada,tablet,74,12,91,19,low,platform is good but i am losing interest,0
9220,Python,UK,tablet,103,22,84,14,medium,i was enjoying the course but now feeling lost,0
9221,Web Development,,tablet,146,29,10,0,medium,content is good but explanations are confusing,1
9222,,USA,tablet,171,21,89,18,,great start but later became difficult,1
9223,AI,UK,desktop,33,1,10,9,low,content is good but explanations are confusing,0
9224,Web Development,UK,mobile,147,20,62,13,high,not enough support,0
9225,AI,Germany,tablet,87,18,68,14,,,1
9226,Cyber Security,Canada,tablet,69,8,55,1,low,i stopped understanding after few lessons,1
9227,Cyber Security,,mobile,124,9,6,24,medium,content is good but explanations are confusing,0
9228,Cyber Security,USA,,26,16,50,16,low,,1
9229,Data Science,India,tablet,157,9,94,24,,content is good but explanations are confusing,0
9230,AI,UK,tablet,152,19,38,9,high,,0
9231,Data Science,India,,6,12,41,4,low,i was enjoying the course but now feeling lost,1
9232,Web Development,Canada,mobile,39,19,71,27,low,platform is good but i am losing interest,0
9233,Data Science,UK,mobile,4,24,52,5,medium,not enough support,0
9234,Web Development,India,tablet,128,29,90,5,low,too fast pace for beginners,0
9235,Web Development,Germany,mobile,58,0,20,27,medium,i was enjoying the course but now feeling lost,1
9236,Web Development,India,,48,1,29,5,,not enough support,1
9237,,Germany,desktop,60,16,77,24,high,lectures are boring and repetitive,0
9238,Data Science,USA,,26,12,0,13,,need more examples and practice,1
9239,,Canada,,77,16,108,12,low,great start but later became difficult,0
9240,AI,,desktop,168,27,23,12,low,great start but later became difficult,0
9241,Data Science,India,,86,29,5,24,medium,content is good but explanations are confusing,1
9242,AI,UK,tablet,123,12,5,26,medium,,0
9243,AI,Canada,tablet,56,16,116,9,,i stopped understanding after few lessons,0
9244,Web Development,India,mobile,39,18,68,15,,lectures are boring and repetitive,1
9245,Data Science,UK,mobile,81,26,61,6,,content is good but explanations are confusing,1
9246,AI,UK,,167,13,34,2,high,initially motivated but now skipping videos,0
9247,Cyber Security,,tablet,176,19,107,14,medium,initially motivated but now skipping videos,1
9248,AI,,tablet,25,9,78,22,,too fast pace for beginners,1
9249,Cyber Security,UK,desktop,162,1,34,4,medium,content is good but explanations are confusing,0
9250,Data Science,,mobile,127,13,47,24,,,0
9251,,UK,tablet,149,16,113,7,high,great start but later became difficult,0
9252,Data Science,India,,25,4,104,25,medium,need more examples and practice,1
9253,,USA,tablet,89,21,71,27,medium,i stopped understanding after few lessons,0
9254,,,mobile,22,17,42,21,medium,i stopped understanding after few lessons,0
9255,Data Science,Germany,,23,2,34,4,medium,,0
9256,AI,Germany,mobile,153,15,4,25,high,platform is good but i am losing interest,0
9257,Python,Germany,tablet,154,25,30,1,,i stopped understanding after few lessons,1
9258,AI,USA,tablet,30,18,105,26,high,not enough support,0
9259,AI,UK,tablet,166,17,30,27,medium,too fast pace for beginners,1
9260,Web Development,UK,mobile,103,19,100,18,low,,0
9261,Web Development,Canada,,162,29,7,10,high,i was enjoying the course but now feeling lost,1
9262,AI,Germany,tablet,77,4,5,10,low,too fast pace for beginners,0
9263,Cyber Security,Germany,tablet,73,7,86,2,medium,initially motivated but now skipping videos,0
9264,,UK,tablet,143,5,52,12,medium,content is good but explanations are confusing,1
9265,Web Development,Germany,desktop,95,14,79,19,high,initially motivated but now skipping videos,0
9266,AI,UK,desktop,172,24,43,18,low,platform is good but i am losing interest,0
9267,Python,UK,,95,2,48,22,high,not enough support,1
9268,Cyber Security,,mobile,138,25,7,28,high,,0
9269,Data Science,UK,tablet,117,8,63,14,high,lectures are boring and repetitive,1
9270,AI,India,tablet,37,26,3,5,medium,too fast pace for beginners,0
9271,AI,India,mobile,7,29,31,12,,initially motivated but now skipping videos,1
9272,,India,mobile,124,10,52,23,low,i was enjoying the course but now feeling lost,0
9273,Cyber Security,India,,32,19,112,17,,need more examples and practice,1
9274,Web Development,USA,mobile,11,23,66,17,,platform is good but i am losing interest,0
9275,Web Development,Canada,tablet,176,25,62,0,medium,initially motivated but now skipping videos,0
9276,Web Development,Canada,,109,22,113,20,medium,platform is good but i am losing interest,1
9277,Data Science,UK,desktop,92,13,79,22,medium,need more examples and practice,0
9278,Cyber Security,Germany,,48,22,59,24,high,need more examples and practice,0
9279,Cyber Security,India,,45,8,97,20,medium,content is good but explanations are confusing,0
9280,Web Development,Canada,,95,9,76,26,medium,initially motivated but now skipping videos,1
9281,Web Development,Canada,mobile,33,29,32,10,medium,need more examples and practice,1
9282,,India,tablet,118,14,21,15,medium,too fast pace for beginners,0
9283,Python,USA,mobile,132,17,30,0,,i was enjoying the course but now feeling lost,1
9284,Python,USA,tablet,47,20,23,18,,,0
9285,AI,Canada,mobile,122,18,2,7,medium,i stopped understanding after few lessons,1
9286,AI,USA,,53,6,32,18,,i stopped understanding after few lessons,0
9287,Cyber Security,,tablet,126,18,93,22,medium,not enough support,0
9288,Cyber Security,India,mobile,159,4,25,15,low,i stopped understanding after few lessons,0
9289,Data Science,Canada,,159,20,97,25,high,i stopped understanding after few lessons,0
9290,Data Science,India,desktop,27,17,50,2,medium,platform is good but i am losing interest,1
9291,Python,USA,mobile,89,26,85,1,,,0
9292,AI,India,mobile,176,0,29,11,high,i was enjoying the course but now feeling lost,0
9293,Python,USA,desktop,36,11,34,28,,platform is good but i am losing interest,0
9294,Python,USA,mobile,177,5,24,9,low,great start but later became difficult,0
9295,AI,India,desktop,159,12,27,29,low,initially motivated but now skipping videos,0
9296,Data Science,USA,tablet,101,16,96,21,high,content is good but explanations are confusing,0
9297,,,desktop,122,8,86,1,low,not enough support,1
9298,,UK,,172,25,25,25,medium,not enough support,0
9299,,India,desktop,125,20,119,29,low,not enough support,1
9300,AI,UK,tablet,59,0,72,20,,i stopped understanding after few lessons,1
9301,Web Development,India,desktop,23,11,7,4,medium,,1
9302,Web Development,USA,desktop,99,23,100,4,,i stopped understanding after few lessons,0
9303,Web Development,USA,tablet,68,0,96,5,high,i stopped understanding after few lessons,0
9304,Cyber Security,Canada,mobile,92,3,14,2,high,,1
9305,Data Science,,mobile,170,6,48,9,high,content is good but explanations are confusing,1
9306,Data Science,Canada,,105,19,110,4,,need more examples and practice,1
9307,Cyber Security,UK,,42,27,7,23,,i stopped understanding after few lessons,1
9308,Python,USA,desktop,141,4,54,19,high,platform is good but i am losing interest,0
9309,,Canada,mobile,129,22,84,29,,content is good but explanations are confusing,0
9310,Web Development,USA,mobile,53,19,57,4,high,great start but later became difficult,1
9311,,India,desktop,168,4,2,14,high,initially motivated but now skipping videos,0
9312,Web Development,Canada,tablet,90,6,8,16,,initially motivated but now skipping videos,0
9313,,UK,mobile,174,16,115,16,medium,great start but later became difficult,0
9314,Python,Canada,,116,11,13,23,high,i stopped understanding after few lessons,0
9315,,USA,desktop,87,14,101,17,low,too fast pace for beginners,0
9316,,Germany,tablet,113,2,90,25,medium,platform is good but i am losing interest,0
9317,AI,Germany,,150,16,19,9,medium,too fast pace for beginners,0
9318,,,mobile,115,13,3,22,medium,initially motivated but now skipping videos,0
9319,AI,USA,tablet,120,14,23,6,medium,content is good but explanations are confusing,0
9320,Data Science,India,,28,14,90,10,high,great start but later became difficult,1
9321,Cyber Security,Canada,desktop,53,14,75,13,high,,1
9322,,Germany,tablet,117,18,27,8,high,great start but later became difficult,0
9323,Data Science,India,tablet,145,10,98,16,low,initially motivated but now skipping videos,0
9324,AI,USA,desktop,64,17,87,1,high,need more examples and practice,0
9325,,India,mobile,6,20,30,29,high,platform is good but i am losing interest,1
9326,,USA,mobile,142,9,66,16,low,i stopped understanding after few lessons,0
9327,Python,,tablet,114,20,93,16,high,,0
9328,Data Science,Canada,tablet,128,25,63,26,,content is good but explanations are confusing,0
9329,Web Development,India,tablet,17,8,90,19,,content is good but explanations are confusing,0
9330,Web Development,Canada,,38,23,116,23,high,,1
9331,Python,India,tablet,13,2,16,9,medium,i stopped understanding after few lessons,0
9332,AI,USA,mobile,112,0,5,23,high,lectures are boring and repetitive,0
9333,Web Development,USA,desktop,137,20,110,11,low,lectures are boring and repetitive,0
9334,Web Development,India,desktop,172,10,106,11,medium,content is good but explanations are confusing,0
9335,Cyber Security,,desktop,127,15,81,26,low,i was enjoying the course but now feeling lost,0
9336,Data Science,USA,tablet,106,2,59,14,,content is good but explanations are confusing,0
9337,AI,UK,tablet,154,20,98,8,low,need more examples and practice,0
9338,,UK,desktop,77,8,90,17,high,initially motivated but now skipping videos,0
9339,Data Science,Canada,,19,10,80,15,,too fast pace for beginners,1
9340,AI,UK,,176,29,10,28,medium,platform is good but i am losing interest,0
9341,Web Development,UK,,158,16,37,6,high,great start but later became difficult,1
9342,Cyber Security,,,160,0,100,27,,need more examples and practice,1
9343,Data Science,,mobile,78,8,105,13,medium,lectures are boring and repetitive,0
9344,Web Development,Germany,desktop,120,2,33,3,,great start but later became difficult,0
9345,AI,Germany,mobile,79,27,46,2,medium,too fast pace for beginners,1
9346,Data Science,,tablet,76,9,31,11,medium,i was enjoying the course but now feeling lost,0
9347,,Germany,,101,4,106,15,low,i was enjoying the course but now feeling lost,1
9348,Data Science,,,75,24,119,3,high,i was enjoying the course but now feeling lost,1
9349,Web Development,Germany,desktop,120,10,56,3,medium,,0
9350,Data Science,USA,,139,4,45,2,medium,,0
9351,,,desktop,83,11,109,8,low,great start but later became difficult,0
9352,Cyber Security,Canada,tablet,154,13,34,23,medium,content is good but explanations are confusing,0
9353,Cyber Security,Canada,,26,11,91,13,medium,lectures are boring and repetitive,0
9354,Web Development,,,128,18,117,11,,i was enjoying the course but now feeling lost,0
9355,AI,UK,mobile,145,8,21,9,high,not enough support,0
9356,Web Development,Canada,desktop,83,27,15,13,low,need more examples and practice,1
9357,Cyber Security,UK,desktop,44,6,109,11,low,initially motivated but now skipping videos,0
9358,Python,Canada,,84,15,105,11,medium,platform is good but i am losing interest,0
9359,Python,India,mobile,151,27,117,1,medium,too fast pace for beginners,0
9360,Data Science,India,,25,27,103,18,low,content is good but explanations are confusing,1
9361,,,desktop,37,6,75,12,medium,need more examples and practice,0
9362,Data Science,Canada,desktop,112,13,4,9,medium,,0
9363,Python,USA,,2,7,89,22,,initially motivated but now skipping videos,0
9364,Cyber Security,UK,tablet,98,26,25,20,low,i was enjoying the course but now feeling lost,0
9365,Data Science,Canada,,32,20,76,0,medium,,0
9366,Web Development,,mobile,89,17,23,0,high,lectures are boring and repetitive,0
9367,,UK,desktop,178,26,107,27,medium,too fast pace for beginners,0
9368,Web Development,Germany,desktop,160,24,66,7,,need more examples and practice,1
9369,,,,37,2,31,5,,lectures are boring and repetitive,1
9370,Cyber Security,Canada,tablet,115,26,22,19,low,content is good but explanations are confusing,0
9371,Data Science,USA,desktop,141,29,48,2,,lectures are boring and repetitive,1
9372,,Germany,,3,1,115,12,,too fast pace for beginners,0
9373,Web Development,,tablet,170,25,100,24,high,great start but later became difficult,1
9374,Data Science,Canada,,40,25,118,24,,i was enjoying the course but now feeling lost,1
9375,Data Science,India,,74,4,61,11,medium,i was enjoying the course but now feeling lost,0
9376,Web Development,Canada,,66,7,101,19,,not enough support,0
9377,Python,India,desktop,60,18,108,15,high,i stopped understanding after few lessons,1
9378,,India,tablet,11,21,101,10,low,great start but later became difficult,0
9379,Web Development,,mobile,120,8,76,23,high,i stopped understanding after few lessons,1
9380,Cyber Security,Canada,mobile,129,1,78,3,medium,platform is good but i am losing interest,1
9381,AI,Canada,desktop,154,14,65,7,medium,need more examples and practice,1
9382,Web Development,India,desktop,42,7,10,6,low,initially motivated but now skipping videos,1
9383,Data Science,UK,,123,9,79,15,high,i was enjoying the course but now feeling lost,0
9384,Data Science,Germany,,92,6,17,29,high,too fast pace for beginners,1
9385,Web Development,USA,tablet,62,18,97,11,low,need more examples and practice,1
9386,AI,Canada,,12,0,9,5,low,great start but later became difficult,0
9387,Web Development,Germany,tablet,155,21,76,22,low,need more examples and practice,1
9388,AI,Germany,,28,1,95,5,low,i was enjoying the course but now feeling lost,1
9389,AI,UK,,156,2,59,10,medium,content is good but explanations are confusing,1
9390,Cyber Security,Germany,mobile,107,27,7,11,medium,not enough support,0
9391,,Canada,desktop,149,13,70,15,low,great start but later became difficult,0
9392,Data Science,,tablet,135,14,47,21,,initially motivated but now skipping videos,1
9393,Data Science,,mobile,95,20,80,15,low,initially motivated but now skipping videos,1
9394,AI,Germany,,14,13,40,29,,not enough support,0
9395,Data Science,Canada,mobile,167,26,90,22,,platform is good but i am losing interest,0
9396,Python,Canada,tablet,118,7,7,15,high,i was enjoying the course but now feeling lost,1
9397,AI,India,desktop,126,17,92,3,,initially motivated but now skipping videos,0
9398,Data Science,UK,mobile,103,21,115,11,,great start but later became difficult,1
9399,Python,USA,tablet,73,16,36,4,,initially motivated but now skipping videos,0
9400,Cyber Security,India,,62,6,90,8,medium,not enough support,0
9401,Data Science,USA,mobile,12,19,36,17,high,,0
9402,Python,Canada,desktop,38,0,63,8,high,great start but later became difficult,1
9403,Web Development,,tablet,39,8,58,15,,i was enjoying the course but now feeling lost,1
9404,,India,desktop,86,8,87,20,medium,initially motivated but now skipping videos,0
9405,Web Development,Germany,,4,10,44,25,low,lectures are boring and repetitive,1
9406,Python,Germany,desktop,48,18,15,0,medium,lectures are boring and repetitive,0
9407,AI,USA,,135,5,25,26,high,i stopped understanding after few lessons,0
9408,AI,Canada,,60,6,117,22,,initially motivated but now skipping videos,1
9409,Data Science,,mobile,168,28,30,4,medium,need more examples and practice,0
9410,Web Development,USA,,8,14,26,18,,lectures are boring and repetitive,1
9411,AI,,desktop,124,19,89,2,low,i was enjoying the course but now feeling lost,0
9412,AI,UK,mobile,116,5,42,0,medium,initially motivated but now skipping videos,1
9413,Web Development,,,58,8,14,22,low,great start but later became difficult,0
9414,Cyber Security,Germany,tablet,35,29,57,13,low,need more examples and practice,0
9415,AI,India,tablet,73,14,48,17,high,i stopped understanding after few lessons,0
9416,,India,,115,25,78,7,high,content is good but explanations are confusing,0
9417,Python,India,mobile,13,21,86,13,,i stopped understanding after few lessons,0
9418,Data Science,,mobile,39,22,24,19,low,lectures are boring and repetitive,0
9419,AI,Germany,mobile,84,5,107,19,low,lectures are boring and repetitive,0
9420,,,desktop,21,6,67,12,high,lectures are boring and repetitive,0
9421,,Canada,tablet,47,16,35,26,low,i was enjoying the course but now feeling lost,1
9422,AI,Germany,,2,5,116,20,medium,,1
9423,Cyber Security,Germany,,44,27,79,15,low,great start but later became difficult,0
9424,Python,,tablet,30,8,46,8,low,great start but later became difficult,0
9425,Data Science,,desktop,128,26,103,6,high,initially motivated but now skipping videos,1
9426,AI,India,mobile,55,2,58,2,high,i stopped understanding after few lessons,1
9427,Data Science,Germany,tablet,40,13,84,19,,,0
9428,Web Development,India,,97,5,51,24,high,too fast pace for beginners,0
9429,,Canada,desktop,92,3,39,0,medium,,1
9430,,UK,,24,15,42,23,low,,1
9431,AI,India,mobile,170,22,116,7,,,1
9432,AI,,tablet,28,15,55,13,low,need more examples and practice,0
9433,Web Development,USA,mobile,117,22,80,12,high,,0
9434,Cyber Security,UK,desktop,105,28,2,6,low,need more examples and practice,1
9435,AI,Canada,tablet,93,8,70,12,low,too fast pace for beginners,0
9436,,,mobile,98,3,11,21,medium,,0
9437,Data Science,UK,mobile,179,29,64,6,low,,0
9438,Python,,mobile,150,7,42,25,medium,initially motivated but now skipping videos,1
9439,Data Science,India,desktop,89,23,100,19,low,need more examples and practice,0
9440,Cyber Security,,mobile,78,7,69,19,high,not enough support,0
9441,Python,Canada,,74,29,45,4,,not enough support,0
9442,Data Science,USA,tablet,136,23,59,3,high,lectures are boring and repetitive,1
9443,Data Science,India,tablet,14,5,60,3,,content is good but explanations are confusing,1
9444,Web Development,India,mobile,45,7,48,24,low,i was enjoying the course but now feeling lost,1
9445,Cyber Security,Canada,desktop,38,5,86,5,high,great start but later became difficult,0
9446,,Canada,,160,25,24,13,medium,content is good but explanations are confusing,0
9447,Web Development,UK,,62,13,88,2,high,not enough support,0
9448,Python,USA,tablet,96,13,2,2,medium,not enough support,1
9449,,,tablet,67,17,67,25,low,i stopped understanding after few lessons,0
9450,Web Development,UK,,61,12,62,23,low,,1
9451,Cyber Security,,tablet,13,14,29,2,,lectures are boring and repetitive,0
9452,AI,,mobile,119,2,96,29,high,great start but later became difficult,0
9453,AI,,,87,5,92,3,low,great start but later became difficult,0
9454,Python,UK,tablet,83,22,3,21,,great start but later became difficult,0
9455,AI,India,mobile,80,29,77,8,,i stopped understanding after few lessons,0
9456,Web Development,Canada,mobile,47,19,84,21,low,,0
9457,Python,India,,111,16,70,15,medium,not enough support,0
9458,,USA,mobile,114,19,20,18,medium,not enough support,0
9459,Cyber Security,UK,,54,15,119,15,,lectures are boring and repetitive,1
9460,Python,USA,mobile,71,5,70,11,low,too fast pace for beginners,1
9461,,Canada,,72,7,0,5,high,need more examples and practice,1
9462,Python,Canada,,25,28,59,19,high,i was enjoying the course but now feeling lost,1
9463,Data Science,Germany,,23,27,33,20,,need more examples and practice,1
9464,Data Science,USA,,158,12,86,29,high,initially motivated but now skipping videos,0
9465,Python,India,mobile,11,28,2,20,low,need more examples and practice,1
9466,AI,USA,,163,29,17,2,high,i stopped understanding after few lessons,0
9467,Data Science,UK,tablet,27,12,42,20,high,content is good but explanations are confusing,1
9468,Cyber Security,Canada,mobile,117,19,75,27,low,i stopped understanding after few lessons,0
9469,,Canada,,67,25,77,27,medium,,1
9470,Web Development,USA,mobile,47,16,40,4,medium,need more examples and practice,0
9471,Data Science,USA,mobile,178,20,91,6,,not enough support,0
9472,Python,,mobile,8,22,105,24,low,i was enjoying the course but now feeling lost,1
9473,AI,USA,mobile,77,21,108,4,medium,,0
9474,Web Development,,,170,2,23,8,high,initially motivated but now skipping videos,0
9475,,UK,mobile,67,12,23,14,,,1
9476,,UK,tablet,148,6,2,20,low,lectures are boring and repetitive,0
9477,Data Science,India,mobile,173,19,58,19,low,i stopped understanding after few lessons,0
9478,,USA,mobile,35,4,57,5,,i stopped understanding after few lessons,0
9479,,India,tablet,77,10,72,7,medium,i stopped understanding after few lessons,0
9480,AI,Germany,,148,22,23,19,,too fast pace for beginners,0
9481,AI,UK,tablet,24,17,65,4,,not enough support,1
9482,AI,Canada,desktop,55,3,118,25,low,initially motivated but now skipping videos,0
9483,Python,,tablet,137,19,39,16,low,lectures are boring and repetitive,0
9484,,Germany,,94,21,91,9,high,too fast pace for beginners,0
9485,,Canada,tablet,144,27,70,27,,,0
9486,,Germany,mobile,58,26,8,0,low,,0
9487,Cyber Security,India,,64,6,108,29,low,too fast pace for beginners,0
9488,AI,India,desktop,76,3,102,15,low,platform is good but i am losing interest,0
9489,Web Development,,,115,9,59,23,low,content is good but explanations are confusing,1
9490,Data Science,UK,mobile,49,0,38,22,,lectures are boring and repetitive,0
9491,Web Development,,desktop,29,16,32,20,,need more examples and practice,0
9492,Python,Canada,,118,4,33,24,medium,need more examples and practice,1
9493,Python,Germany,,82,16,61,0,,i was enjoying the course but now feeling lost,1
9494,,,mobile,7,2,84,2,low,i was enjoying the course but now feeling lost,0
9495,Web Development,USA,tablet,77,8,60,5,high,need more examples and practice,0
9496,,USA,tablet,122,2,92,16,,i was enjoying the course but now feeling lost,0
9497,Cyber Security,UK,desktop,69,2,26,29,medium,too fast pace for beginners,0
9498,Python,,mobile,90,28,16,27,,platform is good but i am losing interest,0
9499,Python,Canada,mobile,2,8,59,21,low,too fast pace for beginners,0
9500,Web Development,USA,tablet,161,4,41,1,medium,content is good but explanations are confusing,1
9501,Python,UK,tablet,176,27,46,25,low,i was enjoying the course but now feeling lost,1
9502,Cyber Security,,desktop,37,23,111,29,low,i was enjoying the course but now feeling lost,0
9503,Cyber Security,UK,tablet,89,9,86,4,,not enough support,0
9504,Cyber Security,Canada,desktop,127,14,52,10,,too fast pace for beginners,0
9505,Data Science,USA,,103,24,108,9,medium,lectures are boring and repetitive,0
9506,Cyber Security,USA,desktop,30,11,20,14,medium,great start but later became difficult,0
9507,Cyber Security,USA,desktop,41,5,7,17,medium,lectures are boring and repetitive,0
9508,Data Science,India,desktop,4,6,72,16,medium,lectures are boring and repetitive,1
9509,,USA,,83,6,96,13,high,platform is good but i am losing interest,1
9510,AI,Germany,tablet,111,22,57,27,medium,i stopped understanding after few lessons,0
9511,Python,India,desktop,167,3,67,29,,initially motivated but now skipping videos,0
9512,Cyber Security,,tablet,24,28,62,29,high,i was enjoying the course but now feeling lost,0
9513,Python,India,desktop,50,12,58,27,low,i stopped understanding after few lessons,0
9514,Web Development,India,tablet,37,14,81,12,low,not enough support,1
9515,Python,India,desktop,25,17,95,19,medium,lectures are boring and repetitive,0
9516,,UK,tablet,93,17,29,1,low,great start but later became difficult,0
9517,Data Science,Germany,mobile,125,6,24,24,high,,0
9518,Python,Canada,,31,9,96,11,,content is good but explanations are confusing,0
9519,Python,USA,desktop,92,15,98,26,,not enough support,0
9520,Python,India,,38,22,105,10,high,lectures are boring and repetitive,1
9521,AI,Canada,desktop,127,25,55,18,medium,too fast pace for beginners,1
9522,AI,UK,mobile,58,22,33,11,medium,great start but later became difficult,1
9523,Web Development,Canada,mobile,114,28,49,24,medium,platform is good but i am losing interest,0
9524,Data Science,India,,50,7,1,3,high,,0
9525,Python,,desktop,132,18,76,9,medium,i stopped understanding after few lessons,0
9526,Python,Germany,tablet,92,28,52,11,,need more examples and practice,1
9527,Python,Canada,desktop,159,10,40,6,high,not enough support,0
9528,Python,India,tablet,78,20,22,22,high,lectures are boring and repetitive,0
9529,AI,India,,142,5,60,5,low,too fast pace for beginners,0
9530,,USA,,129,28,86,7,low,too fast pace for beginners,1
9531,,,mobile,43,23,30,26,medium,too fast pace for beginners,1
9532,Web Development,USA,tablet,118,23,65,10,medium,i stopped understanding after few lessons,0
9533,Cyber Security,,desktop,59,9,1,5,,content is good but explanations are confusing,1
9534,Data Science,Germany,mobile,61,18,68,24,medium,initially motivated but now skipping videos,1
9535,,USA,,41,27,59,20,,need more examples and practice,0
9536,Python,Germany,mobile,18,13,77,26,medium,great start but later became difficult,0
9537,,UK,desktop,79,19,22,2,,platform is good but i am losing interest,1
9538,Web Development,UK,desktop,170,5,118,20,high,too fast pace for beginners,0
9539,Cyber Security,,,164,3,56,19,,i stopped understanding after few lessons,1
9540,,,mobile,168,25,34,18,medium,need more examples and practice,0
9541,Web Development,USA,tablet,30,19,109,0,low,not enough support,0
9542,AI,UK,tablet,102,14,0,23,medium,,0
9543,Cyber Security,Canada,tablet,11,4,104,3,high,too fast pace for beginners,1
9544,Web Development,Canada,desktop,124,15,47,27,low,i was enjoying the course but now feeling lost,0
9545,,Canada,mobile,153,25,48,18,,content is good but explanations are confusing,1
9546,AI,UK,tablet,173,6,39,27,low,not enough support,0
9547,Web Development,Canada,mobile,179,27,61,19,medium,not enough support,0
9548,Web Development,Germany,,171,1,14,16,low,need more examples and practice,0
9549,,India,tablet,66,12,29,27,low,great start but later became difficult,0
9550,Cyber Security,,mobile,99,1,20,21,medium,i stopped understanding after few lessons,0
9551,AI,USA,desktop,175,27,7,18,medium,need more examples and practice,1
9552,Python,Germany,,24,25,6,23,high,too fast pace for beginners,1
9553,Data Science,Canada,,77,29,104,26,low,i was enjoying the course but now feeling lost,0
9554,Cyber Security,India,,165,8,33,13,,i stopped understanding after few lessons,1
9555,AI,USA,,128,19,63,29,medium,lectures are boring and repetitive,0
9556,Web Development,Germany,desktop,94,4,41,29,low,lectures are boring and repetitive,1
9557,AI,USA,desktop,87,2,100,28,medium,i stopped understanding after few lessons,0
9558,Data Science,,tablet,124,1,111,9,high,need more examples and practice,0
9559,,UK,desktop,46,13,52,20,medium,platform is good but i am losing interest,0
9560,Data Science,Canada,desktop,156,25,95,8,medium,content is good but explanations are confusing,1
9561,Python,Germany,,93,7,96,24,high,too fast pace for beginners,0
9562,Python,Germany,desktop,15,19,69,15,medium,need more examples and practice,0
9563,Data Science,India,,173,29,105,14,high,i was enjoying the course but now feeling lost,1
9564,Cyber Security,India,mobile,58,11,9,26,low,i was enjoying the course but now feeling lost,0
9565,Cyber Security,India,mobile,72,16,89,15,low,great start but later became difficult,0
9566,Web Development,USA,mobile,98,28,57,17,low,not enough support,0
9567,Python,Canada,mobile,73,15,114,20,,great start but later became difficult,0
9568,Web Development,USA,mobile,81,5,108,22,medium,great start but later became difficult,0
9569,Python,Canada,mobile,169,5,89,22,high,initially motivated but now skipping videos,0
9570,Data Science,Germany,mobile,65,17,82,9,medium,great start but later became difficult,1
9571,Cyber Security,USA,,168,1,98,2,,platform is good but i am losing interest,0
9572,Cyber Security,USA,,5,7,108,6,medium,lectures are boring and repetitive,0
9573,Data Science,USA,,28,26,3,6,,lectures are boring and repetitive,0
9574,Web Development,UK,,38,22,88,19,medium,too fast pace for beginners,0
9575,Web Development,,desktop,81,13,7,10,,great start but later became difficult,0
9576,AI,Canada,desktop,87,1,11,22,high,lectures are boring and repetitive,1
9577,Python,Canada,tablet,146,25,117,23,medium,initially motivated but now skipping videos,0
9578,Web Development,USA,desktop,37,16,87,2,medium,too fast pace for beginners,1
9579,Data Science,UK,,155,26,87,17,high,too fast pace for beginners,0
9580,Web Development,USA,,25,23,80,24,high,lectures are boring and repetitive,0
9581,Cyber Security,Canada,mobile,83,15,24,27,low,lectures are boring and repetitive,0
9582,Python,,mobile,27,25,96,11,,initially motivated but now skipping videos,0
9583,,,tablet,77,17,26,22,high,too fast pace for beginners,0
9584,AI,Germany,desktop,135,20,1,16,low,content is good but explanations are confusing,1
9585,Python,UK,,90,5,72,25,,i stopped understanding after few lessons,1
9586,Cyber Security,,desktop,27,25,54,25,low,i stopped understanding after few lessons,1
9587,Cyber Security,UK,tablet,122,16,57,8,medium,not enough support,1
9588,Cyber Security,USA,mobile,59,17,32,4,,content is good but explanations are confusing,0
9589,Cyber Security,Germany,,72,13,82,17,medium,platform is good but i am losing interest,0
9590,Data Science,Canada,mobile,159,9,48,22,medium,,0
9591,AI,,,91,3,4,8,medium,,0
9592,,,mobile,68,17,46,12,medium,too fast pace for beginners,0
9593,Cyber Security,India,mobile,106,10,83,2,medium,i was enjoying the course but now feeling lost,0
9594,Cyber Security,Canada,tablet,4,21,23,3,medium,initially motivated but now skipping videos,1
9595,Web Development,,desktop,146,15,94,24,low,not enough support,0
9596,AI,,mobile,63,29,43,17,low,too fast pace for beginners,0
9597,Python,Canada,,87,3,67,19,,lectures are boring and repetitive,0
9598,AI,Germany,desktop,111,26,95,20,,i was enjoying the course but now feeling lost,1
9599,AI,UK,desktop,173,18,110,14,,not enough support,1
9600,,Canada,mobile,140,5,98,19,medium,i stopped understanding after few lessons,0
9601,AI,UK,mobile,136,24,13,22,medium,i was enjoying the course but now feeling lost,1
9602,,Germany,mobile,22,7,35,5,low,i was enjoying the course but now feeling lost,0
9603,Cyber Security,Germany,desktop,91,17,50,8,low,not enough support,0
9604,Cyber Security,USA,tablet,169,18,5,10,,need more examples and practice,1
9605,Data Science,India,mobile,116,17,16,28,high,not enough support,0
9606,,Germany,desktop,41,15,81,28,high,,1
9607,,Germany,desktop,81,25,71,12,medium,i stopped understanding after few lessons,1
9608,Python,UK,,123,6,50,3,medium,not enough support,1
9609,Web Development,Germany,mobile,57,24,51,26,medium,too fast pace for beginners,0
9610,AI,Canada,tablet,160,16,11,14,low,lectures are boring and repetitive,1
9611,Python,USA,,127,26,80,24,medium,,1
9612,,USA,mobile,95,2,94,16,medium,not enough support,1
9613,Python,Canada,,55,21,114,11,medium,platform is good but i am losing interest,0
9614,Data Science,,mobile,6,14,0,5,high,lectures are boring and repetitive,0
9615,Web Development,Germany,,167,3,10,6,high,i was enjoying the course but now feeling lost,0
9616,,India,tablet,9,25,105,24,,need more examples and practice,0
9617,,Germany,,32,15,15,16,medium,i was enjoying the course but now feeling lost,0
9618,AI,USA,,164,13,100,10,low,too fast pace for beginners,0
9619,Web Development,India,,128,25,112,11,high,platform is good but i am losing interest,0
9620,Data Science,,mobile,16,16,91,27,,i stopped understanding after few lessons,0
9621,Cyber Security,UK,mobile,140,8,8,12,medium,need more examples and practice,0
9622,Python,UK,tablet,41,6,118,0,high,platform is good but i am losing interest,1
9623,AI,Germany,,137,13,7,17,low,need more examples and practice,1
9624,,Germany,desktop,125,26,24,21,low,lectures are boring and repetitive,1
9625,Cyber Security,India,,17,27,73,18,low,platform is good but i am losing interest,1
9626,Data Science,India,desktop,110,22,39,10,low,,0
9627,Web Development,,desktop,133,11,66,29,medium,lectures are boring and repetitive,0
9628,Python,Germany,,26,16,118,21,,initially motivated but now skipping videos,0
9629,AI,USA,desktop,129,8,22,17,,need more examples and practice,1
9630,,UK,desktop,1,11,61,28,low,i stopped understanding after few lessons,1
9631,,,,35,11,22,9,medium,too fast pace for beginners,0
9632,Cyber Security,India,mobile,9,7,43,5,,i stopped understanding after few lessons,1
9633,Cyber Security,USA,,87,26,55,22,,platform is good but i am losing interest,1
9634,Python,Germany,tablet,38,27,67,21,,i stopped understanding after few lessons,0
9635,Web Development,Canada,desktop,4,9,117,1,low,great start but later became difficult,0
9636,Data Science,India,tablet,52,11,113,4,medium,i was enjoying the course but now feeling lost,1
9637,Web Development,,desktop,147,4,22,9,low,lectures are boring and repetitive,0
9638,Web Development,Canada,mobile,5,19,8,14,medium,need more examples and practice,0
9639,Web Development,USA,desktop,106,0,116,28,high,great start but later became difficult,0
9640,Python,UK,,48,8,3,13,medium,initially motivated but now skipping videos,0
9641,Python,USA,desktop,87,14,33,5,medium,i stopped understanding after few lessons,1
9642,Data Science,UK,tablet,38,23,102,13,low,content is good but explanations are confusing,0
9643,Web Development,USA,,52,28,81,23,low,i was enjoying the course but now feeling lost,1
9644,Python,India,tablet,87,1,33,24,high,i was enjoying the course but now feeling lost,1
9645,Data Science,India,mobile,46,3,97,20,low,initially motivated but now skipping videos,1
9646,,,tablet,93,3,41,13,medium,platform is good but i am losing interest,1
9647,Data Science,Canada,tablet,137,28,2,11,,great start but later became difficult,0
9648,Web Development,USA,tablet,50,22,82,22,low,content is good but explanations are confusing,0
9649,AI,USA,,66,2,33,3,,lectures are boring and repetitive,0
9650,Web Development,Canada,mobile,38,15,89,25,,not enough support,1
9651,AI,Germany,mobile,155,7,98,11,,great start but later became difficult,1
9652,Data Science,,mobile,105,26,104,20,low,need more examples and practice,0
9653,,USA,tablet,148,6,106,16,medium,,0
9654,,,,16,25,94,28,,platform is good but i am losing interest,0
9655,Python,USA,,79,11,42,18,high,too fast pace for beginners,0
9656,,USA,,13,11,90,15,low,content is good but explanations are confusing,0
9657,Cyber Security,Germany,tablet,114,3,66,17,,great start but later became difficult,1
9658,Data Science,India,mobile,102,14,36,5,,need more examples and practice,0
9659,Python,,tablet,148,24,11,8,low,platform is good but i am losing interest,0
9660,,Canada,,152,5,110,25,medium,not enough support,0
9661,Data Science,,tablet,178,2,86,18,high,initially motivated but now skipping videos,0
9662,Web Development,Germany,desktop,135,6,80,11,,platform is good but i am losing interest,0
9663,,UK,mobile,87,21,15,10,high,i was enjoying the course but now feeling lost,0
9664,AI,UK,mobile,88,23,61,27,low,platform is good but i am losing interest,0
9665,Data Science,Germany,,29,20,16,15,medium,not enough support,1
9666,Python,Germany,tablet,133,5,14,1,low,initially motivated but now skipping videos,0
9667,Web Development,India,,107,0,25,17,medium,content is good but explanations are confusing,1
9668,Cyber Security,,tablet,163,7,44,29,,lectures are boring and repetitive,1
9669,Web Development,,desktop,65,0,1,5,,i was enjoying the course but now feeling lost,0
9670,,UK,mobile,100,15,16,25,,great start but later became difficult,0
9671,AI,Canada,mobile,115,2,64,21,medium,great start but later became difficult,1
9672,Web Development,,tablet,87,27,93,4,low,not enough support,0
9673,Cyber Security,USA,mobile,74,1,95,8,,need more examples and practice,0
9674,Python,USA,tablet,135,5,29,12,medium,i was enjoying the course but now feeling lost,1
9675,Data Science,India,,172,7,105,6,,content is good but explanations are confusing,0
9676,AI,India,desktop,13,23,67,22,low,,0
9677,Cyber Security,UK,tablet,94,6,105,26,high,i was enjoying the course but now feeling lost,1
9678,,Canada,desktop,78,6,43,0,high,need more examples and practice,1
9679,,Canada,,124,23,95,9,low,need more examples and practice,1
9680,,Germany,,125,20,59,25,,too fast pace for beginners,0
9681,AI,India,,38,18,98,17,,not enough support,1
9682,Web Development,,tablet,13,17,0,11,high,content is good but explanations are confusing,0
9683,AI,USA,desktop,54,2,18,2,high,platform is good but i am losing interest,0
9684,,,desktop,106,10,32,4,high,initially motivated but now skipping videos,0
9685,Cyber Security,USA,mobile,44,10,82,13,high,platform is good but i am losing interest,0
9686,Data Science,UK,tablet,141,2,35,26,medium,content is good but explanations are confusing,1
9687,Data Science,USA,mobile,153,27,90,14,low,lectures are boring and repetitive,0
9688,AI,,mobile,24,22,76,11,,,0
9689,,,tablet,124,0,90,3,,i was enjoying the course but now feeling lost,0
9690,Python,Canada,mobile,29,22,109,23,low,great start but later became difficult,0
9691,AI,Canada,mobile,146,21,77,15,,i stopped understanding after few lessons,1
9692,,India,mobile,92,26,23,10,,great start but later became difficult,1
9693,Web Development,,,5,9,98,3,high,platform is good but i am losing interest,1
9694,Data Science,UK,tablet,146,29,82,5,,i was enjoying the course but now feeling lost,1
9695,Data Science,USA,,125,1,24,24,low,i was enjoying the course but now feeling lost,0
9696,Data Science,India,mobile,165,25,10,15,low,,1
9697,Python,Germany,mobile,71,16,8,1,low,great start but later became difficult,0
9698,,Germany,,99,8,5,12,,not enough support,0
9699,,USA,mobile,12,17,57,7,medium,,1
9700,,USA,tablet,52,19,99,11,high,content is good but explanations are confusing,0
9701,,USA,desktop,46,8,100,20,low,need more examples and practice,0
9702,Python,Canada,,104,24,28,25,medium,i stopped understanding after few lessons,0
9703,Cyber Security,USA,desktop,44,27,72,5,,great start but later became difficult,1
9704,AI,Germany,desktop,152,10,96,2,high,not enough support,0
9705,AI,USA,desktop,9,16,86,14,medium,content is good but explanations are confusing,1
9706,,,,140,13,78,7,,need more examples and practice,0
9707,Web Development,UK,mobile,100,17,10,29,,lectures are boring and repetitive,1
9708,Data Science,Germany,tablet,137,17,22,1,medium,i was enjoying the course but now feeling lost,0
9709,Python,UK,mobile,103,11,25,15,medium,platform is good but i am losing interest,0
9710,Web Development,Germany,tablet,110,17,0,12,low,,0
9711,Web Development,India,mobile,116,7,93,0,high,content is good but explanations are confusing,0
9712,,,desktop,22,28,80,10,high,i stopped understanding after few lessons,0
9713,Python,Germany,desktop,145,7,46,27,low,platform is good but i am losing interest,0
9714,AI,,tablet,161,25,109,0,high,need more examples and practice,1
9715,Data Science,Germany,,175,27,40,7,high,need more examples and practice,1
9716,AI,UK,mobile,88,7,22,1,,i stopped understanding after few lessons,0
9717,Web Development,UK,desktop,143,27,99,12,medium,i was enjoying the course but now feeling lost,0
9718,Data Science,Germany,tablet,33,19,104,28,low,not enough support,1
9719,Cyber Security,Germany,mobile,15,14,4,20,medium,i stopped understanding after few lessons,1
9720,Web Development,Canada,tablet,27,7,98,1,high,too fast pace for beginners,0
9721,AI,,,112,13,49,26,high,,1
9722,AI,,,82,12,8,3,low,too fast pace for beginners,0
9723,,,mobile,48,22,3,24,medium,i was enjoying the course but now feeling lost,0
9724,AI,,,8,7,70,1,,platform is good but i am losing interest,0
9725,Python,India,mobile,134,16,64,12,medium,too fast pace for beginners,1
9726,Web Development,India,mobile,118,18,79,3,medium,i stopped understanding after few lessons,1
9727,Data Science,USA,,84,25,56,28,low,i was enjoying the course but now feeling lost,1
9728,AI,Germany,tablet,2,5,24,25,,too fast pace for beginners,0
9729,,Germany,tablet,150,16,57,20,medium,i was enjoying the course but now feeling lost,0
9730,,Germany,mobile,118,3,5,25,medium,i stopped understanding after few lessons,0
9731,AI,Germany,desktop,21,24,101,14,high,not enough support,1
9732,Python,,mobile,134,6,13,28,high,great start but later became difficult,0
9733,,,tablet,123,16,62,25,,not enough support,0
9734,Data Science,India,mobile,96,28,117,20,medium,,1
9735,Web Development,UK,tablet,13,27,100,11,medium,need more examples and practice,1
9736,Cyber Security,Canada,,1,21,74,11,high,need more examples and practice,0
9737,Python,,mobile,150,21,64,4,,i was enjoying the course but now feeling lost,0
9738,,,mobile,117,27,51,28,low,,0
9739,Web Development,,,152,17,105,9,high,lectures are boring and repetitive,0
9740,Cyber Security,UK,,64,5,64,25,medium,need more examples and practice,0
9741,AI,UK,desktop,169,29,116,1,low,not enough support,0
9742,AI,India,,150,9,99,7,medium,not enough support,1
9743,Data Science,,desktop,61,17,7,26,medium,need more examples and practice,0
9744,Cyber Security,Canada,,108,23,95,4,medium,platform is good but i am losing interest,0
9745,AI,Germany,tablet,12,6,96,21,,need more examples and practice,0
9746,AI,,mobile,90,13,7,7,low,initially motivated but now skipping videos,0
9747,,India,,132,21,13,23,medium,i was enjoying the course but now feeling lost,0
9748,Data Science,India,tablet,83,13,23,12,,platform is good but i am losing interest,0
9749,Web Development,Canada,,128,9,63,28,low,not enough support,0
9750,AI,USA,mobile,140,21,112,12,high,not enough support,1
9751,Python,India,,33,24,104,25,,not enough support,0
9752,Python,UK,,149,8,92,22,low,not enough support,0
9753,Web Development,UK,mobile,128,25,24,14,medium,initially motivated but now skipping videos,0
9754,Cyber Security,Germany,,100,9,5,14,medium,great start but later became difficult,0
9755,Data Science,India,mobile,106,1,0,23,,great start but later became difficult,0
9756,,Germany,desktop,72,2,118,25,high,,1
9757,Python,India,,74,15,86,10,,i stopped understanding after few lessons,0
9758,Python,Canada,tablet,96,9,104,22,high,need more examples and practice,0
9759,Web Development,,,92,22,32,9,high,,0
9760,Cyber Security,India,mobile,74,10,13,5,,not enough support,0
9761,Cyber Security,USA,mobile,72,9,62,4,,platform is good but i am losing interest,0
9762,Web Development,UK,tablet,175,11,55,4,,i stopped understanding after few lessons,0
9763,Python,Canada,tablet,59,28,61,7,low,content is good but explanations are confusing,0
9764,Data Science,,mobile,175,13,27,0,low,not enough support,0
9765,Python,,desktop,56,29,28,1,,i stopped understanding after few lessons,0
9766,Cyber Security,UK,desktop,13,8,106,16,low,content is good but explanations are confusing,1
9767,,,mobile,172,27,103,28,low,i was enjoying the course but now feeling lost,1
9768,Python,Germany,desktop,35,12,22,25,high,i was enjoying the course but now feeling lost,1
9769,Data Science,Canada,tablet,119,29,43,6,medium,,0
9770,AI,USA,desktop,115,5,37,28,medium,i stopped understanding after few lessons,1
9771,Python,UK,tablet,157,10,48,24,low,platform is good but i am losing interest,0
9772,Web Development,India,,56,0,42,22,high,platform is good but i am losing interest,0
9773,AI,India,tablet,133,26,9,8,,great start but later became difficult,0
9774,Web Development,India,,53,14,26,3,high,initially motivated but now skipping videos,1
9775,Web Development,Canada,tablet,101,6,7,6,high,lectures are boring and repetitive,0
9776,Web Development,USA,tablet,120,10,107,27,medium,i was enjoying the course but now feeling lost,1
9777,Python,,desktop,60,16,116,9,,too fast pace for beginners,1
9778,Cyber Security,USA,tablet,105,4,67,15,medium,i was enjoying the course but now feeling lost,0
9779,AI,USA,mobile,134,8,84,9,low,not enough support,0
9780,Data Science,UK,,176,25,84,6,medium,initially motivated but now skipping videos,0
9781,Cyber Security,Canada,,106,15,29,25,high,i stopped understanding after few lessons,0
9782,Python,India,tablet,80,10,12,25,,too fast pace for beginners,1
9783,Web Development,UK,mobile,163,25,57,1,,lectures are boring and repetitive,0
9784,Data Science,,tablet,146,24,2,1,,lectures are boring and repetitive,1
9785,AI,USA,tablet,11,16,83,7,medium,platform is good but i am losing interest,1
9786,Cyber Security,India,desktop,51,5,99,13,medium,i stopped understanding after few lessons,0
9787,,Canada,tablet,121,14,103,17,medium,platform is good but i am losing interest,1
9788,Cyber Security,Germany,tablet,23,28,4,0,low,i stopped understanding after few lessons,0
9789,Data Science,USA,desktop,47,2,21,16,medium,need more examples and practice,1
9790,Python,USA,desktop,75,27,57,16,low,need more examples and practice,0
9791,AI,USA,mobile,93,8,65,21,medium,content is good but explanations are confusing,1
9792,Data Science,USA,desktop,127,29,88,4,low,not enough support,0
9793,Web Development,India,,56,11,39,15,high,need more examples and practice,1
9794,AI,Canada,,155,18,87,6,high,content is good but explanations are confusing,1
9795,Cyber Security,UK,mobile,73,17,4,14,,,1
9796,Data Science,India,tablet,163,15,15,18,high,need more examples and practice,0
9797,Cyber Security,Canada,mobile,137,7,116,20,,lectures are boring and repetitive,0
9798,Cyber Security,UK,desktop,18,18,14,1,low,too fast pace for beginners,1
9799,Cyber Security,USA,tablet,44,4,114,26,,,1
9800,Python,Canada,mobile,149,11,76,15,high,great start but later became difficult,0
9801,Cyber Security,USA,mobile,56,5,74,24,low,lectures are boring and repetitive,0
9802,Web Development,Canada,,176,11,79,8,,too fast pace for beginners,1
9803,Web Development,,mobile,100,25,17,19,low,initially motivated but now skipping videos,0
9804,AI,Germany,tablet,1,14,88,17,low,i stopped understanding after few lessons,1
9805,,USA,mobile,155,29,46,9,high,lectures are boring and repetitive,0
9806,Cyber Security,USA,mobile,45,9,101,23,low,i was enjoying the course but now feeling lost,1
9807,Cyber Security,USA,desktop,63,16,103,19,medium,i was enjoying the course but now feeling lost,1
9808,Data Science,,mobile,58,6,3,20,high,need more examples and practice,0
9809,Python,India,tablet,168,26,52,3,,need more examples and practice,1
9810,,UK,,63,6,57,29,medium,platform is good but i am losing interest,1
9811,AI,USA,,38,20,111,1,high,need more examples and practice,1
9812,,USA,,29,24,84,29,low,content is good but explanations are confusing,0
9813,Cyber Security,India,,40,10,74,13,,,1
9814,Data Science,India,desktop,147,1,57,21,low,initially motivated but now skipping videos,0
9815,Python,Germany,tablet,88,20,115,0,low,need more examples and practice,0
9816,AI,Canada,desktop,56,1,58,27,,platform is good but i am losing interest,1
9817,,USA,,44,13,33,7,,lectures are boring and repetitive,0
9818,AI,Canada,desktop,100,17,29,10,high,i stopped understanding after few lessons,0
9819,Cyber Security,India,mobile,141,15,53,0,high,platform is good but i am losing interest,1
9820,AI,India,tablet,158,27,67,4,low,i stopped understanding after few lessons,0
9821,Data Science,Germany,mobile,49,10,77,24,high,lectures are boring and repetitive,1
9822,AI,UK,desktop,115,8,74,12,medium,initially motivated but now skipping videos,0
9823,Web Development,,mobile,75,6,67,16,,i was enjoying the course but now feeling lost,1
9824,Data Science,,desktop,163,3,25,9,low,i stopped understanding after few lessons,0
9825,,,desktop,139,15,2,22,medium,not enough support,0
9826,Python,India,tablet,49,13,119,29,medium,too fast pace for beginners,0
9827,Python,USA,tablet,107,10,117,6,,need more examples and practice,0
9828,Cyber Security,Germany,tablet,111,29,56,12,high,great start but later became difficult,1
9829,Cyber Security,UK,,115,7,36,20,medium,not enough support,1
9830,Web Development,,tablet,168,10,37,3,low,i was enjoying the course but now feeling lost,0
9831,,Germany,mobile,21,26,40,24,medium,,0
9832,Python,India,tablet,47,28,3,20,,need more examples and practice,0
9833,Python,,tablet,3,19,25,12,high,great start but later became difficult,0
9834,Python,UK,tablet,158,16,38,0,high,content is good but explanations are confusing,0
9835,Python,Canada,desktop,127,27,108,24,low,not enough support,0
9836,AI,UK,desktop,67,29,105,10,low,i stopped understanding after few lessons,1
9837,,USA,tablet,62,25,107,27,low,content is good but explanations are confusing,1
9838,Data Science,,desktop,165,29,41,20,low,platform is good but i am losing interest,0
9839,Data Science,,desktop,150,18,10,8,low,need more examples and practice,0
9840,Web Development,Canada,,31,9,10,12,medium,i was enjoying the course but now feeling lost,1
9841,AI,Canada,mobile,46,11,53,10,medium,i was enjoying the course but now feeling lost,1
9842,Python,,desktop,45,0,101,26,,need more examples and practice,0
9843,Python,USA,mobile,14,1,37,7,high,initially motivated but now skipping videos,1
9844,Cyber Security,Canada,desktop,121,17,19,28,medium,i was enjoying the course but now feeling lost,0
9845,Cyber Security,India,tablet,140,6,25,27,low,,0
9846,Web Development,,desktop,119,15,101,25,,i stopped understanding after few lessons,0
9847,Python,UK,desktop,77,12,75,6,low,content is good but explanations are confusing,1
9848,Web Development,UK,mobile,88,3,118,28,high,platform is good but i am losing interest,0
9849,AI,USA,tablet,166,9,92,26,low,not enough support,0
9850,Data Science,India,,117,27,13,27,,lectures are boring and repetitive,0
9851,Python,Canada,mobile,175,8,49,21,,,0
9852,,,tablet,124,17,24,24,,platform is good but i am losing interest,1
9853,AI,UK,tablet,54,8,54,29,high,i was enjoying the course but now feeling lost,1
9854,Python,UK,mobile,48,21,50,27,medium,i was enjoying the course but now feeling lost,1
9855,,UK,desktop,101,9,105,19,medium,,1
9856,Cyber Security,UK,tablet,15,7,105,14,,i stopped understanding after few lessons,1
9857,Web Development,Germany,,113,22,102,14,medium,content is good but explanations are confusing,1
9858,Cyber Security,USA,desktop,16,10,89,20,high,i was enjoying the course but now feeling lost,0
9859,Data Science,Canada,mobile,171,12,9,11,low,lectures are boring and repetitive,0
9860,Cyber Security,,mobile,135,23,13,16,high,need more examples and practice,0
9861,Python,,mobile,43,12,4,22,medium,i was enjoying the course but now feeling lost,0
9862,,,mobile,28,15,56,5,high,,1
9863,Cyber Security,Canada,,66,12,21,12,low,,0
9864,Python,USA,,98,24,74,15,high,not enough support,0
9865,Data Science,India,tablet,60,11,28,26,medium,not enough support,1
9866,,USA,,128,14,6,22,low,lectures are boring and repetitive,1
9867,Cyber Security,UK,mobile,131,28,115,0,medium,i was enjoying the course but now feeling lost,1
9868,Web Development,UK,,129,15,17,12,low,need more examples and practice,1
9869,Web Development,USA,desktop,159,7,30,6,,lectures are boring and repetitive,0
9870,,USA,desktop,56,5,42,12,low,i was enjoying the course but now feeling lost,0
9871,Web Development,Canada,tablet,84,23,83,6,medium,platform is good but i am losing interest,0
9872,Cyber Security,Canada,mobile,174,7,34,7,,i was enjoying the course but now feeling lost,0
9873,Cyber Security,Germany,,32,1,70,17,,platform is good but i am losing interest,0
9874,,,tablet,81,17,93,16,medium,too fast pace for beginners,1
9875,Cyber Security,Germany,tablet,18,10,3,15,medium,need more examples and practice,0
9876,Python,,,35,16,50,27,high,need more examples and practice,0
9877,Data Science,UK,tablet,104,9,93,16,medium,great start but later became difficult,0
9878,Web Development,Germany,mobile,100,1,29,7,low,content is good but explanations are confusing,1
9879,Python,Germany,,23,22,93,6,,too fast pace for beginners,0
9880,,India,desktop,141,26,52,24,high,initially motivated but now skipping videos,0
9881,Web Development,USA,desktop,142,18,81,17,high,initially motivated but now skipping videos,0
9882,Python,Canada,,165,19,106,3,high,content is good but explanations are confusing,1
9883,Cyber Security,Germany,tablet,5,19,109,23,,i was enjoying the course but now feeling lost,1
9884,,Canada,tablet,150,19,73,21,high,initially motivated but now skipping videos,0
9885,,,desktop,28,1,13,1,,initially motivated but now skipping videos,0
9886,Web Development,Germany,desktop,132,26,35,15,,too fast pace for beginners,1
9887,Cyber Security,,mobile,50,5,86,25,high,need more examples and practice,1
9888,Web Development,Germany,tablet,102,16,11,17,,lectures are boring and repetitive,1
9889,AI,UK,mobile,29,11,75,22,high,content is good but explanations are confusing,0
9890,Python,India,desktop,37,29,33,24,medium,content is good but explanations are confusing,1
9891,AI,,desktop,163,4,25,7,low,i stopped understanding after few lessons,0
9892,Python,USA,desktop,148,1,5,13,medium,lectures are boring and repetitive,0
9893,Data Science,USA,desktop,163,8,100,17,low,platform is good but i am losing interest,0
9894,,UK,mobile,130,1,114,18,,need more examples and practice,0
9895,Web Development,UK,desktop,116,21,52,23,,need more examples and practice,1
9896,Data Science,USA,,58,19,14,3,high,content is good but explanations are confusing,0
9897,Data Science,,tablet,146,13,105,21,medium,,0
9898,,USA,desktop,106,21,102,27,medium,i stopped understanding after few lessons,0
9899,,India,tablet,56,14,18,13,,lectures are boring and repetitive,1
9900,Python,Germany,desktop,122,1,103,1,medium,lectures are boring and repetitive,0
9901,AI,India,mobile,103,27,46,29,low,not enough support,0
9902,Cyber Security,USA,tablet,123,17,86,16,,lectures are boring and repetitive,0
9903,Python,Germany,mobile,22,11,99,5,high,need more examples and practice,1
9904,Cyber Security,USA,desktop,60,6,76,7,high,need more examples and practice,0
9905,Data Science,India,,138,15,94,28,,great start but later became difficult,0
9906,Cyber Security,India,,84,18,60,15,,initially motivated but now skipping videos,0
9907,AI,,,128,2,100,20,high,lectures are boring and repetitive,1
9908,Python,,,80,14,89,0,low,lectures are boring and repetitive,1
9909,,India,,134,14,106,25,medium,too fast pace for beginners,0
9910,AI,Germany,mobile,81,6,111,17,,,0
9911,AI,,,6,7,51,2,,too fast pace for beginners,0
9912,Python,,desktop,86,6,17,28,low,great start but later became difficult,1
9913,,Canada,mobile,82,2,59,28,high,lectures are boring and repetitive,0
9914,AI,Canada,mobile,156,18,46,27,,initially motivated but now skipping videos,0
9915,,,,42,22,56,17,low,,0
9916,Web Development,USA,tablet,74,18,32,24,,lectures are boring and repetitive,1
9917,Web Development,Germany,desktop,41,28,103,9,low,lectures are boring and repetitive,1
9918,Web Development,UK,mobile,63,17,31,1,low,i stopped understanding after few lessons,0
9919,Cyber Security,,desktop,22,29,3,18,high,,1
9920,AI,Canada,tablet,79,6,40,29,medium,initially motivated but now skipping videos,1
9921,Python,Germany,mobile,157,18,18,29,high,great start but later became difficult,1
9922,Python,Germany,desktop,71,4,6,24,low,,0
9923,Cyber Security,Canada,,114,22,110,10,medium,,0
9924,Python,Germany,mobile,34,12,98,18,medium,i was enjoying the course but now feeling lost,1
9925,Web Development,Germany,mobile,96,1,25,23,high,not enough support,0
9926,AI,Canada,mobile,130,23,107,23,high,lectures are boring and repetitive,0
9927,Python,India,mobile,154,17,86,26,,initially motivated but now skipping videos,0
9928,Python,,,109,3,97,29,medium,lectures are boring and repetitive,1
9929,Data Science,USA,tablet,75,3,50,2,low,i was enjoying the course but now feeling lost,1
9930,Data Science,UK,tablet,19,7,55,9,,i stopped understanding after few lessons,1
9931,Data Science,USA,desktop,125,10,70,15,,need more examples and practice,1
9932,AI,India,,20,0,74,29,,i stopped understanding after few lessons,0
9933,Web Development,India,,161,27,50,29,,not enough support,0
9934,,Germany,desktop,116,8,7,27,high,need more examples and practice,0
9935,Web Development,USA,,94,5,12,25,medium,,0
9936,Web Development,India,,82,3,31,2,,need more examples and practice,1
9937,AI,USA,mobile,96,5,104,23,medium,content is good but explanations are confusing,0
9938,AI,India,mobile,104,12,33,18,low,lectures are boring and repetitive,0
9939,Data Science,UK,mobile,4,28,17,19,medium,great start but later became difficult,0
9940,Python,India,,160,21,78,20,high,great start but later became difficult,0
9941,Cyber Security,USA,,147,28,54,6,medium,i was enjoying the course but now feeling lost,0
9942,Cyber Security,Germany,tablet,131,29,42,16,low,i stopped understanding after few lessons,0
9943,,USA,mobile,92,8,23,7,low,great start but later became difficult,0
9944,Python,Canada,desktop,61,26,110,2,,lectures are boring and repetitive,0
9945,,USA,,38,13,20,6,low,too fast pace for beginners,0
9946,Data Science,UK,mobile,118,11,17,26,,not enough support,0
9947,,,tablet,134,3,13,9,high,not enough support,0
9948,Python,UK,mobile,56,7,52,26,high,i was enjoying the course but now feeling lost,0
9949,Python,UK,tablet,168,16,18,18,high,initially motivated but now skipping videos,0
9950,Cyber Security,India,tablet,121,21,76,24,medium,,1
9951,Data Science,UK,,81,4,56,14,low,need more examples and practice,0
9952,AI,USA,tablet,106,2,63,25,low,too fast pace for beginners,1
9953,,,tablet,120,3,79,14,low,initially motivated but now skipping videos,0
9954,Cyber Security,Germany,desktop,69,7,1,4,,platform is good but i am losing interest,0
9955,,UK,tablet,83,15,56,2,,need more examples and practice,0
9956,,USA,desktop,42,10,33,2,high,,0
9957,AI,India,desktop,99,26,48,28,low,platform is good but i am losing interest,0
9958,Data Science,India,mobile,130,25,89,3,medium,initially motivated but now skipping videos,0
9959,Python,Germany,mobile,28,26,53,14,medium,too fast pace for beginners,1
9960,Web Development,Germany,,117,29,21,15,high,,1
9961,,USA,,145,1,83,4,,platform is good but i am losing interest,0
9962,Web Development,Germany,,70,7,92,20,,i stopped understanding after few lessons,0
9963,Data Science,Germany,tablet,107,6,81,7,,i was enjoying the course but now feeling lost,0
9964,Web Development,India,mobile,123,0,92,9,high,,0
9965,,USA,tablet,69,28,105,21,high,content is good but explanations are confusing,0
9966,AI,,mobile,39,1,43,20,low,need more examples and practice,0
9967,Web Development,Germany,tablet,135,22,90,1,low,content is good but explanations are confusing,0
9968,Data Science,USA,,160,26,34,13,low,lectures are boring and repetitive,0
9969,Data Science,UK,mobile,4,12,28,4,medium,initially motivated but now skipping videos,0
9970,AI,India,mobile,149,10,5,6,medium,platform is good but i am losing interest,0
9971,Web Development,,desktop,160,2,115,10,low,need more examples and practice,0
9972,Web Development,India,mobile,82,1,36,2,medium,i was enjoying the course but now feeling lost,0
9973,Python,India,mobile,97,15,88,29,medium,too fast pace for beginners,0
9974,Cyber Security,Canada,tablet,142,0,84,11,,initially motivated but now skipping videos,0
9975,Data Science,USA,,70,6,57,13,,need more examples and practice,0
9976,Python,UK,desktop,46,2,63,22,high,great start but later became difficult,0
9977,Data Science,Germany,tablet,148,21,30,28,,content is good but explanations are confusing,0
9978,Python,UK,mobile,99,15,103,0,low,great start but later became difficult,0
9979,Cyber Security,USA,tablet,80,25,49,28,,initially motivated but now skipping videos,0
9980,Python,India,,48,23,79,21,medium,lectures are boring and repetitive,0
9981,Data Science,Canada,desktop,7,5,59,15,medium,need more examples and practice,0
9982,Web Development,USA,tablet,40,13,13,14,low,initially motivated but now skipping videos,0
9983,Data Science,,mobile,59,22,69,0,low,platform is good but i am losing interest,0
9984,,,tablet,36,10,10,22,,i was enjoying the course but now feeling lost,1
9985,AI,USA,mobile,172,21,26,21,,initially motivated but now skipping videos,1
9986,AI,Germany,desktop,108,22,101,12,,i was enjoying the course but now feeling lost,0
9987,,UK,desktop,31,20,68,25,high,i was enjoying the course but now feeling lost,0
9988,AI,UK,tablet,170,24,78,26,high,i was enjoying the course but now feeling lost,0
9989,AI,Germany,desktop,44,18,37,14,low,initially motivated but now skipping videos,0
9990,Cyber Security,Canada,,171,21,61,16,,platform is good but i am losing interest,0
9991,Web Development,India,tablet,43,24,52,8,medium,content is good but explanations are confusing,0
9992,Web Development,India,mobile,175,0,79,4,high,lectures are boring and repetitive,0
9993,Data Science,,tablet,134,20,17,26,low,initially motivated but now skipping videos,1
9994,,Canada,mobile,93,12,116,22,high,great start but later became difficult,1
9995,Python,Germany,desktop,86,19,96,11,,great start but later became difficult,1
9996,Data Science,USA,mobile,9,8,98,16,medium,too fast pace for beginners,1
9997,Data Science,UK,mobile,11,26,118,10,medium,lectures are boring and repetitive,0
9998,Data Science,USA,mobile,80,28,51,10,low,too fast pace for beginners,1
9999,Data Science,UK,mobile,109,10,23,23,high,content is good but explanations are confusing,0
10000,Web Development,USA,,118,0,98,7,,initially motivated but now skipping videos,1
